number,state,loss,mamba_expand,depth_tier,d_state,ska_n_heads,ska_rank,n_ska_layers,placement,ska_ridge,ska_layerscale_init,norm_clip_multiplier,gamma_value,ska_power_K,beta_policy,learning_rate,weight_decay,warmup_ratio,grad_clip,n_layers,d_inner,param_count,ska_delta,per_device_batch_size,tokens_per_sec,worker_id,peak_memory_gib,failure_kind
0,COMPLETE,4.450968623161316,3,full,8,1,8,4,late,0.005164816016538545,0.2619410604326627,1.25,0.9,1,learned,0.002694709607015308,0.0,0.06,0.5,11,192,2931776,0.020479917526245117,24,123952.28390435832,0,4.493093967437744,
1,COMPLETE,4.765260934829712,2,lean,8,8,32,2,even,0.02787856752005809,0.010683581653918382,0.75,1.0,2,learned,0.0015291228138939784,0.15,0.01,0.5,12,128,2898992,0.020945489406585693,24,304791.7997253068,7,4.492724418640137,
2,COMPLETE,4.318740367889404,3,full,32,1,24,4,midlate,0.016298649450717333,0.12909734525538646,1.25,0.9,2,learned,0.0046990226919781854,0.0,0.01,1.0,11,192,2976400,0.023612558841705322,24,131812.70395399563,2,4.493578910827637,
3,COMPLETE,4.552704870700836,3,full,16,2,16,2,midlate,0.014453851537742347,0.21797538765535132,1.0,0.9,2,one,0.0021495555856769007,0.0,0.02,0.5,11,192,2931116,0.008455038070678711,24,70785.78457348459,4,4.493053913116455,
4,COMPLETE,4.414880812168121,1,lean,24,4,32,3,late,0.017054589878702026,0.18219719180424548,1.0,1.05,1,linear,0.0033984774725454654,0.05,0.01,0.5,15,64,2921616,0.10904628038406372,24,236926.26763930987,6,4.493022441864014,
5,COMPLETE,4.625857293605804,2,lean,32,4,32,3,even,0.025366164506590218,0.02997247674787111,0.8164965809277261,1.0,2,linear,0.0018854712657013386,0.1,0.04,1.0,12,128,2930412,0.0232236385345459,24,305049.7695507229,1,4.493068218231201,
6,COMPLETE,4.412088751792908,2,full,24,4,16,3,midlate,0.020047989036287694,0.06784128875584286,1.25,1.05,1,learned,0.0034117478840903354,0.15,0.06,1.0,13,128,2958772,0.046474337577819824,24,357610.965376556,5,4.493409156799316,
7,COMPLETE,4.418130576610565,3,lean,16,8,24,6,late,0.006605390015965444,0.0116529975569647,0.8164965809277261,1.0,2,head_scalar,0.003130753223048202,0.05,0.01,1.0,10,192,3025688,0.02850431203842163,24,189894.62058598263,3,4.4941301345825195,
8,COMPLETE,4.713413178920746,2,lean,16,2,16,2,midlate,0.0055537402022251955,0.09000702530259014,1.0,1.0,1,one,0.0016937361062136053,0.05,0.02,0.5,12,128,2853856,0.016142666339874268,24,515959.11590523156,0,4.492204666137695,
9,COMPLETE,4.626318156719208,2,full,16,1,8,6,even,0.01146051193430312,0.2691669467255838,0.75,0.9,2,linear,0.0019049755328313905,0.0,0.06,1.0,13,128,2950558,0.019864022731781006,24,370309.33927767933,4,4.493337631225586,
10,COMPLETE,4.605879962444305,1,lean,16,8,8,6,even,0.0036658080509350544,0.24308740371993673,1.25,0.9,2,head_scalar,0.0022184998305962663,0.05,0.06,0.5,15,64,2929284,0.01613032817840576,24,333848.18214102666,2,4.493119716644287,
11,COMPLETE,4.586810648441315,3,lean,24,1,16,3,midlate,0.008323055092861457,0.1460218370952145,0.8164965809277261,1.05,2,learned,0.0020041165751165262,0.0,0.01,1.0,10,192,2870603,0.010756611824035645,24,527591.3495651996,5,4.492384910583496,
12,COMPLETE,4.556216537952423,3,lean,24,2,16,3,late,0.023127819061629244,0.16279018352272737,1.25,1.05,1,learned,0.0021740674324120485,0.0,0.01,0.5,10,192,2876942,0.035980939865112305,24,545296.7406739291,0,4.492453575134277,
13,COMPLETE,4.355749785900116,2,lean,16,2,16,2,even,0.01765147096037899,0.29241536199788326,0.75,1.0,1,learned,0.004581252795211304,0.05,0.01,1.0,12,128,2854116,0.049082159996032715,24,550939.9675248668,4,4.492212295532227,
14,COMPLETE,4.377855062484741,3,lean,24,4,24,3,midlate,0.0042977965035071305,0.005514393192583889,0.8164965809277261,0.9,1,linear,0.0030207104081581403,0.1,0.06,0.5,10,192,2901908,0.07192033529281616,24,427404.2297253032,5,4.492732524871826,
15,COMPLETE,4.4391770362854,3,full,24,8,8,6,even,0.011102341596793013,0.02121900324689482,1.25,1.05,1,head_scalar,0.002949720525281823,0.0,0.01,0.5,11,192,3017548,0.01616615056991577,24,378043.09534860053,6,4.494057655334473,
16,COMPLETE,4.807741820812225,1,full,16,8,24,6,even,0.006957325025960543,0.029276778734029143,0.8164965809277261,1.0,1,one,0.0015414229658645927,0.0,0.01,1.0,16,64,3079680,0.043992578983306885,24,183806.70745169086,1,4.494802474975586,
17,COMPLETE,4.617214739322662,3,full,16,2,24,2,late,0.025382888827848542,0.07530487827850674,0.75,1.0,2,learned,0.001813215035031031,0.1,0.04,1.0,11,192,2935472,0.01664137840270996,24,549717.7001274579,7,4.493107318878174,
18,COMPLETE,4.388808727264404,3,full,32,8,8,3,midlate,0.005938164030373071,0.1843741150037907,1.0,1.0,2,one,0.0035004529514394956,0.0,0.01,0.5,11,192,2980108,0.0063517093658447266,24,487049.7784161784,0,4.493602752685547,
19,COMPLETE,4.802019834518433,1,lean,8,2,8,2,midlate,0.007111877075235377,0.1260633801044074,0.8164965809277261,0.9,2,learned,0.001530131170267512,0.05,0.06,0.5,15,64,2834600,0.011999130249023438,24,454610.1520847483,4,4.4920477867126465,
20,COMPLETE,4.372253179550171,1,full,16,4,24,2,late,0.029755258054515985,0.008452196547787862,1.25,1.0,2,linear,0.004967355007300705,0.0,0.06,1.0,16,64,2924040,0.031108975410461426,24,401843.6103981919,2,4.493046760559082,
21,COMPLETE,4.762890875339508,1,lean,24,4,16,4,midlate,0.02164730882842408,0.11346125444422121,0.75,1.05,1,head_scalar,0.0015692954806558175,0.05,0.06,1.0,15,64,2912788,0.034739792346954346,24,403407.2088023904,4,4.492929458618164,
22,COMPLETE,4.569258868694305,3,lean,32,8,16,4,even,0.010802983653779966,0.1683146906828675,1.0,0.9,1,head_scalar,0.0018857804796485838,0.1,0.04,1.0,10,192,2949192,0.041151225566864014,24,384532.1083920258,7,4.493257522583008,
23,COMPLETE,4.448999643325806,3,lean,32,1,16,3,late,0.006522642010982404,0.010357828113952928,1.25,1.05,2,linear,0.002808465284936677,0.1,0.02,1.0,10,192,2881643,0.013795435428619385,24,514122.978494503,5,4.492499351501465,
24,COMPLETE,4.377598345279694,2,lean,8,1,24,2,even,0.005204501325212936,0.009838393743516203,0.8164965809277261,0.9,1,head_scalar,0.0036159811741448148,0.1,0.06,1.0,12,128,2838562,0.029491007328033447,24,533454.8560338871,0,4.492048263549805,
25,COMPLETE,4.670452952384949,2,full,32,8,16,2,late,0.00472892978420098,0.11019477881378555,0.75,1.0,1,linear,0.0017177914448874253,0.15,0.02,1.0,13,128,2973256,0.03054589033126831,24,495182.717011587,6,4.493551731109619,
26,COMPLETE,4.808619499206543,1,lean,32,2,32,4,late,0.006315982264388461,0.1494872735458799,1.0,1.05,2,one,0.001514354211650433,0.05,0.02,0.5,15,64,2929332,0.013873457908630371,24,342104.3831346034,2,4.493093490600586,
27,COMPLETE,4.279840409755707,3,lean,24,1,24,4,midlate,0.011762828083430207,0.010820196737903374,1.0,0.9,1,head_scalar,0.0049419345920228815,0.15,0.04,1.0,10,192,2884876,0.050039589405059814,24,420737.930086685,3,4.492547988891602,
28,COMPLETE,4.512255609035492,3,full,8,1,24,2,midlate,0.00586433799825004,0.06485899269429256,0.75,1.05,1,learned,0.0022443386310518404,0.15,0.06,0.5,11,192,2917054,0.018775582313537598,24,529165.6265806621,5,4.492912769317627,
29,COMPLETE,4.721492767333984,3,full,24,4,8,6,even,0.00422296533419485,0.04129764090990971,0.8164965809277261,1.05,2,one,0.0015380589446876286,0.1,0.02,0.5,11,192,2992924,0.013497471809387207,24,391013.65449196857,0,4.493771553039551,
30,COMPLETE,4.381935894489288,1,lean,24,8,24,2,late,0.0034406545709243256,0.04371848850118691,0.8164965809277261,1.05,1,learned,0.004173440666028374,0.05,0.06,0.5,15,64,2913556,0.06636041402816772,24,358330.1268452421,4,4.492924690246582,
31,COMPLETE,4.2913402915000916,3,lean,32,8,24,3,midlate,0.004174131096501721,0.005449057789304044,0.8164965809277261,1.0,1,one,0.005300289343111851,0.15,0.01,1.0,10,192,2949032,0.04083937406539917,24,322411.71020258794,6,4.493243217468262,
32,COMPLETE,4.72709983587265,1,lean,16,8,8,4,midlate,0.010711987686376023,0.010856360843100016,1.25,0.9,2,learned,0.0018012899817786512,0.1,0.01,1.0,15,64,2898292,0.023349344730377197,24,381938.25545372185,5,4.492761135101318,
33,COMPLETE,4.334576785564423,3,full,24,2,8,4,midlate,0.00477694818765026,0.14331577886408178,1.0,0.9,1,learned,0.00414179010743976,0.1,0.02,0.5,11,192,2960420,0.014214634895324707,24,460049.7860136302,7,4.493407249450684,
34,COMPLETE,4.668263852596283,2,full,8,2,16,3,late,0.003529308783557798,0.11224176026040958,1.25,1.0,1,learned,0.0016907487421677634,0.0,0.06,0.5,13,128,2917390,0.028989195823669434,24,479681.39709899435,3,4.492951393127441,
35,COMPLETE,4.689874887466431,3,lean,8,2,8,6,even,0.01554745784681917,0.03226359432141338,0.75,1.0,1,linear,0.0016711800983492124,0.15,0.01,0.5,10,192,2880212,0.027117550373077393,24,438058.95696297206,0,4.49251651763916,
36,COMPLETE,4.3712809681892395,1,lean,24,1,16,3,midlate,0.02395152977319701,0.012556026939755022,1.25,0.9,1,head_scalar,0.00481686593864028,0.0,0.06,0.5,15,64,2877831,0.027762770652770996,24,473382.2200362341,2,4.492531776428223,
37,COMPLETE,4.424784481525421,1,full,24,1,16,4,even,0.009696195811435139,0.06322989068836461,0.75,0.9,1,linear,0.00355026390485275,0.1,0.04,0.5,16,64,2941700,0.049970269203186035,24,365940.16543049685,1,4.4932708740234375,
38,COMPLETE,4.487615525722504,1,lean,32,2,24,3,midlate,0.007028849192778098,0.12830016282340811,0.8164965809277261,0.9,2,head_scalar,0.002756678393628249,0.15,0.04,1.0,15,64,2906682,0.017367660999298096,24,380281.2106669913,7,4.492840766906738,
39,COMPLETE,4.445619165897369,1,full,8,8,8,3,late,0.008485280661362648,0.06890912040711866,0.75,0.9,2,head_scalar,0.003607273803109168,0.15,0.06,1.0,16,64,2914200,0.01959371566772461,24,441669.793202441,3,4.49295711517334,
40,COMPLETE,4.488855719566345,3,lean,8,8,8,3,even,0.019891092382157582,0.012513494265718015,0.8164965809277261,1.05,1,learned,0.0024884164509281627,0.05,0.06,0.5,10,192,2868320,0.018511414527893066,24,497019.40431954036,4,4.492360591888428,
41,COMPLETE,4.703288733959198,1,lean,8,2,24,6,even,0.007834713088439672,0.015632736602915226,1.0,1.05,1,linear,0.0017459220808567358,0.05,0.06,0.5,15,64,2901168,0.048927247524261475,24,308854.8197629039,5,4.492822170257568,
42,COMPLETE,4.337095320224762,3,full,8,1,32,6,midlate,0.01459213611584147,0.018009457941876115,1.25,1.0,1,one,0.004113256709397058,0.1,0.01,0.5,11,192,2968636,0.057666897773742676,24,367800.4952713299,2,4.493504047393799,
43,COMPLETE,4.376653015613556,3,full,24,1,16,4,even,0.0033665744857350566,0.20910082417309742,0.8164965809277261,1.0,1,one,0.0037237593868195648,0.0,0.01,1.0,11,192,2959900,0.01998955011367798,24,481042.43035611784,0,4.493391990661621,
44,COMPLETE,4.350105166435242,2,full,8,1,32,6,midlate,0.019700558964785855,0.09635740740900696,0.75,1.0,1,head_scalar,0.003608591500785679,0.15,0.06,0.5,13,128,2954254,0.07897001504898071,24,340735.77109574754,1,4.493383407592773,
45,COMPLETE,4.315220236778259,3,full,24,1,8,4,late,0.008170385382049568,0.0597328743140523,1.25,1.0,1,linear,0.005361982554531519,0.0,0.02,1.0,11,192,2956064,0.01190340518951416,24,425880.2960857386,6,4.493361473083496,
46,COMPLETE,4.391378462314606,3,full,32,2,24,3,even,0.0030763721838882613,0.016305807019192237,0.8164965809277261,0.9,1,linear,0.0032451189097938054,0.0,0.02,1.0,11,192,2974354,0.040799617767333984,24,477332.396863141,3,4.4935455322265625,
47,COMPLETE,4.442523837089539,2,full,8,8,32,4,midlate,0.010586068343263042,0.24884844486963012,0.8164965809277261,1.0,2,head_scalar,0.0028953447440619668,0.0,0.04,1.0,13,128,3044136,0.036257028579711914,24,188300.13916012348,7,4.494373321533203,
48,COMPLETE,4.417151868343353,3,full,32,8,24,3,midlate,0.005487814544006632,0.1969344800057262,1.25,0.9,1,head_scalar,0.0027332258347664254,0.1,0.04,0.5,11,192,3029284,0.05338782072067261,24,300988.4547331291,4,4.494157791137695,
49,COMPLETE,4.498384237289429,1,lean,32,2,8,3,late,0.003782360434678085,0.014330889701168607,1.25,0.9,2,linear,0.0027823900345596933,0.1,0.06,1.0,15,64,2894778,0.007069289684295654,24,481069.37058211333,0,4.492709159851074,
50,COMPLETE,4.41381448507309,1,lean,32,8,24,6,midlate,0.004057311819313368,0.020364898944803856,1.0,0.9,1,one,0.0034083663275569632,0.15,0.06,1.0,15,64,3060660,0.05526381731033325,24,192407.18490633657,6,4.494571685791016,
51,COMPLETE,4.595182359218597,3,full,32,8,8,6,midlate,0.006401501674095978,0.0712882443611741,1.25,0.9,1,one,0.0018185961631046268,0.05,0.06,0.5,11,192,3029644,0.01284092664718628,24,388601.300263518,5,4.494172096252441,
52,COMPLETE,4.485162198543549,3,lean,8,4,24,4,midlate,0.020139236812478884,0.10744416505065725,1.25,0.9,1,learned,0.002522232317539409,0.0,0.02,1.0,10,192,2900696,0.06231868267059326,24,356216.34780084493,2,4.492730140686035,
53,COMPLETE,4.398592829704285,3,lean,8,8,8,4,late,0.006253887003192818,0.016197823319621534,1.0,0.9,2,one,0.0035209947206489506,0.0,0.04,0.5,10,192,2883272,0.008792638778686523,24,449619.5460544036,3,4.492526054382324,
54,COMPLETE,4.354714870452881,3,lean,32,4,32,2,midlate,0.012495566503657534,0.24057791828334543,1.0,1.0,2,one,0.004036276134370241,0.0,0.04,1.0,10,192,2899752,0.016794145107269287,24,458079.9650882459,0,4.492687225341797,
55,COMPLETE,4.540592610836029,3,full,16,2,8,6,late,0.012448542115579529,0.05824862698070916,1.25,1.0,1,one,0.002181505270680893,0.0,0.02,1.0,11,192,2968492,0.01849055290222168,24,422167.72204213106,1,4.493492603302002,
56,COMPLETE,4.306578874588013,3,lean,24,1,32,3,late,0.006606509466702772,0.01339923618957563,0.8164965809277261,1.0,2,one,0.004795681061132647,0.0,0.06,1.0,10,192,2876552,0.007983565330505371,24,499880.4123705341,4,4.4924421310424805,
57,COMPLETE,4.417696893215179,3,lean,16,4,24,6,midlate,0.013788487875805746,0.050360628244720373,0.8164965809277261,1.0,1,linear,0.00294379502524561,0.0,0.02,0.5,10,192,2953472,0.09286099672317505,24,278781.40416512004,3,4.493326187133789,
58,COMPLETE,4.555751800537109,1,full,32,4,16,3,midlate,0.008234126383934778,0.0051109412368014065,0.8164965809277261,0.9,1,one,0.002294198181727286,0.05,0.06,1.0,16,64,2967168,0.02453303337097168,24,407828.30212283606,1,4.493523597717285,
59,COMPLETE,4.319311857223511,3,lean,24,4,24,2,midlate,0.028252466316969354,0.07918106487478536,1.25,1.0,1,one,0.0049911063670652666,0.05,0.01,1.0,10,192,2880520,0.0408625602722168,24,511289.7794785628,5,4.492481231689453,
60,COMPLETE,4.439818859100342,1,full,32,2,24,6,midlate,0.0032515662324307574,0.11334292305880829,1.0,0.9,2,one,0.003568710061572692,0.1,0.02,1.0,16,64,3004416,0.01316213607788086,24,293114.72339433304,0,4.493955612182617,
61,COMPLETE,4.673772513866425,1,lean,32,1,32,3,midlate,0.003370232541276139,0.02036741229757225,0.8164965809277261,1.0,2,one,0.0018179014516391664,0.15,0.06,0.5,15,64,2900532,0.0054590702056884766,24,366011.95585666195,2,4.492766380310059,
62,COMPLETE,4.62947279214859,2,lean,24,4,16,2,midlate,0.013061645012533192,0.15350662476666704,1.0,1.05,1,head_scalar,0.0019051615666738602,0.1,0.04,0.5,12,128,2875304,0.023496687412261963,24,489095.5724793866,4,4.492454528808594,
63,COMPLETE,4.7020421624183655,1,full,32,1,16,6,midlate,0.0036339673917888536,0.009060342392558804,1.25,1.0,1,learned,0.001815655821528864,0.15,0.01,1.0,16,64,2980230,0.024351537227630615,24,352424.13995187805,1,4.493703842163086,
64,COMPLETE,4.530896306037903,3,lean,24,4,16,4,midlate,0.015543465318604881,0.024045185966099704,1.0,1.0,2,head_scalar,0.0023216668193064755,0.05,0.04,0.5,10,192,2905368,0.013302743434906006,24,447880.35187639314,5,4.492776870727539,
65,COMPLETE,4.282672047615051,3,full,24,1,24,6,midlate,0.01776873515193492,0.04814073609498889,1.25,0.9,2,head_scalar,0.005153004569321666,0.1,0.04,0.5,11,192,2986786,0.0183488130569458,24,382472.88376843295,2,4.493714332580566,
66,COMPLETE,4.499609470367432,2,lean,32,4,16,6,even,0.015017577315111696,0.053235954620281155,0.8164965809277261,1.0,1,learned,0.002439451357975194,0.0,0.06,0.5,12,128,2956152,0.043034374713897705,24,341774.0192871033,4,4.493378639221191,
67,COMPLETE,4.339893400669098,2,full,32,4,32,6,midlate,0.005765433607964819,0.005521950399439156,1.25,1.0,2,one,0.005262307033768364,0.15,0.02,1.0,13,128,3071032,0.01319873332977295,24,207296.2794860992,7,4.4946608543396,
68,COMPLETE,4.417216181755066,3,lean,16,4,8,2,late,0.006890247026348909,0.02308062792635864,1.25,1.05,2,linear,0.003693639927435563,0.0,0.01,1.0,10,192,2853616,0.008622884750366211,24,569125.8215146437,0,4.492179870605469,
69,COMPLETE,4.743443727493286,2,lean,16,4,8,2,midlate,0.015113489011134091,0.12827714541289514,1.0,0.9,2,learned,0.0015005035892690503,0.0,0.06,1.0,12,128,2854376,0.010129034519195557,24,464247.59656810865,6,4.492215156555176,
70,COMPLETE,4.421078085899353,3,lean,32,4,32,4,midlate,0.027769253521593804,0.01359548641485664,1.0,1.05,2,learned,0.00322808269317395,0.1,0.02,1.0,10,192,2950200,0.02432096004486084,24,303139.6130705692,1,4.4932708740234375,
71,COMPLETE,4.697157919406891,3,full,16,8,24,6,late,0.005501322577972307,0.038554197483165596,0.8164965809277261,1.0,1,learned,0.001547432769427251,0.1,0.02,0.5,11,192,3106780,0.05320906639099121,24,192260.4061019083,3,4.495051860809326,
72,COMPLETE,4.313704013824463,3,lean,8,1,24,2,even,0.01245799226222274,0.005089584346617657,0.8164965809277261,0.9,1,learned,0.004872199793411894,0.15,0.01,0.5,10,192,2840138,0.05005335807800293,24,585963.6817081074,5,4.492039680480957,
73,COMPLETE,4.255059838294983,2,full,8,2,24,6,even,0.01376757975833323,0.03973048105949497,0.8164965809277261,0.9,1,linear,0.005147943583574549,0.1,0.04,0.5,13,128,2967316,0.1279248595237732,24,326877.5947105551,0,4.493532180786133,
74,COMPLETE,4.315963566303253,3,lean,16,4,16,2,even,0.021108896162599432,0.024561453814237223,1.0,1.0,1,one,0.004859917621088801,0.05,0.04,0.5,10,192,2861288,0.029053032398223877,24,546081.7757010831,6,4.492260932922363,
75,COMPLETE,4.289113521575928,2,lean,32,1,32,3,midlate,0.02611301753177772,0.022510587437745973,0.75,1.05,1,one,0.004977207855134802,0.05,0.06,1.0,12,128,2892768,0.06318068504333496,24,394934.9819887128,2,4.492640495300293,
76,COMPLETE,4.619088649749756,3,lean,8,1,16,4,midlate,0.007488988981541541,0.010657265750793444,0.8164965809277261,1.0,2,one,0.0019699940238392406,0.0,0.01,1.0,10,192,2858696,0.008538305759429932,24,481729.22435302776,5,4.492251396179199,
77,COMPLETE,4.460681796073914,1,full,24,2,32,3,late,0.01454481853600035,0.03331079052296423,1.0,1.05,1,head_scalar,0.0034719404736830986,0.0,0.02,0.5,16,64,2949510,0.054812490940093994,24,364301.22973452957,4,4.493346214294434,
78,COMPLETE,4.46928083896637,3,lean,8,1,24,4,late,0.0055923639862050685,0.11752453389852476,1.25,0.9,1,linear,0.002655984622027723,0.0,0.04,0.5,10,192,2863052,0.07080858945846558,24,427861.0524515654,6,4.492312431335449,
79,FAIL,,3,lean,32,8,32,6,midlate,0.0157484353446983,0.22845266091683925,1.25,1.05,1,linear,0.004278979007275546,0.0,0.04,0.5,10,192,3099992,,24,,2,,oom
80,COMPLETE,4.502911806106567,2,lean,16,4,32,6,even,0.008249984132596384,0.11161324583381912,0.75,1.0,2,learned,0.0025412742271875175,0.05,0.06,1.0,12,128,2978808,0.02888089418411255,24,197368.71324786305,5,4.493636131286621,
81,COMPLETE,4.4992101192474365,2,lean,8,8,16,2,midlate,0.00985545177982186,0.027201808524540957,1.25,1.0,2,head_scalar,0.0027834638705525557,0.05,0.01,1.0,12,128,2865200,0.017112314701080322,24,470774.32006092527,0,4.492345809936523,
82,COMPLETE,4.4082558155059814,2,full,32,4,24,4,late,0.004730375054625047,0.24982199624824455,1.25,1.0,2,learned,0.0033924550940921,0.15,0.01,0.5,13,128,3006280,0.0267106294631958,24,346957.08478432824,6,4.493936061859131,
83,COMPLETE,4.557982265949249,3,full,16,4,8,6,late,0.0054543090133370355,0.020563392038479785,0.75,1.0,2,one,0.002112855093951113,0.1,0.01,1.0,11,192,2980780,0.010181903839111328,24,367870.06359261327,1,4.4936299324035645,
84,COMPLETE,4.464965522289276,3,full,16,8,16,3,even,0.00911149783430514,0.25186947897165357,1.25,1.0,2,linear,0.002547671648633141,0.1,0.04,1.0,11,192,2981956,0.0279998779296875,24,427630.30151318724,4,4.493634223937988,
85,COMPLETE,4.61023211479187,2,full,16,2,8,6,midlate,0.011705374731453048,0.01494141076882929,0.75,1.05,2,linear,0.002103575939693133,0.05,0.01,1.0,13,128,2957092,0.01257699728012085,24,378708.0369673,7,4.493833541870117,
86,COMPLETE,4.675180613994598,2,lean,16,8,24,4,even,0.008838121203981968,0.04355952593807949,1.0,1.05,1,one,0.001697814400515788,0.15,0.06,0.5,12,128,2960608,0.041742146015167236,24,274354.9863400359,0,4.493408203125,
87,COMPLETE,4.486867606639862,2,full,32,1,16,4,midlate,0.027732902640739056,0.025107587083179193,1.25,1.05,2,one,0.0026602884292963457,0.05,0.01,0.5,13,128,2964280,0.00816422700881958,24,360599.34216356004,1,4.493457317352295,
88,COMPLETE,4.437963843345642,3,full,8,8,32,2,midlate,0.004916165473893633,0.07125755160184252,0.8164965809277261,1.05,1,linear,0.002714244739871339,0.1,0.01,0.5,11,192,2977356,0.07664775848388672,24,311601.6109333458,3,4.493585109710693,
89,COMPLETE,4.442050039768219,3,full,16,8,16,6,even,0.003173184266237772,0.0324281083157481,1.0,1.0,2,head_scalar,0.0028636038097643057,0.05,0.01,1.0,11,192,3054556,0.013919234275817871,24,291063.35816482984,4,4.494465351104736,
90,COMPLETE,4.604175686836243,3,lean,32,1,24,2,midlate,0.007952415465442862,0.07484145440691507,0.8164965809277261,1.0,1,learned,0.0018440327260027703,0.15,0.04,1.0,10,192,2873258,0.03829115629196167,24,560738.8182072868,7,4.492397308349609,
91,COMPLETE,4.417635142803192,1,lean,8,8,8,2,late,0.021665601189902194,0.015116762551398244,0.8164965809277261,1.0,1,head_scalar,0.004857346776767272,0.1,0.02,0.5,15,64,2846644,0.02326798439025879,24,489565.3820496076,6,4.492181301116943,
92,COMPLETE,4.540326476097107,1,lean,16,8,8,6,midlate,0.012363438748357804,0.05146101299296253,0.8164965809277261,1.05,1,learned,0.002854219645907005,0.1,0.02,0.5,15,64,2932356,0.031130552291870117,24,333906.3095556628,1,4.493156909942627,
93,COMPLETE,4.441804528236389,2,full,8,1,8,4,even,0.010450469412643874,0.11052190351221744,0.75,0.9,2,one,0.0029322075603950976,0.15,0.06,0.5,13,128,2917128,0.0049759745597839355,24,379355.7751781004,7,4.492946624755859,
94,COMPLETE,4.594415903091431,1,lean,16,4,16,2,late,0.01449730020224635,0.014726046409194773,1.0,1.0,2,head_scalar,0.0022383638794715686,0.1,0.04,0.5,15,64,2863196,0.009273767471313477,24,486206.0854239655,6,4.4923529624938965,
95,COMPLETE,4.4183109998703,1,full,16,1,8,4,even,0.013477466467946102,0.008415293813452143,0.75,0.9,1,one,0.004901975541026375,0.1,0.01,0.5,16,64,2919680,0.011245310306549072,24,426724.3548073609,5,4.493003845214844,
96,COMPLETE,4.356474339962006,1,lean,32,4,16,6,late,0.004831244319126803,0.041509606256175786,1.0,1.05,1,head_scalar,0.005260406473501674,0.1,0.04,0.5,15,64,2962380,0.04177743196487427,24,335011.59485648636,7,4.4934844970703125,
97,COMPLETE,4.636335670948029,3,lean,32,8,8,3,even,0.018890728090658046,0.1253462649461638,1.25,1.05,2,learned,0.0017741757582705987,0.15,0.04,1.0,10,192,2901440,0.01908421516418457,24,415726.65040260216,0,4.49271821975708,
98,COMPLETE,4.391092240810394,2,full,24,1,8,3,midlate,0.006787153184625668,0.010346281361486574,1.0,1.05,2,head_scalar,0.003936730850044556,0.0,0.04,0.5,13,128,2936491,0.005646765232086182,24,479179.67563547107,6,4.49315881729126,
99,COMPLETE,4.6130160093307495,3,full,16,4,16,3,even,0.01720624488207769,0.010284655090962658,0.75,1.0,2,learned,0.0018167444607781356,0.15,0.04,1.0,11,192,2956600,0.010868489742279053,24,412894.08634871553,3,4.493350982666016,
100,COMPLETE,4.429600417613983,1,full,24,4,24,6,even,0.011591340620843129,0.062136174347381695,1.25,0.9,2,one,0.0040816904847543745,0.0,0.01,0.5,16,64,3023616,0.015372872352600098,24,265348.875042716,1,4.494184494018555,
101,COMPLETE,4.698368966579437,1,full,24,1,8,3,even,0.019669476983970858,0.021111680365309426,0.75,0.9,1,learned,0.0018981398820240034,0.15,0.02,0.5,16,64,2928195,0.010544538497924805,24,368857.0197750449,5,4.493111610412598,
102,COMPLETE,4.389389216899872,1,full,8,8,8,3,late,0.029600630814117772,0.12803682055246732,0.8164965809277261,0.9,2,learned,0.004515747655601077,0.1,0.06,0.5,16,64,2915736,0.022147834300994873,24,426450.71651340375,4,4.49297571182251,
103,FAIL,,3,full,24,8,32,3,midlate,0.004750063465963126,0.018522493721133477,1.0,1.0,1,learned,0.004024805795168763,0.0,0.06,0.5,11,192,3043252,,24,,2,,oom
104,COMPLETE,4.481229305267334,3,full,24,1,8,3,even,0.006407635460700131,0.016956295934360058,1.0,0.9,1,one,0.002446104115056366,0.05,0.06,0.5,11,192,2946460,0.006420135498046875,24,537495.1902678632,6,4.493236541748047,
105,COMPLETE,4.692914724349976,3,lean,24,2,16,2,late,0.024856716564155695,0.04767378005056673,1.25,1.05,2,learned,0.001555324313689231,0.1,0.06,1.0,10,192,2864396,0.009703218936920166,24,600166.6080779734,0,4.492305755615234,
106,COMPLETE,4.581880748271942,2,full,24,1,24,2,even,0.01746509370157248,0.2996424570174498,0.8164965809277261,0.9,1,one,0.0021048285582395327,0.1,0.01,0.5,13,128,2931240,0.026716530323028564,24,534806.8916525285,5,4.493089199066162,
107,COMPLETE,4.657829999923706,3,lean,16,1,32,4,late,0.007687493492779606,0.10915448863732159,0.8164965809277261,1.0,1,learned,0.0017219008222763188,0.1,0.02,0.5,10,192,2878188,0.03140217065811157,24,436781.42480050086,3,4.4924726486206055,
108,COMPLETE,4.6778377294540405,1,full,16,8,24,6,even,0.006346028329987177,0.0836103145300999,1.25,1.0,2,linear,0.0018264828620416476,0.1,0.06,0.5,16,64,3082800,0.04302483797073364,24,190193.23008795673,6,4.494851112365723,
109,COMPLETE,4.369743287563324,2,lean,32,4,16,3,midlate,0.009295056838505983,0.13301730125688582,1.25,0.9,1,linear,0.003785414284679628,0.0,0.06,1.0,12,128,2905836,0.05226844549179077,24,418164.89649346104,7,4.492793560028076,
110,COMPLETE,4.369824826717377,1,lean,24,1,8,3,late,0.004551404370025117,0.14329553190750474,1.25,0.9,2,head_scalar,0.005116379714298249,0.0,0.06,0.5,15,64,2874759,0.00863492488861084,24,465312.1971768678,4,4.492497444152832,
111,COMPLETE,4.353728115558624,2,lean,32,8,24,2,midlate,0.003483302876990249,0.04849257038346774,0.75,1.05,1,one,0.004355476319234074,0.15,0.01,1.0,12,128,2921312,0.040490925312042236,24,376551.95566677017,0,4.492954254150391,
112,COMPLETE,4.528263747692108,3,lean,24,4,16,2,late,0.004465644891837907,0.09961856849528944,1.0,0.9,2,one,0.002257201281641169,0.15,0.01,1.0,10,192,2872328,0.006824314594268799,24,582264.0012540123,5,4.492389678955078,
113,COMPLETE,4.684183418750763,3,full,24,1,16,3,late,0.008495172884947489,0.005369033867459167,0.8164965809277261,0.9,1,head_scalar,0.001594357860527119,0.15,0.06,1.0,11,192,2949535,0.01412653923034668,24,488492.93759796413,4,4.493276596069336,
114,COMPLETE,4.524766385555267,2,full,8,2,16,6,midlate,0.028703407985665678,0.010850088650884875,0.8164965809277261,1.05,2,learned,0.0025781685698124442,0.1,0.01,1.0,13,128,2955028,0.022517502307891846,24,349104.8028658783,3,4.49339485168457,
115,COMPLETE,4.593494713306427,1,lean,24,1,8,2,late,0.003239635384359015,0.027089529278487685,0.8164965809277261,1.05,1,linear,0.002251952770964214,0.15,0.02,1.0,15,64,2865542,0.004090845584869385,24,484841.3722413501,7,4.492389678955078,
116,COMPLETE,4.4624239802360535,2,full,32,4,8,6,even,0.010416823722222598,0.041024290683671194,1.25,1.0,1,head_scalar,0.0027846662960621773,0.05,0.04,0.5,13,128,2997328,0.01891326904296875,24,381416.05713143933,1,4.4938483238220215,
117,COMPLETE,4.411017000675201,2,lean,32,2,8,2,even,0.004179022081187808,0.018421342989697713,0.8164965809277261,1.0,1,linear,0.0035656560709489246,0.0,0.01,1.0,12,128,2876516,0.004683852195739746,24,555516.8944278127,5,4.492458343505859,
118,COMPLETE,4.440319716930389,3,lean,32,1,8,6,midlate,0.004652011478962841,0.014355304728608308,0.8164965809277261,0.9,1,linear,0.002807715852654847,0.15,0.02,1.0,10,192,2906798,0.012846112251281738,24,393780.0579672497,7,4.492805480957031,
119,COMPLETE,4.699743449687958,2,full,24,4,32,2,midlate,0.007861190420516997,0.010896535107225876,0.75,1.05,2,linear,0.001586852843284613,0.0,0.06,0.5,13,128,2958384,0.014261066913604736,24,345154.0283478488,4,4.493397235870361,
120,COMPLETE,4.470002055168152,1,full,32,1,24,3,even,0.017809132562559397,0.01088465104359123,0.75,1.05,2,linear,0.0031039955252096306,0.15,0.06,0.5,16,64,2952003,0.015568912029266357,24,426292.4314899671,0,4.493363380432129,
121,COMPLETE,4.504564106464386,1,lean,16,8,32,4,even,0.016655403293723902,0.10561023398019857,1.25,1.05,1,linear,0.0024832222466460115,0.05,0.06,0.5,15,64,2996596,0.0999917984008789,24,195689.8082270839,5,4.493859767913818,
122,COMPLETE,4.388184428215027,2,full,24,8,24,6,even,0.02029100659564081,0.12473980510685753,1.0,1.05,2,head_scalar,0.003418587467143983,0.05,0.06,1.0,13,128,3105880,0.03184443712234497,24,192564.08012542542,3,4.495072841644287,
123,COMPLETE,4.437924087047577,3,full,32,8,24,6,late,0.007062342124580706,0.0554750202378249,0.8164965809277261,1.05,2,one,0.0027128381355480367,0.05,0.02,0.5,11,192,3127948,0.018687069416046143,24,185175.54148764026,1,4.495270729064941,
124,COMPLETE,4.481883406639099,1,lean,24,1,24,4,midlate,0.004871798854694002,0.05508300158806688,0.8164965809277261,1.0,1,linear,0.002779068072338525,0.15,0.06,0.5,15,64,2892552,0.07303756475448608,24,404256.78856557945,7,4.492708206176758,
125,COMPLETE,4.56568568944931,1,lean,24,8,8,3,even,0.007162502257268398,0.24182978205244673,1.25,1.0,1,one,0.0027230200262771875,0.0,0.02,0.5,15,64,2896260,0.01996058225631714,24,459693.8254550482,0,4.492732048034668,
126,COMPLETE,4.58530867099762,1,full,32,2,24,6,even,0.022696418646758334,0.030461352975809722,1.0,0.9,2,one,0.002159389756895333,0.1,0.06,1.0,16,64,3004416,0.013981997966766357,24,296446.9950404857,4,4.493955612182617,
127,COMPLETE,4.363988935947418,2,full,16,1,24,4,midlate,0.0053447383397600065,0.005998552038875351,1.25,0.9,2,one,0.004198898654887343,0.15,0.04,0.5,13,128,2939672,0.008628904819488525,24,442601.41997647,7,4.493186950683594,
128,COMPLETE,4.477217197418213,3,lean,8,2,8,3,even,0.018028130424123618,0.022935888191762666,1.0,1.0,1,head_scalar,0.0028177493211381513,0.1,0.02,1.0,10,192,2848334,0.013222277164459229,24,542276.7331839273,0,4.492136001586914,
129,COMPLETE,4.665147066116333,2,full,16,4,16,4,late,0.004127531932393434,0.08129805533533788,0.8164965809277261,1.05,2,head_scalar,0.0017556927890549252,0.1,0.06,0.5,13,128,2960168,0.014601588249206543,24,415120.1669030966,6,4.4934234619140625,
130,COMPLETE,4.436526656150818,2,lean,8,8,8,4,even,0.005883035797605112,0.11283783935268454,1.0,1.05,2,linear,0.003864595950613125,0.1,0.01,0.5,12,128,2883904,0.013521850109100342,24,435990.2595278428,2,4.492570877075195,
131,COMPLETE,4.402395009994507,2,lean,16,4,32,4,even,0.0033698171111269807,0.11202568758963907,1.0,0.9,2,head_scalar,0.003975425666598673,0.05,0.01,0.5,12,128,2927856,0.018851041793823242,24,305842.86596055434,0,4.493049621582031,
132,COMPLETE,4.368411004543304,2,lean,24,2,24,2,midlate,0.018728160852507086,0.00523010440194788,0.8164965809277261,1.0,2,one,0.003845891320572981,0.1,0.06,1.0,12,128,2871200,0.0069980621337890625,24,499880.4123705341,7,4.492404937744141,
133,COMPLETE,4.460166931152344,1,full,24,4,24,2,even,0.004837162795734505,0.005110843336784089,0.75,1.05,2,learned,0.0034435436703964565,0.0,0.02,1.0,16,64,2941704,0.017240047454833984,24,369104.6694495346,4,4.493252754211426,
134,COMPLETE,4.364485859870911,1,full,24,2,16,3,midlate,0.024891382804505886,0.040513165527441816,0.8164965809277261,0.9,1,linear,0.004802042330886404,0.1,0.04,0.5,16,64,2937606,0.0593334436416626,24,405918.3691628854,6,4.4932146072387695,
135,PRUNED,4.857917673479971,1,lean,8,8,8,3,late,0.014287463259996585,0.006688366422424544,1.25,1.0,2,head_scalar,0.002465012975686564,0.1,0.02,1.0,15,64,2863164,,24,,2,,
136,COMPLETE,4.431911945343018,3,full,16,8,8,4,late,0.00442710811738486,0.06589012490875261,0.8164965809277261,0.9,1,one,0.003072576229083076,0.0,0.01,1.0,11,192,2972332,0.014529049396514893,24,432219.7137969206,7,4.49450159072876,
137,COMPLETE,4.397370338439941,1,full,24,4,8,4,late,0.006662946755832761,0.007418440084663237,1.25,0.9,1,one,0.004336433898202408,0.15,0.04,0.5,16,64,2949632,0.017147064208984375,24,416760.7806197484,5,4.49334716796875,
138,COMPLETE,4.357296407222748,2,full,16,4,16,2,late,0.0036192470641784854,0.06154333819237933,1.0,1.0,1,linear,0.003824854598308371,0.15,0.02,1.0,13,128,2927648,0.04717099666595459,24,524604.8580469415,2,4.493046760559082,
139,PRUNED,5.045194966271115,2,full,24,2,24,4,even,0.02162048476875851,0.013670751775697354,1.25,1.0,1,linear,0.002586455159035444,0.0,0.04,1.0,13,128,2966832,,24,,6,,
140,COMPLETE,4.402307629585266,3,full,32,2,32,2,even,0.020920807258182378,0.013675038117503646,0.8164965809277261,1.0,1,one,0.0031604301006771247,0.0,0.02,0.5,11,192,2963596,0.027902543544769287,24,467804.56305346004,3,4.493412971496582,
141,PRUNED,5.221341430192642,2,full,8,4,8,3,late,0.004323308949278982,0.010929741289513193,0.75,0.9,1,head_scalar,0.0020121527794773595,0.1,0.04,1.0,13,128,2917012,,24,,4,,
142,PRUNED,5.07148317749512,1,full,8,1,16,4,late,0.006973969595865326,0.02567900288858817,0.8164965809277261,0.9,1,one,0.002834345898984652,0.05,0.06,1.0,16,64,2906112,,24,,1,,
143,PRUNED,4.970721783411355,2,lean,8,4,8,6,late,0.0038133404735746597,0.055647739177593976,1.25,1.05,1,learned,0.002790404596184087,0.1,0.06,0.5,12,128,2891832,,24,,4,,
144,COMPLETE,4.39162939786911,2,full,16,4,16,2,even,0.014178162140398185,0.22096359258543688,0.8164965809277261,1.0,1,linear,0.003712861917108861,0.15,0.01,0.5,13,128,2927648,0.049397945404052734,24,510561.06226039404,6,4.493046760559082,
145,COMPLETE,4.306027173995972,3,lean,16,8,8,6,midlate,0.014059713362587746,0.23731056804113035,1.0,1.0,2,head_scalar,0.004303742882270607,0.1,0.06,0.5,10,192,2927384,0.01702970266342163,24,390146.77019941807,1,4.4930315017700195,
146,PRUNED,5.046387758679693,1,lean,32,1,8,2,late,0.005027410049045803,0.10125477705910971,0.75,0.9,1,learned,0.003196052918654331,0.1,0.02,0.5,15,64,2882102,,24,,7,,
147,COMPLETE,4.383781671524048,1,full,8,2,8,3,late,0.021431540064369887,0.04422766084828586,0.75,1.0,2,learned,0.004944095669708326,0.15,0.01,0.5,16,64,2896134,0.011292040348052979,24,446252.1014724743,2,4.4927568435668945,
148,COMPLETE,4.262298226356506,2,full,24,1,32,4,midlate,0.024878276175647227,0.0851843914889279,1.25,0.9,1,one,0.005471054961574667,0.15,0.06,1.0,13,128,2958120,0.058594703674316406,24,384974.43606865953,5,4.4934000968933105,
149,COMPLETE,4.353035569190979,1,lean,24,4,8,2,even,0.00459705319272874,0.23123063168759933,1.0,1.05,2,one,0.005143593639332062,0.15,0.04,1.0,15,64,2871556,0.007342934608459473,24,508416.1572018156,0,4.492450714111328,
150,COMPLETE,4.440288960933685,1,lean,8,2,24,3,midlate,0.018876436303796488,0.1447562947207669,0.75,0.9,1,head_scalar,0.0035808081145452344,0.1,0.04,1.0,15,64,2857002,0.06812316179275513,24,422709.59860736056,4,4.49230432510376,
151,COMPLETE,4.415989875793457,3,lean,8,2,8,2,even,0.011098319713846108,0.2085906443355401,0.8164965809277261,0.9,2,learned,0.00295714191758254,0.05,0.06,1.0,10,192,2838220,0.008235812187194824,24,621199.5613000816,7,4.492016792297363,
152,PRUNED,4.940776526756705,2,full,8,2,8,6,midlate,0.009209600219634222,0.1303476098612434,0.8164965809277261,1.0,1,linear,0.002926926080996249,0.15,0.02,0.5,13,128,2942740,,24,,3,,
153,PRUNED,5.46030993579849,1,full,16,1,16,3,late,0.006219640790259717,0.09248288690055467,0.75,1.0,1,linear,0.0015588572321780278,0.15,0.01,0.5,16,64,2913603,,24,,6,,
154,PRUNED,5.242976211851147,3,lean,8,1,8,4,late,0.01276845596068727,0.024060409561590078,0.8164965809277261,1.0,2,head_scalar,0.0015535486362738085,0.15,0.02,0.5,10,192,2854604,,24,,2,,
155,PRUNED,5.302883274719115,1,lean,32,2,24,4,even,0.003055953482958392,0.23145480738321209,0.75,1.0,1,one,0.0018716291254630827,0.1,0.01,0.5,15,64,2921140,,24,,3,,
156,COMPLETE,4.306314051151276,3,lean,24,4,16,6,even,0.005967617764388035,0.021690108760970137,1.0,0.9,1,head_scalar,0.005215381541211752,0.05,0.02,1.0,10,192,2938400,0.03790515661239624,24,345404.71384519496,0,4.493160247802734,
157,COMPLETE,4.339721620082855,2,full,24,8,16,6,even,0.006219737030530221,0.08231219910730417,0.75,0.9,1,linear,0.004957298504104866,0.05,0.02,1.0,13,128,3059800,0.07013475894927979,24,301938.655732975,7,4.494560718536377,
158,COMPLETE,4.326838195323944,3,full,16,4,8,2,late,0.02178471534962087,0.008708627966305994,1.25,0.9,2,head_scalar,0.004170641744738943,0.15,0.04,1.0,11,192,2931124,0.008527755737304688,24,537575.7802431053,6,4.493057727813721,
159,COMPLETE,4.352788984775543,2,lean,24,4,32,4,late,0.003663105770990015,0.01177469476782647,0.8164965809277261,1.0,1,linear,0.0037658217282718685,0.0,0.04,0.5,12,128,2942128,0.11596184968948364,24,280401.441472418,2,4.493217468261719,
160,PRUNED,5.16636703007491,2,full,8,8,16,3,midlate,0.026399344806778687,0.01688197190324536,0.8164965809277261,1.0,2,linear,0.0019094019504121793,0.15,0.01,1.0,13,128,2955424,,24,,5,,
161,COMPLETE,4.295770883560181,2,full,32,8,24,3,midlate,0.003464523350957669,0.008044030333643846,0.75,1.0,2,learned,0.005091596726320495,0.15,0.04,0.5,13,128,3023056,0.02141815423965454,24,310433.0453614255,4,4.494115829467773,
162,PRUNED,5.1312384060844805,3,lean,8,8,8,2,late,0.006171226773680436,0.1361396645534686,1.0,1.05,1,learned,0.0021790201312495627,0.05,0.06,1.0,10,192,2851288,,24,,3,,
163,PRUNED,4.928773975518846,1,full,8,1,16,2,midlate,0.018241545988818855,0.04118945300159277,1.0,0.9,2,learned,0.004493281843229603,0.15,0.02,1.0,16,64,2885506,,24,,1,,
164,COMPLETE,4.4142584800720215,3,full,8,1,24,4,late,0.01427269453917358,0.14719631695119706,1.25,0.9,1,linear,0.002964102337805182,0.1,0.01,0.5,11,192,2939968,0.07500243186950684,24,376955.0812033911,3,4.493185520172119,
165,PRUNED,5.061961051610828,3,full,8,2,8,4,late,0.008265122087836321,0.08032875771078539,0.75,1.05,1,one,0.0025231198513795804,0.0,0.06,1.0,11,192,2935612,,24,,6,,
166,PRUNED,5.162015996903423,1,full,24,2,16,4,late,0.013462095699524848,0.13620947985583995,0.75,1.05,2,one,0.0021244162845497692,0.15,0.04,1.0,16,64,2949632,,24,,5,,
167,COMPLETE,4.406431078910828,3,full,8,8,8,3,midlate,0.008646975532442902,0.00520363182909759,1.0,1.05,2,learned,0.003299730335308986,0.1,0.02,1.0,11,192,2945236,0.007418453693389893,24,463746.849806377,1,4.493233680725098,
168,COMPLETE,4.3743128180503845,2,full,16,4,32,3,late,0.028101724594552485,0.0099066558015129,0.8164965809277261,1.0,1,learned,0.0035759545800218492,0.0,0.01,1.0,13,128,2968996,0.07990908622741699,24,331396.47029850987,6,4.493516445159912,
169,COMPLETE,4.345970809459686,3,lean,8,4,32,2,midlate,0.025597682250931928,0.01610330847647392,0.75,1.05,2,learned,0.0042937445123733264,0.1,0.01,1.0,10,192,2867152,0.03684335947036743,24,438984.27729299484,5,4.492340087890625,
170,COMPLETE,4.328653454780579,2,lean,24,2,32,3,late,0.00481021450265135,0.08479836139802494,1.25,0.9,1,linear,0.005492201195360967,0.15,0.04,1.0,12,128,2892198,0.12763696908950806,24,425122.3972664603,0,4.49265193939209,
171,COMPLETE,4.389051198959351,3,full,32,2,8,4,late,0.0073195295262657905,0.037935627534703836,0.8164965809277261,0.9,2,learned,0.003346055337969694,0.15,0.02,1.0,11,192,2972564,0.0075075626373291016,24,501534.9045942757,3,4.493533134460449,
172,COMPLETE,4.326205551624298,3,lean,16,2,16,6,late,0.005932415346374746,0.005507918228254433,1.0,1.05,1,head_scalar,0.0039664872637099865,0.1,0.06,0.5,10,192,2902772,0.04225122928619385,24,418847.5311212424,1,4.4927568435668945,
173,COMPLETE,4.349254012107849,2,lean,8,2,16,6,late,0.007041455640225981,0.20824850813754447,1.0,0.9,2,head_scalar,0.005123285181551359,0.0,0.04,1.0,12,128,2890284,0.020218312740325928,24,326503.82033917634,7,4.492654800415039,
174,PRUNED,5.081623978668123,3,full,8,4,16,3,even,0.020965594844778983,0.010638120512898606,0.75,0.9,2,head_scalar,0.002179944334430344,0.1,0.06,1.0,11,192,2943688,,24,,2,,
175,PRUNED,5.120670183881721,1,full,8,8,32,3,even,0.02835505283372975,0.007139629740550017,1.25,0.9,1,learned,0.0027302220371749515,0.1,0.02,1.0,16,64,2989464,,24,,4,,
176,PRUNED,4.675757605782779,2,full,16,8,8,4,even,0.007298277465056227,0.012188847995064752,0.8164965809277261,1.0,2,learned,0.0031798047166726245,0.0,0.01,1.0,13,128,2962232,,24,,3,,
177,PRUNED,5.017930172866295,2,lean,16,4,16,2,midlate,0.0203237242847476,0.03132504702630541,0.75,1.05,1,linear,0.0029508490117772113,0.1,0.01,1.0,12,128,2862568,,24,,0,,
178,PRUNED,5.270254386254047,3,lean,32,8,8,4,late,0.023829070270597986,0.013826428625442625,0.75,1.05,1,one,0.0016078786946083813,0.1,0.06,1.0,10,192,2916392,,24,,5,,
179,COMPLETE,4.340323805809021,2,full,24,2,16,2,late,0.0226359703093786,0.02442065375143562,1.25,0.9,1,learned,0.005028364395712437,0.05,0.02,0.5,13,128,2933548,0.035306692123413086,24,521566.8634734705,2,4.493119716644287,
180,COMPLETE,4.3973870277404785,1,full,8,4,8,3,even,0.02691369189198642,0.022866250253544215,1.0,1.05,1,learned,0.005027536508961908,0.05,0.04,1.0,16,64,2902668,0.027698397636413574,24,395381.8644000184,6,4.4928297996521,
181,PRUNED,5.085205455897814,1,full,16,1,8,2,late,0.005316462277457389,0.21464269460751906,0.75,0.9,2,head_scalar,0.003194246364489829,0.0,0.06,0.5,16,64,2900994,,24,,1,,
182,PRUNED,5.04773719765063,1,full,32,2,24,3,midlate,0.003628442566533931,0.008373945390681264,0.8164965809277261,1.05,2,one,0.0032648256682412985,0.0,0.04,0.5,16,64,2961024,,24,,0,,
183,COMPLETE,4.405501902103424,3,lean,16,4,24,6,midlate,0.003824612064986736,0.016057689285591807,1.25,1.0,1,head_scalar,0.0032460228475102767,0.1,0.01,0.5,10,192,2951936,0.05488008260726929,24,280078.5929774676,5,4.4933061599731445,
184,PRUNED,5.055026232518314,1,lean,32,2,16,3,late,0.024089928401564476,0.1730979051507134,0.75,1.0,2,head_scalar,0.002503500580304374,0.15,0.02,1.0,15,64,2900538,,24,,1,,
185,PRUNED,5.0824265562775945,1,lean,24,2,16,4,even,0.0050286339376652105,0.008310606395476894,0.75,1.05,2,linear,0.0024650438727733055,0.05,0.04,0.5,15,64,2896908,,24,,3,,
186,COMPLETE,4.318319618701935,3,full,24,2,8,3,midlate,0.01082767086128308,0.008192434526838646,1.25,1.0,2,one,0.004673942643926664,0.1,0.04,0.5,11,192,2949532,0.004632532596588135,24,511393.7799496689,7,4.4932708740234375,
187,PRUNED,5.27352054854683,1,lean,8,1,8,6,late,0.0038253921374858764,0.01592201404703257,1.0,1.0,2,learned,0.0018691597021088851,0.15,0.01,1.0,15,64,2870058,,24,,0,,
188,COMPLETE,4.388108432292938,1,full,32,1,8,3,late,0.0034124313820614073,0.009324573308932356,0.75,0.9,1,head_scalar,0.0038774904061055666,0.0,0.06,0.5,16,64,2945667,0.00915670394897461,24,417334.8951958347,2,4.493288993835449,
189,PRUNED,5.240852688640115,2,full,8,2,8,2,midlate,0.028191910474535772,0.07424917168291598,0.8164965809277261,1.0,1,one,0.0019481337746672452,0.1,0.06,1.0,13,128,2900488,,24,,4,,
190,COMPLETE,4.293725490570068,3,full,32,8,24,2,late,0.003009048512690529,0.054060454836756054,0.8164965809277261,1.05,2,linear,0.005495029096188841,0.05,0.02,1.0,11,192,2997404,0.028131723403930664,24,398131.0528711481,1,4.493795394897461,
191,COMPLETE,4.345324754714966,2,lean,8,8,16,2,even,0.02565621737124254,0.16555193311275232,1.25,1.0,1,learned,0.004268169141765892,0.05,0.06,0.5,12,128,2866224,0.05454474687576294,24,476142.3084347534,3,4.492358207702637,
192,PRUNED,4.654030404435344,2,full,8,8,8,6,even,0.016676421688392583,0.04447198471439192,0.8164965809277261,1.0,1,linear,0.003253097670569206,0.05,0.01,1.0,13,128,2981944,,24,,6,,
193,COMPLETE,4.357904016971588,1,lean,32,8,8,4,midlate,0.025447821881005146,0.26835284503578594,0.8164965809277261,0.9,2,learned,0.005368098485358571,0.1,0.04,1.0,15,64,2931412,0.02018815279006958,24,399178.6921221826,0,4.493125915527344,
194,PRUNED,5.251192747778521,1,full,8,2,8,4,late,0.028604624550202455,0.006616620679380189,1.25,0.9,1,linear,0.0017525139841314218,0.1,0.01,0.5,16,64,2906632,,24,,4,,
195,PRUNED,5.024399818160543,2,full,32,8,24,6,late,0.01074328457907175,0.10385030373333304,1.0,1.05,1,linear,0.002691723192309893,0.1,0.02,1.0,13,128,3123304,,24,,7,,
196,COMPLETE,4.402914643287659,1,lean,8,4,16,4,midlate,0.003976304927161693,0.01037943794109734,0.75,1.05,2,learned,0.004188537255908941,0.15,0.04,1.0,15,64,2880692,0.027540624141693115,24,359301.8695621106,4,4.492578029632568,
197,PRUNED,5.247693844203596,3,lean,24,4,8,3,midlate,0.004646124565747091,0.014304867949022419,0.75,1.05,2,learned,0.001751537621810581,0.1,0.04,1.0,10,192,2877332,,24,,2,,
198,COMPLETE,4.2797346115112305,3,full,24,2,8,4,late,0.0032863780835945882,0.008241718789203153,1.25,0.9,1,one,0.005228756618654602,0.1,0.06,0.5,11,192,2959900,0.008334040641784668,24,440466.6431105523,2,4.493391990661621,
199,COMPLETE,4.364692568778992,2,lean,16,8,32,2,even,0.014591536566146002,0.020884240419318342,0.75,1.0,1,linear,0.00340458361841701,0.15,0.02,0.5,12,128,2912240,0.11152923107147217,24,324074.5902396466,3,4.492861747741699,
200,PRUNED,5.345759197287324,1,full,24,4,16,2,late,0.01963898833855369,0.005119619559871346,1.25,1.05,1,one,0.0015037766576939176,0.1,0.04,1.0,16,64,2932992,,24,,6,,
201,COMPLETE,4.342151880264282,2,lean,16,4,16,4,even,0.0030711506238032156,0.008786378084804326,0.75,0.9,2,linear,0.0044885358646424385,0.15,0.01,1.0,12,128,2896112,0.023035049438476562,24,446962.72942462,0,4.492696762084961,
202,COMPLETE,4.396563649177551,2,lean,16,2,32,4,even,0.004160502990221503,0.012704298692605325,1.25,0.9,2,head_scalar,0.004798785795183318,0.05,0.01,1.0,12,128,2895080,0.013302028179168701,24,351620.4840753902,6,4.492683410644531,
203,PRUNED,5.0294248795763306,1,full,32,8,32,2,late,0.006750797084468878,0.10108843349740015,1.0,1.0,1,one,0.003917786682241455,0.0,0.02,0.5,16,64,2999808,,24,,1,,
204,PRUNED,5.108778932310955,2,full,24,8,24,2,midlate,0.003212539187083729,0.13214444068514208,1.25,1.05,2,learned,0.0023855315480291327,0.0,0.02,0.5,13,128,2975288,,24,,5,,
205,COMPLETE,4.348799049854279,2,lean,16,2,8,3,midlate,0.003303158880566158,0.016284976815542515,1.0,1.05,2,linear,0.004236661892205807,0.1,0.06,1.0,12,128,2860518,0.008424341678619385,24,471601.9403355866,7,4.492291450500488,
206,PRUNED,5.307995930897366,2,full,24,8,32,3,midlate,0.02181065423536581,0.04504631971716824,1.25,1.0,2,learned,0.001641473878772006,0.1,0.01,1.0,13,128,3033280,,24,,4,,
207,PRUNED,5.32468044615814,1,lean,16,1,24,6,late,0.006088004750292782,0.01028047728439628,0.75,0.9,1,linear,0.0018583324413327367,0.1,0.01,1.0,15,64,2898906,,24,,2,,
208,PRUNED,5.011424078393569,2,full,8,2,24,4,even,0.004747566756894536,0.11658761213731059,1.25,1.05,1,one,0.003251821148934126,0.05,0.04,1.0,13,128,2937608,,24,,5,,
209,PRUNED,5.211798024339706,2,full,16,8,16,2,late,0.007044041650067113,0.10252542604171647,0.75,1.05,1,head_scalar,0.0018479492827034255,0.05,0.01,1.0,13,128,2943528,,24,,2,,
210,PRUNED,5.199993502851539,2,lean,16,4,16,2,late,0.0072263020211857844,0.026086518677567498,1.0,0.9,2,head_scalar,0.0017625431015061742,0.1,0.01,0.5,12,128,2862056,,24,,1,,
211,PRUNED,4.937279930075951,3,lean,32,4,24,3,late,0.01905127527485652,0.0908927645841926,0.8164965809277261,0.9,2,head_scalar,0.0028093454714977193,0.0,0.02,0.5,10,192,2912180,,24,,7,,
212,PRUNED,5.363464503173375,3,full,8,2,32,3,even,0.0040936442270614265,0.022115776990346038,0.8164965809277261,0.9,2,one,0.0015136763172886561,0.05,0.06,0.5,11,192,2943676,,24,,0,,
213,PRUNED,5.38149778034756,2,full,32,8,16,6,even,0.024802087311461708,0.16313863312357962,0.75,1.0,2,learned,0.0015061638639136603,0.1,0.04,0.5,13,128,3074152,,24,,2,,
214,COMPLETE,4.3643380999565125,2,full,16,4,8,6,late,0.009652194244876724,0.02782145042288855,0.8164965809277261,1.0,2,learned,0.0044597527398270035,0.05,0.02,0.5,13,128,2970160,0.015025973320007324,24,371447.59579361585,5,4.493552207946777,
215,PRUNED,4.939089035611352,3,lean,16,2,16,2,midlate,0.004005428710046528,0.007686535612600833,0.75,0.9,2,head_scalar,0.0025966858735826104,0.15,0.02,1.0,10,192,2853100,,24,,1,,
216,PRUNED,5.167444888512816,3,full,32,4,32,2,even,0.014847039321139672,0.08657184382546504,1.25,0.9,2,linear,0.0019584703113533514,0.05,0.04,1.0,11,192,2980500,,24,,4,,
217,PRUNED,5.20629204949814,2,lean,8,8,32,6,late,0.02864597322440315,0.005277466035378303,1.25,1.05,2,one,0.002003475842067144,0.15,0.04,1.0,12,128,3062304,,24,,7,,
218,COMPLETE,4.364823579788208,1,full,32,8,8,4,late,0.005185338370605959,0.0073560958671358995,1.25,1.0,2,one,0.004406638729144102,0.15,0.06,0.5,16,64,2983680,0.007315397262573242,24,393168.75567701785,0,4.49371337890625,
219,PRUNED,5.180941794080486,3,full,16,2,8,4,midlate,0.005249716342476229,0.010747796876303338,0.8164965809277261,1.0,2,learned,0.001926824384316144,0.05,0.06,0.5,11,192,2948276,,24,,6,,
220,PRUNED,5.03867341790612,1,full,32,2,8,4,late,0.006544209024736754,0.0552896370013247,0.8164965809277261,0.9,1,learned,0.0026315569325988564,0.15,0.06,0.5,16,64,2959624,,24,,1,,
221,COMPLETE,4.364573538303375,3,full,8,1,24,3,late,0.02055429732464927,0.17074005148127205,1.0,0.9,1,learned,0.0034294496079047714,0.05,0.02,1.0,11,192,2928511,0.07130938768386841,24,481462.5920334803,3,4.493049144744873,
222,COMPLETE,4.316054999828339,3,lean,8,4,16,2,late,0.012665325011038077,0.017695257400373046,0.8164965809277261,1.0,1,head_scalar,0.0046534267165677275,0.0,0.06,1.0,10,192,2850256,0.038825392723083496,24,528563.9242837181,6,4.49215030670166,
223,PRUNED,5.2053888202306196,3,full,16,1,24,2,even,0.013144756650196184,0.2814279206213682,0.75,1.05,1,one,0.0016478655579071487,0.0,0.06,1.0,11,192,2929068,,24,,1,,
224,PRUNED,4.948168508444332,3,lean,24,4,16,2,even,0.006096871048276648,0.09603288101759015,1.0,1.05,2,head_scalar,0.0025880854901977604,0.05,0.01,1.0,10,192,2872336,,24,,4,,
225,PRUNED,4.999668139007343,1,lean,24,4,24,3,late,0.024116447438610546,0.10425625821003544,0.75,1.0,1,one,0.005148682814956324,0.0,0.04,1.0,15,64,2908548,,24,,2,,
226,COMPLETE,4.3863590359687805,2,lean,24,1,32,4,midlate,0.0034052883739384477,0.032313776526811826,1.25,0.9,1,learned,0.0037016723838727774,0.1,0.01,0.5,12,128,2892196,0.08126050233840942,24,410273.6974029334,1,4.49266242980957,
227,COMPLETE,4.339447796344757,3,full,24,8,8,3,midlate,0.018659076830996733,0.01715506596673689,1.25,1.05,2,linear,0.003663206784432129,0.15,0.06,1.0,11,192,2969524,0.008838295936584473,24,498937.3787388521,5,4.49350118637085,
228,PRUNED,5.3302595648705395,1,full,16,4,24,4,late,0.003501508982047031,0.056046089146566794,0.8164965809277261,1.05,2,one,0.001794989411278285,0.15,0.01,1.0,16,64,2964736,,24,,4,,
229,COMPLETE,4.4059858322143555,1,full,24,8,8,3,late,0.02695385946778669,0.01779228780634642,1.25,1.0,1,head_scalar,0.0044580399776064945,0.1,0.04,0.5,16,64,2949528,0.020731627941131592,24,415370.2471024501,3,4.493346214294434,
230,PRUNED,4.952214136239904,2,full,32,1,32,2,midlate,0.003660049820251074,0.19176963343679598,1.25,1.05,2,linear,0.002899335980893573,0.05,0.02,1.0,13,128,2947770,,24,,2,,
231,PRUNED,4.968294990164967,2,lean,8,1,16,3,even,0.004143149939803254,0.018906766193286448,1.25,1.0,2,learned,0.0030447337139581565,0.05,0.04,1.0,12,128,2847075,,24,,6,,
232,PRUNED,5.277369278799009,3,lean,16,1,32,3,even,0.006665199001970019,0.07192322626684068,0.75,1.05,2,linear,0.0015899638022614012,0.0,0.04,0.5,10,192,2865707,,24,,0,,
233,PRUNED,5.026850258990348,2,lean,8,4,8,3,midlate,0.018694173183474126,0.03584741625896149,1.0,0.9,2,head_scalar,0.0029048256300448693,0.15,0.04,0.5,12,128,2853036,,24,,6,,
234,PRUNED,5.041934315125037,3,lean,8,2,24,4,midlate,0.010707923068873372,0.04903607205132397,1.25,1.05,2,linear,0.0026003297137465807,0.0,0.04,0.5,10,192,2875600,,24,,2,,
235,COMPLETE,4.398160815238953,1,lean,8,1,16,3,late,0.027349703514929134,0.14128568552240509,0.75,1.05,2,head_scalar,0.00504310987251958,0.15,0.04,1.0,15,64,2844711,0.018352866172790527,24,411959.2797611673,4,4.492166996002197,
236,PRUNED,5.124471770934891,1,full,16,4,16,3,late,0.013447349810335072,0.023170894488812,0.8164965809277261,1.05,2,learned,0.0024554482720367823,0.05,0.01,1.0,16,64,2932620,,24,,0,,
237,PRUNED,5.311836627375003,3,lean,16,1,16,6,late,0.006684771913244911,0.14633009848575898,0.75,0.9,1,learned,0.0015001414787103441,0.15,0.06,0.5,10,192,2890862,,24,,6,,
238,PRUNED,5.122848448866408,1,full,32,8,32,4,late,0.02113155781241372,0.0417638556259759,1.25,1.05,2,learned,0.0025564738387819368,0.15,0.04,1.0,16,64,3084064,,24,,1,,
239,COMPLETE,4.378525197505951,1,lean,24,4,8,2,late,0.01342078931793639,0.19773631675149883,1.25,1.05,1,one,0.005440943598220299,0.05,0.04,1.0,15,64,2871556,0.011666595935821533,24,471860.4600033646,5,4.492450714111328,
240,PRUNED,5.221845694343072,1,full,32,8,32,3,even,0.02359903564184938,0.07123283223715111,1.0,1.0,2,head_scalar,0.0021568564384833924,0.1,0.06,0.5,16,64,3040920,,24,,2,,
241,PRUNED,5.036122871468316,2,full,24,1,32,2,late,0.02111502907562431,0.020225066347246468,0.75,1.0,2,learned,0.0023222566518759776,0.15,0.01,0.5,13,128,2933418,,24,,3,,
242,COMPLETE,4.403250753879547,1,lean,24,2,24,4,even,0.0031527563181137463,0.2122217360504782,0.8164965809277261,1.05,1,one,0.004554041176380324,0.15,0.04,0.5,15,64,2904580,0.0454217791557312,24,333916.044496563,0,4.492830276489258,
243,PRUNED,5.120296525352546,2,full,16,8,8,6,midlate,0.02765724013450358,0.1320836261726499,0.8164965809277261,1.05,1,one,0.0022524351908714112,0.15,0.04,1.0,13,128,2993176,,24,,7,,
244,COMPLETE,4.330560505390167,1,lean,24,4,24,3,late,0.012994973541603207,0.1393465244471517,0.75,1.0,1,linear,0.005048448962268426,0.05,0.06,0.5,15,64,2909328,0.12452429533004761,24,385307.9304175229,6,4.492885112762451,
245,PRUNED,4.9814811931311365,1,full,8,2,16,4,even,0.022359445904826598,0.08125425993713843,1.0,1.05,2,one,0.0038565798495388266,0.15,0.01,0.5,16,64,2914304,,24,,4,,
246,PRUNED,5.217519464170219,2,full,32,4,24,4,even,0.012975620735505136,0.0765559798912809,1.0,1.0,1,learned,0.001915750511023672,0.0,0.02,0.5,13,128,3006280,,24,,3,,
247,COMPLETE,4.2944296002388,3,lean,16,8,24,4,midlate,0.024389476988840125,0.10564552986941561,1.25,0.9,1,one,0.005098643299465583,0.1,0.02,0.5,10,192,2959848,0.06319081783294678,24,260373.37417969637,5,4.493372917175293,
248,PRUNED,4.892947183667593,1,lean,8,2,24,6,late,0.004263761985314377,0.016084051002406896,0.75,1.0,1,one,0.00529389207977878,0.05,0.01,0.5,15,64,2900388,,24,,7,,
249,PRUNED,5.036736619840004,2,lean,32,8,16,6,midlate,0.003589361659417686,0.00898831146861499,0.8164965809277261,1.05,1,linear,0.002773414352687212,0.15,0.06,0.5,12,128,3006864,,24,,4,,
250,PRUNED,4.979343909210437,1,full,24,1,24,4,even,0.022765957778321244,0.0436169319450481,0.8164965809277261,1.05,2,one,0.005461368597373137,0.05,0.01,1.0,16,64,2945536,,24,,3,,
251,COMPLETE,4.375209033489227,1,lean,8,1,32,4,late,0.004942125280111819,0.010945332700100587,1.25,1.05,2,head_scalar,0.00470653205584379,0.0,0.06,0.5,15,64,2863272,0.021437227725982666,24,336920.4624160695,2,4.492381572723389,
252,PRUNED,5.009852712601277,1,full,24,8,8,6,midlate,0.029736061783872537,0.09769960089501042,1.25,0.9,2,one,0.003039609596525356,0.1,0.04,1.0,16,64,2999040,,24,,0,,
253,PRUNED,5.379417008654271,2,lean,32,4,24,6,even,0.017658026715481664,0.19225439690384014,0.75,0.9,2,one,0.0015050236588408166,0.1,0.01,0.5,12,128,2979168,,24,,7,,
254,COMPLETE,4.4019728899002075,3,full,8,8,32,3,even,0.004045674549262425,0.2844524043901484,1.0,1.05,1,one,0.0029681810200533326,0.1,0.04,0.5,11,192,3017404,0.06047523021697998,24,248956.09990924917,3,4.494033336639404,
255,COMPLETE,4.310602962970734,2,full,8,2,24,2,midlate,0.0037400650505369838,0.0697061448895765,0.75,1.05,2,linear,0.004995564441012498,0.15,0.06,0.5,13,128,2908940,0.029580652713775635,24,465784.75864569837,1,4.492849349975586,
256,PRUNED,5.111950863069907,1,lean,24,4,16,4,even,0.0031751850620628805,0.11079103336659289,0.8164965809277261,0.9,2,learned,0.0027320219101072372,0.1,0.01,1.0,15,64,2913812,,24,,6,,
257,PRUNED,5.0331942496311015,1,full,32,1,24,6,midlate,0.016625362792768425,0.01629529982157104,1.25,1.0,2,one,0.0030742624572301113,0.1,0.01,0.5,16,64,2985984,,24,,4,,
258,PRUNED,5.178136337689105,2,full,8,8,24,6,late,0.005322974376421027,0.17462748409794815,0.75,0.9,2,learned,0.002092844228637758,0.0,0.04,1.0,13,128,3080248,,24,,0,,
259,PRUNED,5.50983602125212,1,full,16,8,16,2,even,0.012490225633552714,0.19251717978294025,0.75,0.9,1,head_scalar,0.001500013037160783,0.05,0.02,0.5,16,64,2931728,,24,,6,,
260,PRUNED,5.167684619605543,3,lean,8,1,8,2,midlate,0.008693575803184543,0.2963279730388596,1.0,1.05,2,head_scalar,0.0017522137264098733,0.05,0.06,0.5,10,192,2835914,,24,,4,,
261,PRUNED,5.300499879434077,1,lean,16,2,32,6,even,0.003944740763783796,0.1415776438274031,1.0,1.0,1,linear,0.0020054154515380123,0.05,0.04,0.5,15,64,2930016,,24,,1,,
262,COMPLETE,4.316592872142792,2,lean,24,2,24,4,late,0.02516399306785098,0.04215653095884696,0.75,0.9,2,linear,0.005229265140349607,0.15,0.04,0.5,12,128,2900648,0.03079545497894287,24,378040.32242229313,7,4.492753982543945,
263,COMPLETE,4.3956931829452515,2,full,24,2,32,3,even,0.029994441603752208,0.26923027104145414,1.0,1.05,2,head_scalar,0.0038853296763322314,0.0,0.01,1.0,13,128,2957998,0.017769217491149902,24,402152.84930272296,2,4.493399143218994,
264,PRUNED,4.987111288698475,2,lean,8,4,32,2,late,0.003361130950173784,0.2683983596344615,1.0,0.9,1,linear,0.003986071380014517,0.15,0.01,1.0,12,128,2865704,,24,,4,,
265,COMPLETE,4.334715485572815,3,lean,32,8,24,3,midlate,0.005434983413552112,0.007546085182603088,0.8164965809277261,1.0,1,one,0.004157475416555472,0.15,0.01,1.0,10,192,2949032,0.040481746196746826,24,334415.4501373943,6,4.493243217468262,
266,COMPLETE,4.322621762752533,2,full,32,8,24,3,midlate,0.0033658725960346927,0.007539456239608232,0.75,1.0,2,learned,0.004719789693472979,0.15,0.04,0.5,13,128,3023056,0.022995412349700928,24,307448.8311501606,4,4.494115829467773,
267,COMPLETE,4.285782516002655,3,full,24,2,8,4,late,0.003377375946995641,0.005230055794713788,1.25,0.9,1,one,0.0047448350318739585,0.1,0.06,0.5,11,192,2959900,0.008313000202178955,24,409022.5924563565,1,4.493391990661621,
268,COMPLETE,4.327194571495056,3,full,32,8,24,2,late,0.004769780109668107,0.11633644166378732,0.8164965809277261,1.05,2,linear,0.005078586037685301,0.05,0.02,1.0,11,192,2997404,0.02482372522354126,24,401427.34093836497,5,4.493795394897461,
269,COMPLETE,4.3013142347335815,3,lean,16,8,24,4,midlate,0.01944463925780684,0.07148429722065815,1.25,0.9,1,one,0.004742682177155099,0.1,0.02,0.5,10,192,2959848,0.05661255121231079,24,265504.8767806387,0,4.493372917175293,
270,COMPLETE,4.323613524436951,3,lean,24,4,16,6,even,0.005446723175098222,0.014217512178576931,1.0,0.9,1,head_scalar,0.004553398470245453,0.05,0.02,1.0,10,192,2938400,0.03768879175186157,24,366148.14266317256,7,4.493160247802734,
271,COMPLETE,4.302680492401123,3,full,24,1,24,6,midlate,0.011119233819021038,0.04655296227343574,1.25,0.9,2,head_scalar,0.004755510129445614,0.1,0.04,0.5,11,192,2986786,0.017451047897338867,24,361508.9469726727,2,4.493714332580566,
272,COMPLETE,4.318312227725983,2,full,8,2,24,2,midlate,0.0038832188624242613,0.08851453944804656,0.75,1.05,2,linear,0.004919277766060618,0.15,0.06,0.5,13,128,2908940,0.025063931941986084,24,472052.7793830249,1,4.492849349975586,
273,COMPLETE,4.2984946966171265,2,lean,24,2,24,4,late,0.029603845390457705,0.0716183358496144,0.75,0.9,2,linear,0.0053606691806061995,0.15,0.04,0.5,12,128,2900648,0.0400162935256958,24,400850.9206808451,3,4.492753982543945,
274,COMPLETE,4.2813960909843445,3,full,24,2,8,4,late,0.0033633503577926932,0.009205232357613455,1.25,0.9,1,one,0.00493760424020374,0.1,0.06,0.5,11,192,2959900,0.0054305195808410645,24,455141.5875281071,6,4.493391990661621,
275,COMPLETE,4.3500441908836365,3,lean,24,4,24,2,midlate,0.02914809815028417,0.06863879761177445,1.25,1.0,2,one,0.004764693931469439,0.05,0.01,1.0,10,192,2880520,0.011946260929107666,24,446799.02171595016,5,4.492481231689453,
276,COMPLETE,4.293202102184296,2,full,24,1,32,4,midlate,0.019760919495457774,0.2317759457437909,1.25,0.9,1,one,0.00458902734136459,0.15,0.06,1.0,13,128,2958120,0.05882841348648071,24,407128.8178896324,1,4.4934000968933105,
277,COMPLETE,4.358210504055023,2,full,8,2,24,2,midlate,0.0038974806605511507,0.13293617117150444,0.75,1.05,2,linear,0.004063611295841583,0.15,0.06,0.5,13,128,2908940,0.028907179832458496,24,492972.0111622568,2,4.492849349975586,
278,COMPLETE,4.3448299169540405,3,lean,24,1,32,3,late,0.005732015288990269,0.015778145896152968,0.8164965809277261,1.0,2,one,0.004156279040726813,0.0,0.06,1.0,10,192,2876552,0.005853474140167236,24,486825.50376763684,7,4.4924421310424805,
279,COMPLETE,4.364320397377014,3,full,24,1,24,6,midlate,0.016164162765792887,0.13883229503924738,1.25,0.9,2,head_scalar,0.0034468299994886405,0.1,0.04,0.5,11,192,2986786,0.018647313117980957,24,346457.0983123196,4,4.493714332580566,
280,COMPLETE,4.298661530017853,3,full,24,2,8,4,late,0.003003681082230808,0.013515803503701632,1.25,0.9,1,one,0.0045465453105168994,0.1,0.06,0.5,11,192,2959900,0.0081634521484375,24,491242.3054155969,6,4.493391990661621,
281,COMPLETE,4.276968240737915,2,full,8,2,24,6,even,0.011876392541913836,0.029588012616370837,0.8164965809277261,0.9,1,linear,0.004888559722098848,0.1,0.04,0.5,13,128,2967316,0.10702770948410034,24,335636.64192787407,3,4.493532180786133,
282,COMPLETE,4.306271314620972,3,lean,8,1,24,2,even,0.015621033245699677,0.007032060954834493,0.8164965809277261,0.9,1,learned,0.00476272665961648,0.15,0.01,0.5,10,192,2840138,0.09166491031646729,24,593740.933927962,2,4.492039680480957,
283,COMPLETE,4.304795324802399,2,lean,32,1,32,3,midlate,0.025361360065487015,0.038238710862878056,0.75,1.05,1,one,0.00475205002307116,0.05,0.06,1.0,12,128,2892768,0.05322033166885376,24,454630.7039221459,5,4.492640495300293,
284,COMPLETE,4.291118681430817,3,lean,16,8,24,4,midlate,0.018657250036972543,0.07034564068825808,1.25,0.9,1,one,0.004699649435433597,0.1,0.02,0.5,10,192,2959848,0.05576533079147339,24,268858.6984041284,0,4.493372917175293,
285,COMPLETE,4.318404793739319,2,lean,24,2,24,4,late,0.029052949767636723,0.13156802479980845,0.75,0.9,2,linear,0.005292004244967812,0.15,0.04,0.5,12,128,2900648,0.03489518165588379,24,405194.75225560326,1,4.492753982543945,
286,COMPLETE,4.289054095745087,2,full,24,1,32,4,midlate,0.029629069219346806,0.2525539983416568,1.25,0.9,1,one,0.0047976343184748214,0.15,0.06,1.0,13,128,2958120,0.0611342191696167,24,414180.6734465093,7,4.4934000968933105,
287,COMPLETE,4.277507245540619,3,full,24,2,8,4,late,0.004535014472637501,0.014132002326882645,1.25,0.9,1,one,0.005135502902528514,0.1,0.06,0.5,11,192,2959900,0.005665123462677002,24,466318.3959393619,6,4.493391990661621,
288,COMPLETE,4.326119124889374,3,full,24,1,8,4,late,0.011561046798523694,0.019486215730663857,1.25,1.0,2,linear,0.004830964016301505,0.0,0.02,1.0,11,192,2956064,0.0072443485260009766,24,449092.60472426534,4,4.493361473083496,
289,COMPLETE,4.312003552913666,3,lean,8,1,24,2,even,0.015620957140165162,0.005434629869312806,0.8164965809277261,0.9,1,learned,0.004620643464202987,0.15,0.01,0.5,10,192,2840138,0.08214640617370605,24,571875.9766654184,2,4.492039680480957,
290,COMPLETE,4.355180025100708,2,lean,32,1,32,3,midlate,0.020365526581687148,0.071438643664268,0.75,1.05,1,one,0.004695948981719628,0.05,0.02,1.0,12,128,2892768,0.057734012603759766,24,464316.6057242727,5,4.492640495300293,
291,COMPLETE,4.3077826499938965,3,lean,24,2,8,4,late,0.003038098307142317,0.007052615574711905,1.25,0.9,1,one,0.004911914634655428,0.1,0.06,0.5,10,192,2880776,0.008125901222229004,24,505810.9578683939,6,4.492494583129883,
292,COMPLETE,4.292118608951569,3,lean,24,1,24,4,midlate,0.017907251170087405,0.014480537390433878,1.25,0.9,1,one,0.005124670307009817,0.15,0.04,1.0,10,192,2884872,0.03648710250854492,24,406901.4095562163,1,4.49254035949707,
293,COMPLETE,4.332093238830566,3,full,24,2,8,4,even,0.004301333423806805,0.005389948880741717,1.25,0.9,2,one,0.003808046843436289,0.1,0.06,0.5,11,192,2959900,0.002985715866088867,24,435873.19115899684,4,4.493391990661621,
294,COMPLETE,4.317249178886414,2,full,24,2,24,6,even,0.015708831771339637,0.0262339038891018,0.8164965809277261,0.9,1,linear,0.004107619278382056,0.1,0.04,0.5,13,128,2996020,0.1078677773475647,24,332629.74927212484,3,4.4938483238220215,
295,PRUNED,4.978110957370073,2,full,24,1,32,4,midlate,0.018932473597328473,0.07258332182310222,1.25,0.9,1,one,0.0028100356877068687,0.15,0.06,1.0,13,128,2958120,,24,,7,,
296,COMPLETE,4.365976810455322,3,lean,16,8,8,6,midlate,0.019390348021183078,0.14999667757033716,1.0,1.0,2,head_scalar,0.0033986906415408515,0.1,0.06,0.5,10,192,2927384,0.014280438423156738,24,350961.1331895385,2,4.4930315017700195,
297,COMPLETE,4.2517459988594055,2,lean,8,2,24,6,even,0.007268624146299028,0.05515885330257526,0.8164965809277261,1.0,1,linear,0.005452371353797223,0.1,0.04,0.5,12,128,2903340,0.13005763292312622,24,325253.1083680424,7,4.492803573608398,
298,COMPLETE,4.284497916698456,3,full,32,2,8,2,late,0.003825153872089438,0.008340555364806547,1.25,0.9,1,one,0.004950833476887876,0.1,0.06,0.5,11,192,2951308,0.004040420055389404,24,605747.0311323319,6,4.4932756423950195,
299,COMPLETE,4.386840283870697,3,lean,24,1,24,4,midlate,0.01052934590042669,0.0067191923443755495,1.0,0.9,1,head_scalar,0.003356168177361721,0.15,0.02,1.0,10,192,2884876,0.04630404710769653,24,458924.8046516132,5,4.492547988891602,
300,COMPLETE,4.36441171169281,2,full,24,2,8,4,late,0.005743187588610626,0.00802812922436952,0.8164965809277261,0.9,1,one,0.0038605618092947213,0.1,0.06,0.5,13,128,2949928,0.009758293628692627,24,442571.49004711054,4,4.4933085441589355,
301,COMPLETE,4.35884815454483,3,full,24,2,8,4,late,0.005998456477773616,0.03105632722204894,1.25,0.9,1,one,0.0035685192799057193,0.05,0.06,0.5,11,192,2959900,0.006736099720001221,24,489232.53128741327,1,4.493391990661621,
302,COMPLETE,4.314800560474396,3,lean,16,8,24,4,midlate,0.017515424323079454,0.10564921391356279,1.25,0.9,1,one,0.004546042444370284,0.1,0.02,0.5,10,192,2959848,0.060869693756103516,24,272562.93904834933,0,4.493372917175293,
303,PRUNED,4.891062623137859,2,lean,32,1,32,3,midlate,0.022993161869655603,0.012372629307529606,0.8164965809277261,1.05,1,one,0.0031713774630000354,0.05,0.06,1.0,12,128,2892768,,24,,6,,
304,COMPLETE,4.315294027328491,2,full,8,2,24,3,even,0.00991326907068896,0.027601771152348326,1.25,0.9,1,linear,0.004942030855897924,0.1,0.04,0.5,13,128,2923534,0.08631455898284912,24,440333.9912791163,4,4.493020057678223,
305,COMPLETE,4.362381219863892,3,lean,24,1,24,3,even,0.02937705438490036,0.008353809839706587,1.25,0.9,1,one,0.003430444848128997,0.15,0.04,1.0,10,192,2873480,0.033781588077545166,24,543874.7152998905,3,4.49240779876709,
306,COMPLETE,4.280712187290192,2,full,24,1,32,2,midlate,0.028784704124660436,0.11170589767271175,1.25,0.9,1,one,0.00547913312385745,0.15,0.06,1.0,13,128,2933288,0.033561885356903076,24,486614.06982502434,2,4.493112087249756,
307,COMPLETE,4.309787333011627,3,full,32,2,16,2,late,0.008118654910929269,0.0067315654221661745,1.25,0.9,1,one,0.004355338305879371,0.1,0.06,0.5,11,192,2955404,0.01867431402206421,24,545068.9476964078,5,4.493321418762207,
308,COMPLETE,4.277679145336151,3,lean,32,1,24,4,midlate,0.026225580717072386,0.017479038305103247,1.25,0.9,1,one,0.004811475908797972,0.15,0.04,1.0,10,192,2895912,0.04471540451049805,24,472384.84490989766,6,4.492654800415039,
309,COMPLETE,4.252134919166565,2,full,24,2,32,4,midlate,0.024458273892356372,0.05746630455543833,1.25,0.9,1,linear,0.00545095488860564,0.15,0.06,1.0,13,128,2975024,0.14932125806808472,24,328694.1184382446,1,4.493598461151123,
310,COMPLETE,4.277238488197327,3,full,24,2,8,2,late,0.003957510192477596,0.014188837787312803,1.25,0.9,1,one,0.005063911412007788,0.1,0.06,1.0,11,192,2939164,0.004522085189819336,24,445901.2508256893,7,4.493149757385254,
311,COMPLETE,4.293210983276367,2,full,8,2,24,6,even,0.015406905411052482,0.01292151272641319,0.8164965809277261,0.9,1,linear,0.0045397748352596435,0.05,0.06,0.5,13,128,2967316,0.09613478183746338,24,314995.0460142876,5,4.493532180786133,
312,COMPLETE,4.307700753211975,2,lean,8,2,24,6,even,0.00707400465687594,0.052476626713740177,0.8164965809277261,1.0,1,linear,0.004312429677052759,0.1,0.04,0.5,12,128,2903340,0.11068111658096313,24,339536.24721641897,3,4.492803573608398,
313,COMPLETE,4.289128839969635,2,full,24,1,32,2,midlate,0.018445922169486564,0.13300723638905573,1.25,0.9,1,one,0.005244026529825666,0.15,0.06,1.0,13,128,2933288,0.03284907341003418,24,477404.24565108656,2,4.493112087249756,
314,COMPLETE,4.300702095031738,2,full,8,2,24,6,midlate,0.010433499531192903,0.10844403883148755,0.8164965809277261,0.9,1,linear,0.004180512230751531,0.1,0.04,0.5,13,128,2967316,0.1469268798828125,24,323072.8356580097,4,4.493532180786133,
315,COMPLETE,4.250552654266357,3,lean,24,1,24,4,midlate,0.028208883512147162,0.007954780678647196,0.75,0.9,1,one,0.005389968322823053,0.15,0.04,1.0,10,192,2884872,0.052490293979644775,24,485711.22675767145,6,4.49254035949707,
316,COMPLETE,4.306806743144989,3,full,24,2,8,2,late,0.0031104920304252273,0.006345732360021943,1.25,0.9,1,one,0.004628499837388397,0.1,0.06,1.0,11,192,2939164,0.007743775844573975,24,588381.9094816515,7,4.493149757385254,
317,COMPLETE,4.313188135623932,3,lean,32,1,24,4,midlate,0.0239065997439532,0.03060598571926236,1.25,0.9,1,one,0.004142634972980906,0.15,0.04,1.0,10,192,2895912,0.04206991195678711,24,425267.9712112679,2,4.492654800415039,
318,COMPLETE,4.305737137794495,2,full,24,2,32,2,midlate,0.01973100965486965,0.12707496353867684,1.25,0.9,1,one,0.004289534381738507,0.15,0.06,1.0,13,128,2941480,0.04473787546157837,24,482256.60712021653,1,4.493203639984131,
319,COMPLETE,4.266312837600708,3,lean,24,1,24,3,midlate,0.007981942287659334,0.029345663884483026,1.0,0.9,1,head_scalar,0.005367914557395352,0.15,0.04,1.0,10,192,2873483,0.04431098699569702,24,538214.3454638728,7,4.492413520812988,
320,COMPLETE,4.215053558349609,2,full,24,2,32,4,midlate,0.01586440675447294,0.021854101465742203,1.25,1.0,1,linear,0.005355635636888596,0.15,0.06,1.0,13,128,2975024,0.14147043228149414,24,369580.4276631694,6,4.493598461151123,
321,COMPLETE,4.283537149429321,3,lean,24,2,24,4,midlate,0.020218700764616394,0.0056014277082142285,0.75,0.9,1,one,0.00471861910038452,0.15,0.04,1.0,10,192,2897160,0.06267225742340088,24,326574.678560057,0,4.492677688598633,
322,PRUNED,4.89254549756469,2,full,8,2,24,6,even,0.012145404598146309,0.011969354339445366,1.0,0.9,1,linear,0.0034076755583317786,0.05,0.06,0.5,13,128,2967316,,24,,5,,
323,COMPLETE,4.314736485481262,2,full,32,1,32,4,midlate,0.02952323870211624,0.05889904337234552,1.25,0.9,1,one,0.004787092935606092,0.1,0.06,1.0,13,128,2972472,0.04293322563171387,24,405378.8022160719,3,4.49354887008667,
324,COMPLETE,4.297581434249878,2,full,24,1,32,2,midlate,0.020244310349818145,0.01665657679503031,1.0,0.9,1,one,0.005197154722101531,0.15,0.06,1.0,13,128,2933288,0.008401274681091309,24,520511.4013164373,4,4.493112087249756,
325,COMPLETE,4.295436501502991,2,full,24,1,32,4,midlate,0.02602136830727465,0.1918618674782296,1.25,1.0,1,one,0.005334668454451514,0.15,0.06,1.0,13,128,2958120,0.058235764503479004,24,311495.20682345296,7,4.4934000968933105,
326,COMPLETE,4.2525588274002075,2,full,24,1,32,2,midlate,0.023313407213124093,0.09783489786931003,1.25,0.9,1,learned,0.005330299487660039,0.15,0.06,1.0,13,128,2933418,0.1165204644203186,24,474229.9517692321,2,4.493119716644287,
327,COMPLETE,4.299711346626282,2,full,8,1,24,6,even,0.016316258469679455,0.01642370092401855,0.8164965809277261,1.05,1,linear,0.004496752195629279,0.1,0.04,0.5,13,128,2948494,0.12418472766876221,24,357584.29331293545,1,4.493326187133789,
328,COMPLETE,4.282413840293884,2,full,24,2,32,4,midlate,0.02903794404588805,0.19446780637197986,1.25,0.9,2,linear,0.00524593602350734,0.1,0.06,1.0,13,128,2975024,0.052104830741882324,24,331348.79919380177,5,4.493598461151123,
329,COMPLETE,4.282368779182434,3,lean,24,1,24,4,midlate,0.016614930680019468,0.01080495292832106,0.75,0.9,1,one,0.004947436930047811,0.15,0.04,1.0,10,192,2884872,0.042455315589904785,24,454813.24564977834,0,4.49254035949707,
330,COMPLETE,4.321805655956268,3,lean,24,1,16,3,midlate,0.010012047782613897,0.01891146110640834,1.0,0.9,1,head_scalar,0.004267705170711465,0.15,0.04,1.0,10,192,2870411,0.01674795150756836,24,556692.9503060809,4,4.492379188537598,
331,COMPLETE,4.2613444328308105,3,lean,24,8,24,3,late,0.00744872551863107,0.04002906455905261,1.0,0.9,1,head_scalar,0.005209378086605932,0.15,0.04,1.0,10,192,2938016,0.052830278873443604,24,310797.8505216185,3,4.493134498596191,
332,COMPLETE,4.285114645957947,2,full,24,1,32,2,late,0.02846225204430948,0.147829829603445,1.25,0.9,1,learned,0.005062069448365291,0.15,0.01,1.0,13,128,2933418,0.11658269166946411,24,511294.217658832,2,4.493119716644287,
333,COMPLETE,4.244046092033386,2,full,24,4,32,4,midlate,0.01733573506045825,0.02924333753497999,1.25,1.0,1,linear,0.0045686805754856195,0.15,0.06,1.0,13,128,3008312,0.15548038482666016,24,290965.9989584083,6,4.4939703941345215,
334,COMPLETE,4.2823410630226135,2,full,24,2,32,4,midlate,0.026871045135699722,0.08390185353018988,1.0,0.9,1,linear,0.004377941291756829,0.15,0.06,1.0,13,128,2975024,0.15733498334884644,24,305452.47820211935,7,4.493598461151123,
335,COMPLETE,4.29074901342392,1,full,24,1,32,2,midlate,0.02284544452388888,0.10993241344615329,1.25,0.9,1,learned,0.005154461323197119,0.15,0.06,1.0,16,64,2924930,0.1341533660888672,24,430134.31410935166,1,4.493066787719727,
336,COMPLETE,4.240322232246399,2,full,8,2,32,6,even,0.02894971465509379,0.04409067670783506,0.8164965809277261,0.9,1,linear,0.005345423945416058,0.0,0.04,0.5,13,128,2979604,0.15272819995880127,24,287620.65232458856,4,4.493669509887695,
337,COMPLETE,4.315638840198517,3,lean,24,1,8,4,midlate,0.021148344500957636,0.010176227566363456,0.75,1.05,1,one,0.004668418437632528,0.15,0.04,1.0,10,192,2876680,0.015087723731994629,24,450693.4037448762,0,4.492448806762695,
338,COMPLETE,4.299483478069305,2,full,24,1,32,3,late,0.021819480729152317,0.1419393821527526,1.25,0.9,1,learned,0.004430748908920598,0.15,0.01,1.0,13,128,2945899,0.12405902147293091,24,446044.03400311124,2,4.49326753616333,
339,COMPLETE,4.289250671863556,2,full,24,2,32,6,midlate,0.021390430914761192,0.1593419792990986,1.25,0.9,2,linear,0.004908018450927079,0.1,0.06,1.0,13,128,3008308,0.051217496395111084,24,287317.00955570466,5,4.493985652923584,
340,COMPLETE,4.317090272903442,3,lean,24,2,24,4,midlate,0.018481888839164167,0.005184943782377832,0.75,0.9,1,one,0.004104102707895571,0.15,0.04,1.0,10,192,2897160,0.05471158027648926,24,404811.6523808589,1,4.492677688598633,
341,COMPLETE,4.21490603685379,2,full,24,2,32,4,late,0.017574374927253875,0.039752264942682865,1.25,0.9,1,linear,0.005462096749810314,0.15,0.06,1.0,13,128,2975024,0.16395962238311768,24,373146.8855464211,0,4.493598461151123,
342,COMPLETE,4.299910247325897,2,full,24,2,32,4,midlate,0.029829791464774786,0.2618887552575599,1.0,0.9,1,learned,0.003922322971726019,0.15,0.06,1.0,13,128,2975024,0.14760929346084595,24,351511.06955934607,7,4.493598461151123,
343,COMPLETE,4.29526549577713,2,full,24,2,16,6,midlate,0.009061090871396374,0.050012222860275624,1.0,0.9,1,linear,0.004522206826364137,0.15,0.06,1.0,13,128,2983732,0.07984310388565063,24,356643.09073656803,2,4.494687557220459,
344,COMPLETE,4.221577882766724,2,full,32,2,32,4,midlate,0.02649562252068873,0.01862656631808359,1.25,0.9,1,linear,0.004804924576335167,0.15,0.06,0.5,13,128,2989376,0.14836347103118896,24,372659.54917178606,3,4.493747234344482,
345,COMPLETE,4.2419543862342834,2,full,24,2,32,3,midlate,0.027384867157041786,0.03630540972840582,1.0,0.9,1,linear,0.005246751179900551,0.15,0.06,1.0,13,128,2958382,0.16190505027770996,24,415536.01794703567,6,4.493404865264893,
346,COMPLETE,4.2353381514549255,2,full,24,4,32,4,midlate,0.019028088460440833,0.009565428800138255,1.25,1.0,1,linear,0.004998782268036093,0.15,0.06,1.0,13,128,3008312,0.15546029806137085,24,288705.3536205378,1,4.4939703941345215,
347,COMPLETE,4.331076502799988,2,full,8,2,32,6,even,0.025207724376359812,0.03499893499551289,0.8164965809277261,0.9,1,linear,0.004409763815847251,0.0,0.02,0.5,13,128,2979604,0.11532700061798096,24,288390.34020415216,4,4.493669509887695,
348,COMPLETE,4.292113959789276,3,lean,24,8,24,3,late,0.009013734886353954,0.09313485667290164,1.0,0.9,1,head_scalar,0.00459448489850416,0.15,0.04,1.0,10,192,2938016,0.05902230739593506,24,318537.0149257421,2,4.493134498596191,
349,COMPLETE,4.240061283111572,2,full,24,2,32,4,even,0.026285936130921055,0.06002466319756231,1.25,0.9,1,linear,0.005488064231396663,0.15,0.06,1.0,13,128,2975024,0.13572269678115845,24,353939.19191853295,0,4.493598461151123,
350,PRUNED,4.882064956002232,1,full,8,4,32,2,even,0.023153253000004384,0.038366681917960166,0.8164965809277261,0.9,1,linear,0.004886289839266456,0.0,0.04,0.5,16,64,2914568,,24,,5,,
351,COMPLETE,4.303394794464111,3,lean,24,1,16,6,midlate,0.019260410381075753,0.019090095228945912,0.75,0.9,1,one,0.0047976499639554564,0.15,0.04,1.0,10,192,2901512,0.03697389364242554,24,373342.85327673506,7,4.49273681640625,
352,COMPLETE,4.269075572490692,2,full,32,2,32,4,midlate,0.024657157375212447,0.022625081409558212,1.25,0.9,1,linear,0.004080581663537637,0.15,0.06,0.5,13,128,2989376,0.12834179401397705,24,362448.00223630853,3,4.493747234344482,
353,COMPLETE,4.297953128814697,2,full,24,2,32,3,midlate,0.02919857634513311,0.07932714473961354,1.0,0.9,2,linear,0.005192554583072314,0.15,0.06,1.0,13,128,2958382,0.04643052816390991,24,416416.48066817824,6,4.493404865264893,
354,COMPLETE,4.349990129470825,3,full,8,2,16,6,even,0.0285621583380584,0.027837586276890456,0.8164965809277261,0.9,1,linear,0.0037112812723783736,0.0,0.04,0.5,11,192,2969416,0.06488204002380371,24,384557.2134088675,5,4.493526935577393,
355,COMPLETE,4.314469337463379,2,full,24,2,32,3,midlate,0.02552536105283258,0.025199013185061764,0.75,0.9,1,linear,0.004070760624305089,0.05,0.06,1.0,13,128,2958382,0.11179661750793457,24,398835.0395733036,7,4.493404865264893,
356,COMPLETE,4.302927196025848,2,full,24,2,32,4,midlate,0.016574348158950335,0.06900635138556878,1.25,0.9,1,linear,0.004527136531986111,0.15,0.02,1.0,13,128,2975024,0.13246244192123413,24,353071.1657345729,0,4.493598461151123,
357,COMPLETE,4.238869845867157,2,full,24,2,32,4,even,0.023200324855377315,0.02799615775076054,1.25,0.9,1,linear,0.004844907784307799,0.15,0.06,1.0,13,128,2975024,0.1305621862411499,24,370173.6956835185,4,4.493598461151123,
358,COMPLETE,4.252411901950836,2,full,24,4,32,4,midlate,0.025852137033137004,0.04538069187981563,1.25,1.0,1,linear,0.004472860622372705,0.15,0.06,1.0,13,128,3008312,0.14542073011398315,24,292674.6733655643,1,4.4939703941345215,
359,COMPLETE,4.213000059127808,3,full,24,2,32,4,midlate,0.007479892050603949,0.02558095173650575,1.25,1.0,1,linear,0.005052983811579781,0.15,0.06,1.0,11,192,2984996,0.14462333917617798,24,388944.4127641752,6,4.493681907653809,
360,COMPLETE,4.290786325931549,2,lean,24,2,32,3,midlate,0.025880299563864385,0.03428075228422599,1.0,0.9,1,linear,0.004275743218823515,0.15,0.06,1.0,12,128,2892198,0.12796258926391602,24,424130.59398073953,5,4.49265193939209,
361,COMPLETE,4.279476225376129,2,full,8,2,24,2,even,0.026572513740854918,0.04753267371859542,0.8164965809277261,0.9,1,learned,0.005394128375705521,0.1,0.04,0.5,13,128,2908940,0.1018218994140625,24,481670.13477100286,2,4.492849349975586,
362,PRUNED,4.93284227521354,2,full,32,4,32,4,midlate,0.01153308192277225,0.03920457667194015,1.25,0.9,1,one,0.003450352882855749,0.15,0.06,0.5,13,128,3021624,,24,,3,,
363,COMPLETE,4.268006205558777,2,full,32,2,16,4,midlate,0.022155474075802695,0.042520218932452336,1.25,0.9,1,linear,0.004963952857649627,0.15,0.06,0.5,13,128,2972992,0.08046501874923706,24,424542.40814330266,7,4.493564128875732,
364,COMPLETE,4.310426294803619,2,full,8,2,24,2,even,0.027468401717085037,0.063771462616425,0.8164965809277261,0.9,1,learned,0.004633794209128416,0.1,0.04,0.5,13,128,2908940,0.09449905157089233,24,480280.3758404272,2,4.492849349975586,
365,COMPLETE,4.279357373714447,2,full,8,2,32,4,late,0.026056506753944622,0.008771096302565885,1.25,0.9,1,linear,0.004491569344657352,0.15,0.06,0.5,13,128,2946320,0.1340388059616089,24,366191.7178298677,3,4.493282318115234,
366,COMPLETE,4.320473611354828,3,lean,24,1,24,2,midlate,0.007441489093507045,0.03337328079973474,1.0,0.9,1,head_scalar,0.0043848049310620295,0.15,0.04,1.0,10,192,2862090,0.038749635219573975,24,519090.0500889455,0,4.493255615234375,
367,COMPLETE,4.325414597988129,2,full,24,1,32,2,midlate,0.018361670352836864,0.10549064008783145,1.25,1.05,2,learned,0.004289130581610053,0.15,0.06,1.0,13,128,2933418,0.029522180557250977,24,442114.0189512579,5,4.493119716644287,
368,COMPLETE,4.243304431438446,2,full,24,2,32,4,even,0.022066262166543164,0.0230194318461757,1.25,0.9,1,linear,0.0047745851234587125,0.15,0.06,1.0,13,128,2975024,0.13819003105163574,24,367483.1777626065,4,4.493598461151123,
369,PRUNED,4.892333610519854,2,full,32,2,32,4,midlate,0.02620069741815978,0.008602477277698391,1.25,0.9,1,linear,0.0032740268039286495,0.0,0.06,0.5,13,128,2989376,,24,,6,,
370,COMPLETE,4.245677351951599,2,full,32,2,16,4,midlate,0.02224522950262089,0.09990539234103478,1.25,0.9,1,linear,0.005334954331839197,0.15,0.06,0.5,13,128,2972992,0.08136147260665894,24,445032.5373329577,7,4.493564128875732,
371,COMPLETE,4.274211227893829,2,full,24,2,16,4,midlate,0.009872449934639418,0.010833642996886545,1.25,1.0,1,linear,0.0049166107358176924,0.15,0.06,1.0,13,128,2958640,0.06468576192855835,24,420598.44377390825,2,4.493415355682373,
372,PRUNED,4.933338314786884,1,full,32,1,32,4,midlate,0.022813704423424164,0.010666170421151321,1.25,0.9,1,linear,0.0047601858581354265,0.15,0.06,0.5,16,64,2967556,,24,,0,,
373,COMPLETE,4.230359435081482,3,full,24,8,32,4,midlate,0.007622567037966671,0.05235015376805704,1.25,1.0,1,linear,0.004381861082798131,0.15,0.06,1.0,11,192,3084860,0.14995282888412476,24,188557.70023707085,5,4.494797706604004,
374,COMPLETE,4.264644026756287,3,full,24,2,32,4,midlate,0.011433414854586713,0.037816622001546646,0.8164965809277261,1.0,1,linear,0.004387871943154169,0.15,0.02,1.0,11,192,2984996,0.14190250635147095,24,375829.1149609055,6,4.493681907653809,
375,COMPLETE,4.280765771865845,3,lean,32,1,24,3,even,0.0158395143124736,0.02797264391674104,1.0,0.9,1,head_scalar,0.00455943223718618,0.15,0.04,1.0,10,192,2884523,0.04735231399536133,24,495270.1537352749,1,4.492527961730957,
376,COMPLETE,4.301481008529663,2,full,24,4,32,4,midlate,0.024447479995410498,0.016672999897627133,1.25,1.0,1,linear,0.003982812954455109,0.15,0.06,1.0,13,128,3008312,0.14003819227218628,24,287981.64788611396,0,4.4939703941345215,
377,COMPLETE,4.258879780769348,2,full,8,2,32,6,even,0.027762565297921014,0.04666511840372619,0.8164965809277261,1.0,1,linear,0.005301762106322067,0.0,0.04,0.5,13,128,2979604,0.14812815189361572,24,292260.38564034516,3,4.493669509887695,
378,COMPLETE,4.3222402930259705,2,full,32,2,16,4,midlate,0.025231129260540996,0.06220747841405811,1.25,0.9,1,linear,0.004478151815610087,0.15,0.02,0.5,13,128,2972992,0.06555873155593872,24,390542.1811083064,7,4.493564128875732,
379,COMPLETE,4.332308650016785,2,full,16,2,16,4,midlate,0.014235286694728778,0.0057708193682893425,1.25,1.0,1,linear,0.00435296329063705,0.05,0.06,1.0,13,128,2944288,0.06085991859436035,24,423542.4289529695,2,4.493247985839844,
380,COMPLETE,4.23772668838501,2,full,24,2,32,4,even,0.02642477273125849,0.020911011441626205,1.25,0.9,1,linear,0.005304919421891855,0.15,0.06,1.0,13,128,2975024,0.15526163578033447,24,314023.91938529076,4,4.493598461151123,
381,COMPLETE,4.194109737873077,2,full,32,2,32,4,midlate,0.018216418180732052,0.0471093146917482,1.25,0.9,1,linear,0.005418485039058876,0.15,0.06,0.5,13,128,2989376,0.16391682624816895,24,348426.5760236883,1,4.493747234344482,
382,COMPLETE,4.317223966121674,1,full,8,2,24,6,even,0.01114536621854012,0.008085846250603993,0.8164965809277261,0.9,1,linear,0.00543203794998881,0.1,0.04,0.5,16,64,2952204,0.13133519887924194,24,300959.89390995365,7,4.494382858276367,
383,COMPLETE,4.240127682685852,2,full,24,2,32,6,midlate,0.01663048634422061,0.01935737924712827,1.25,1.0,1,learned,0.00479164561052778,0.15,0.06,1.0,13,128,3008308,0.1774066686630249,24,285334.6613915707,2,4.493985652923584,
384,COMPLETE,4.306573748588562,3,full,24,2,32,3,midlate,0.014392355295074957,0.02488965881751675,0.8164965809277261,1.0,1,linear,0.003733096664869043,0.15,0.02,1.0,11,192,2968354,0.10772472620010376,24,423160.34423707507,6,4.493488311767578,
385,PRUNED,4.919689098232567,2,full,24,2,32,4,even,0.013793110252152083,0.03310314599892842,1.25,0.9,1,linear,0.003632052462176094,0.15,0.06,1.0,13,128,2975024,,24,,4,,
386,COMPLETE,4.272747218608856,2,full,32,1,16,4,late,0.02496221837970389,0.02924001288485518,1.25,0.9,1,linear,0.005073590537949531,0.15,0.06,0.5,13,128,2964540,0.05776476860046387,24,428258.7940235257,1,4.493472576141357,
387,COMPLETE,4.340787351131439,2,full,8,2,32,3,even,0.012896304634112437,0.02526773109055897,0.8164965809277261,1.0,1,linear,0.003915406251656256,0.0,0.04,0.5,13,128,2929678,0.09838622808456421,24,398888.6721565228,3,4.493088722229004,
388,COMPLETE,4.2776979804039,3,full,8,2,32,4,midlate,0.011734712233964167,0.008133297995873614,1.25,1.0,1,linear,0.003787026585996424,0.15,0.06,1.0,11,192,2960708,0.1613979935646057,24,306643.51781218837,0,4.493414402008057,
389,PRUNED,4.914376469760757,2,lean,8,2,32,6,midlate,0.02268567200192391,0.021039468723689166,0.8164965809277261,0.9,1,linear,0.004020913695186837,0.0,0.04,0.5,12,128,2915628,,24,,6,,
390,COMPLETE,4.337159514427185,2,full,24,2,32,4,even,0.01977807415343714,0.049528640012546435,1.25,0.9,2,linear,0.005076939452220032,0.15,0.01,1.0,13,128,2975024,0.031011343002319336,24,369772.3346773615,7,4.493842601776123,
391,COMPLETE,4.2005075216293335,3,full,24,2,32,4,midlate,0.02935869091740036,0.013774066528538553,1.25,0.9,1,linear,0.005118675055119951,0.15,0.06,1.0,11,192,2984996,0.14327502250671387,24,365713.60945015703,4,4.493681907653809,
392,COMPLETE,4.300015807151794,3,full,24,2,32,4,midlate,0.008868589556320763,0.023993553336390312,1.25,1.0,1,linear,0.004324831564677116,0.05,0.01,1.0,11,192,2984996,0.12948858737945557,24,341882.5577507485,1,4.493681907653809,
393,COMPLETE,4.2666953802108765,2,full,24,2,32,6,midlate,0.01264452795871831,0.027786055530735963,1.25,1.0,1,learned,0.004723649807611135,0.15,0.06,1.0,13,128,3008308,0.1534334421157837,24,287145.32972031116,2,4.493985652923584,
394,COMPLETE,4.235483765602112,2,full,32,8,32,4,even,0.027778404047907032,0.04634106506284554,1.25,0.9,1,linear,0.004821416325680092,0.15,0.06,1.0,13,128,3089240,0.14984261989593506,24,196102.77039887186,6,4.494863033294678,
395,COMPLETE,4.304459631443024,2,full,8,2,32,6,even,0.0278377873210652,0.07037766484939717,0.8164965809277261,1.0,1,head_scalar,0.005497052391147826,0.0,0.04,0.5,13,128,2978836,0.08666914701461792,24,290995.77492259606,3,4.493658065795898,
396,COMPLETE,4.265876471996307,3,full,24,8,32,4,midlate,0.009972622158133352,0.11420536747161839,1.25,1.0,1,head_scalar,0.004406336911773165,0.15,0.06,1.0,11,192,3082812,0.07457137107849121,24,191289.58630899497,5,4.494894981384277,
397,COMPLETE,4.22528737783432,2,full,24,2,32,4,midlate,0.021275076978058912,0.05202891113401923,1.25,1.0,1,linear,0.005234575922039448,0.1,0.06,1.0,13,128,2975024,0.15166401863098145,24,364191.1809946438,0,4.493598461151123,
398,COMPLETE,4.179498136043549,3,full,24,4,32,4,midlate,0.006530840353231691,0.04298997846142941,1.25,1.0,1,linear,0.005221875242842096,0.15,0.06,1.0,11,192,3018284,0.17693322896957397,24,271222.550227073,4,4.494053840637207,
399,COMPLETE,4.222312867641449,3,full,24,2,32,4,late,0.022357690354739616,0.008427561953496254,1.25,0.9,1,linear,0.004910964813990856,0.15,0.06,1.0,11,192,2984996,0.16683578491210938,24,346520.28226087044,7,4.493681907653809,
400,COMPLETE,4.295991361141205,2,full,24,2,8,3,midlate,0.01950543433031937,0.02554081669485492,1.25,0.9,1,linear,0.005105197462982939,0.15,0.06,1.0,13,128,2939950,0.022844552993774414,24,460595.05197931593,1,4.493198871612549,
401,COMPLETE,4.243582367897034,2,full,16,2,32,4,midlate,0.013178441853683531,0.02160508058693738,1.25,1.05,1,linear,0.0050496932037097115,0.15,0.06,1.0,13,128,2960672,0.16862821578979492,24,352292.5509927528,1,4.493431091308594,
402,PRUNED,4.86984114288527,2,full,24,2,24,3,midlate,0.029302827305339174,0.01690928108825817,1.0,0.9,1,one,0.003854947629665226,0.15,0.01,1.0,13,128,2951848,,24,,2,,
403,COMPLETE,4.272684156894684,2,full,32,8,32,3,midlate,0.022803271495230315,0.015722346108319588,1.0,0.9,1,linear,0.004223510703262372,0.15,0.06,1.0,13,128,3047632,0.12533491849899292,24,233880.5224097501,0,4.494390487670898,
404,COMPLETE,4.247435986995697,2,full,24,2,32,4,midlate,0.022532435921738186,0.046415816737361094,1.25,1.0,1,linear,0.0049194160744866385,0.1,0.06,1.0,13,128,2975024,0.1466435194015503,24,345753.1545989243,3,4.493598461151123,
405,COMPLETE,4.313660621643066,2,full,8,2,32,6,midlate,0.028816996690457806,0.1603454204981239,0.8164965809277261,1.0,1,linear,0.004973571790154127,0.0,0.01,0.5,13,128,2979604,0.15533792972564697,24,288184.7413125254,2,4.493669509887695,
406,COMPLETE,4.236745774745941,3,full,24,2,32,4,midlate,0.01979172273183054,0.012147316893167793,1.25,1.05,1,linear,0.004719908119679513,0.15,0.06,1.0,11,192,2984996,0.14466255903244019,24,393366.4325289193,7,4.493681907653809,
407,COMPLETE,4.282560646533966,3,full,24,4,32,4,midlate,0.007448864077074481,0.034242893035556166,1.25,1.0,1,linear,0.003546520012156989,0.15,0.06,0.5,11,192,3018284,0.13737815618515015,24,283383.7651151874,4,4.494053840637207,
408,COMPLETE,4.222372472286224,3,full,24,1,32,2,midlate,0.00766843428116411,0.0198562864135856,1.25,1.0,1,linear,0.005334957004092661,0.15,0.06,1.0,11,192,2943390,0.13965368270874023,24,521684.3279884913,1,4.493203163146973,
409,COMPLETE,4.30077052116394,2,full,24,2,32,4,even,0.019770057839460946,0.005293921373495474,0.8164965809277261,0.9,1,linear,0.00450387797121061,0.15,0.02,1.0,13,128,2975024,0.1191672682762146,24,344356.690181851,3,4.493598461151123,
410,PRUNED,4.903355448544255,2,full,24,2,8,4,midlate,0.01966156504342131,0.06750843331194122,1.25,1.0,1,linear,0.00426201197013129,0.1,0.06,1.0,13,128,2950448,,24,,6,,
411,COMPLETE,4.282123565673828,2,full,16,2,32,4,midlate,0.009107259083456335,0.006897599359708775,1.25,1.05,1,linear,0.004544279531837111,0.15,0.06,1.0,13,128,2960672,0.1503555178642273,24,369859.23894100613,5,4.493431091308594,
412,PRUNED,4.885464345827085,3,full,24,2,32,4,midlate,0.01800961673284134,0.012395013650799553,1.25,1.05,1,linear,0.003407716348150083,0.15,0.06,1.0,11,192,2984996,,24,,7,,
413,COMPLETE,4.229725241661072,3,full,24,2,32,4,late,0.021310419421925707,0.005538870466411439,1.25,0.9,1,linear,0.004623987513035693,0.15,0.06,1.0,11,192,2984996,0.15648895502090454,24,374479.11605108256,6,4.493681907653809,
414,COMPLETE,4.208370208740234,3,full,24,1,32,2,midlate,0.008150008684930954,0.0223706366686867,1.25,1.0,1,linear,0.005306851376180587,0.15,0.06,1.0,11,192,2943390,0.13190358877182007,24,459558.5614120343,1,4.493203163146973,
415,COMPLETE,4.23740017414093,2,full,32,8,32,4,even,0.0249862461724044,0.05500030075283971,1.25,0.9,1,linear,0.005213137429829221,0.15,0.06,1.0,13,128,3089240,0.14821189641952515,24,191007.08009044555,2,4.494863033294678,
416,PRUNED,4.860941958963181,2,full,24,2,32,4,midlate,0.016318567672097536,0.06305063827713431,1.25,1.0,1,linear,0.005491870794822117,0.1,0.02,1.0,13,128,2975024,,24,,7,,
417,COMPLETE,4.172997236251831,3,full,24,4,32,4,midlate,0.00770708211415722,0.1222386677493229,1.25,1.05,1,linear,0.005295494780636288,0.15,0.06,1.0,11,192,3018284,0.18487441539764404,24,289350.24152423727,0,4.494053840637207,
418,COMPLETE,4.2512087225914,3,full,24,1,32,2,midlate,0.005108367758694304,0.041857384260340705,1.25,1.0,1,linear,0.004978664750295728,0.15,0.06,1.0,11,192,2943390,0.10267841815948486,24,533072.7685242646,1,4.493203163146973,
419,PRUNED,4.891379353193122,2,full,8,2,32,6,late,0.024416855041669332,0.06895803203816377,0.8164965809277261,0.9,1,learned,0.0035038237077424958,0.0,0.04,0.5,13,128,2979604,,24,,7,,
420,PRUNED,4.905176402032,3,full,24,4,32,6,midlate,0.007665395153885365,0.02474580368060537,1.25,1.0,1,linear,0.0035098329670763964,0.0,0.06,1.0,11,192,3068212,,24,,3,,
421,COMPLETE,4.313265800476074,2,full,32,2,32,4,even,0.019200815538682376,0.05168672763236532,0.75,1.0,1,linear,0.0038095534205994123,0.15,0.06,1.0,13,128,2989376,0.11056238412857056,24,320171.50210902316,4,4.493747234344482,
422,COMPLETE,4.2094473242759705,3,full,32,1,32,2,even,0.008073668888700149,0.018823038734103337,1.25,1.05,1,linear,0.005082044427610891,0.15,0.06,1.0,11,192,2955534,0.12495976686477661,24,509240.62941198266,5,4.493329048156738,
423,PRUNED,4.962322535129029,1,full,24,8,32,4,midlate,0.004692215026896669,0.041486799612010475,1.25,1.0,1,linear,0.0037493313011022723,0.15,0.04,1.0,16,64,3066400,,24,,6,,
424,COMPLETE,4.275607943534851,3,full,16,8,32,3,midlate,0.01157988099584544,0.03693457517397353,1.25,1.0,1,linear,0.003964678056307293,0.15,0.06,1.0,11,192,3031108,0.12198054790496826,24,237774.46916180287,1,4.494183540344238,
425,COMPLETE,4.238603711128235,3,full,24,2,32,4,midlate,0.021791386090677725,0.009496564249173148,0.8164965809277261,0.9,1,linear,0.004393480155813814,0.15,0.06,1.0,11,192,2984996,0.1446300745010376,24,371714.4870008925,7,4.493681907653809,
426,COMPLETE,4.246754348278046,3,full,32,1,32,2,even,0.006031162753587262,0.02011462473591773,1.25,1.05,1,linear,0.0042638472544852726,0.15,0.06,1.0,11,192,2955534,0.11285102367401123,24,514572.7591054313,5,4.493329048156738,
427,COMPLETE,4.227911531925201,2,full,32,2,32,2,late,0.02140372796870184,0.03546359447109282,1.25,0.9,1,linear,0.00538821823944036,0.15,0.06,1.0,13,128,2956092,0.13488304615020752,24,459880.456511119,3,4.4933600425720215,
428,COMPLETE,4.231868743896484,3,full,24,2,32,4,late,0.02689431016584546,0.010753401819767463,1.25,0.9,1,linear,0.004822228253948936,0.15,0.06,1.0,11,192,2984996,0.14410686492919922,24,367746.69631590496,4,4.493681907653809,
429,PRUNED,4.9270577029677,1,full,8,2,32,6,even,0.01944318899858896,0.025748463200570944,1.25,0.9,1,linear,0.0042377337771477615,0.0,0.04,0.5,16,64,2964492,,24,,6,,
430,COMPLETE,4.2428781390190125,2,full,16,2,32,4,midlate,0.02021170920592245,0.04475625012044047,1.25,1.05,1,linear,0.005479025555800367,0.05,0.06,1.0,13,128,2960672,0.1469927430152893,24,338848.1445605304,5,4.493431091308594,
431,COMPLETE,4.202278137207031,3,full,24,2,32,4,midlate,0.0063603710945550115,0.02048004824143818,1.25,1.0,1,linear,0.005340430651891481,0.15,0.06,1.0,11,192,2984996,0.15460824966430664,24,381025.52056511084,0,4.493681907653809,
432,COMPLETE,4.19567346572876,3,full,24,4,32,4,late,0.0076433178945937135,0.14423327447336443,1.25,1.05,1,linear,0.004845579345485401,0.15,0.06,1.0,11,192,3018284,0.1860421895980835,24,278954.5487189792,3,4.494053840637207,
433,COMPLETE,4.236774325370789,3,full,32,1,32,2,midlate,0.008371895441053746,0.005302899804598872,1.25,1.0,1,learned,0.0049306099698520015,0.15,0.06,1.0,11,192,2955534,0.10863423347473145,24,544077.8177816309,7,4.493329048156738,
434,PRUNED,4.884817221668835,1,full,32,2,32,2,late,0.010989568573047769,0.01925883192543601,1.25,0.9,1,linear,0.004918927434890041,0.15,0.06,1.0,16,64,2950916,,24,,6,,
435,PRUNED,5.008428988232154,2,full,32,8,32,4,even,0.02005674600432807,0.023673229524158297,1.25,0.9,1,linear,0.0030606180850850954,0.0,0.06,1.0,13,128,3089240,,24,,2,,
436,PRUNED,4.931657709155484,3,full,24,2,8,4,midlate,0.015801700720228292,0.008124162388685296,1.25,0.9,1,one,0.003520472073023974,0.15,0.06,1.0,11,192,2959900,,24,,6,,
437,COMPLETE,4.291068911552429,3,full,24,2,32,4,late,0.016256299179258943,0.016160676527811862,1.25,0.9,1,head_scalar,0.0041285107694762424,0.15,0.06,1.0,11,192,2984484,0.0674472451210022,24,378596.7612761761,4,4.493674278259277,
438,COMPLETE,4.2376509308815,3,full,24,2,32,4,midlate,0.025829780949297096,0.014080331649259974,0.8164965809277261,0.9,1,linear,0.004711099954644933,0.15,0.06,1.0,11,192,2984996,0.15043926239013672,24,386778.64035091014,7,4.493681907653809,
439,COMPLETE,4.272377133369446,2,full,32,8,32,4,even,0.027224216083027115,0.12824672408037968,1.25,0.9,1,head_scalar,0.004350100058472366,0.15,0.06,0.5,13,128,3087192,0.07349079847335815,24,200187.63384105664,6,4.494838237762451,
440,COMPLETE,4.2548423409461975,3,full,24,2,8,4,late,0.025924460468400367,0.018195949280323132,1.25,0.9,1,linear,0.005224876871165407,0.15,0.06,1.0,11,192,2960420,0.019193291664123535,24,412461.63444969186,5,4.493407249450684,
441,COMPLETE,4.258931994438171,3,full,24,2,24,4,midlate,0.026273160654093894,0.026443319129677116,1.25,0.9,1,linear,0.004731948723886162,0.15,0.04,1.0,11,192,2976804,0.13798892498016357,24,406654.6017413534,1,4.493590354919434,
442,PRUNED,4.896241556621212,1,full,24,2,32,4,midlate,0.016342848336254406,0.03796980124782342,0.75,1.0,1,linear,0.0053271003162778845,0.15,0.06,1.0,16,64,2966536,,24,,0,,
443,COMPLETE,4.192640662193298,3,full,24,2,32,4,midlate,0.004043854723239133,0.019609776098440414,1.25,1.0,1,linear,0.005447677270390191,0.15,0.06,1.0,11,192,2984996,0.14540988206863403,24,368374.89293710457,0,4.493681907653809,
444,PRUNED,4.741037937939115,3,full,24,2,32,4,late,0.027346785664560364,0.015507056304564164,1.25,0.9,1,linear,0.003941552424539,0.0,0.01,1.0,11,192,2984996,,24,,5,,
445,PRUNED,4.778260998496355,2,full,32,2,32,2,late,0.01649580423075497,0.04704571546306763,1.25,0.9,1,linear,0.0049081151108890785,0.0,0.01,1.0,13,128,2956092,,24,,2,,
446,COMPLETE,4.244466602802277,3,full,32,1,32,2,midlate,0.009087074509939199,0.008031103889811122,1.25,1.0,1,learned,0.0045564161727234395,0.15,0.06,1.0,11,192,2955534,0.12196320295333862,24,460820.524748392,3,4.493329048156738,
447,COMPLETE,4.291795015335083,3,full,24,4,32,4,late,0.004594473673711154,0.13553473113233086,1.25,1.05,1,linear,0.003663136424962723,0.15,0.06,1.0,11,192,3018284,0.14565175771713257,24,279213.1565547738,1,4.494053840637207,
448,COMPLETE,4.230453550815582,3,full,24,2,32,4,late,0.016514301721422313,0.0064518715272804325,1.25,0.9,1,linear,0.004772745241366717,0.05,0.06,0.5,11,192,2984996,0.12533676624298096,24,331144.95365204295,4,4.493681907653809,
449,COMPLETE,4.270337402820587,2,full,32,2,32,2,late,0.0287573187447019,0.020455411048908575,1.25,1.05,1,linear,0.0044512215080914535,0.15,0.06,1.0,13,128,2956092,0.1314631700515747,24,476370.05428524886,7,4.4933600425720215,
450,COMPLETE,4.285630702972412,2,full,32,8,32,4,even,0.029961547784322005,0.03902842806809222,0.75,0.9,2,linear,0.004807263732287139,0.15,0.06,1.0,13,128,3089240,0.043729186058044434,24,192806.57489642274,2,4.494863033294678,
451,COMPLETE,4.291713654994965,2,full,24,2,32,4,late,0.0125245939310027,0.040045328653068986,1.25,0.9,1,one,0.005240541257609452,0.0,0.06,1.0,13,128,2974504,0.043023884296417236,24,369328.83111801825,5,4.4935832023620605,
452,COMPLETE,4.254257082939148,2,lean,32,8,32,4,even,0.02924432966722789,0.08077097342819047,1.25,0.9,1,linear,0.004666228766023905,0.15,0.06,1.0,12,128,3021952,0.1465199589729309,24,187192.80407076626,3,4.494098663330078,
453,COMPLETE,4.196641147136688,3,full,24,2,32,4,midlate,0.005030647077780336,0.05487581406397339,1.25,1.0,1,linear,0.005445026449739182,0.15,0.06,1.0,11,192,2984996,0.17784518003463745,24,376711.2437869855,0,4.493681907653809,
454,COMPLETE,4.194666802883148,3,full,24,4,32,4,midlate,0.011493106627790656,0.0731931527383068,1.0,1.05,1,linear,0.005465217589372661,0.15,0.06,1.0,11,192,3018284,0.1748899221420288,24,275339.7434737199,7,4.494053840637207,
455,COMPLETE,4.197502970695496,3,full,24,8,32,4,late,0.02376127345015428,0.011421164109688528,0.75,0.9,1,linear,0.005032614431170348,0.15,0.06,1.0,11,192,3084860,0.15722477436065674,24,190380.54717093517,4,4.494797706604004,
456,COMPLETE,4.244152247905731,3,full,24,2,32,4,midlate,0.0031376533312609286,0.007398870304243502,1.25,1.0,1,linear,0.005130579771807153,0.15,0.02,1.0,11,192,2984996,0.1459890604019165,24,356602.68354903325,5,4.493681907653809,
457,COMPLETE,4.198409974575043,3,full,24,2,32,4,even,0.012193619233049688,0.011344110814780296,1.0,0.9,1,linear,0.005282754231296001,0.05,0.06,0.5,11,192,2984996,0.1511319875717163,24,322200.3283730213,1,4.493681907653809,
458,PRUNED,4.974312200383714,3,full,24,8,32,4,late,0.02077334145252254,0.007154634283091404,1.25,0.9,1,linear,0.002923177047576328,0.05,0.06,0.5,11,192,3084860,,24,,6,,
459,COMPLETE,4.226154804229736,3,full,24,2,32,4,midlate,0.006361739483747819,0.06755299120511614,1.25,1.0,1,linear,0.004713512932477936,0.15,0.06,1.0,11,192,2984996,0.15771466493606567,24,386735.4693264625,0,4.493681907653809,
460,COMPLETE,4.2592445611953735,3,full,24,4,32,4,midlate,0.010672695152927875,0.06791278349029393,1.0,1.05,1,linear,0.0039741702674900075,0.15,0.06,1.0,11,192,3018284,0.15804541110992432,24,268694.3542058754,7,4.494053840637207,
461,COMPLETE,4.226097762584686,2,full,32,2,32,3,late,0.01684893809650896,0.07841416340660878,1.25,0.9,1,linear,0.005001500063412703,0.15,0.06,1.0,13,128,2972734,0.1501225233078003,24,399933.71286457416,5,4.493553638458252,
462,COMPLETE,4.287646651268005,3,full,24,2,32,4,even,0.010970095176696545,0.006952138628415879,1.0,0.9,1,linear,0.004781903967967636,0.05,0.02,0.5,11,192,2984996,0.11265283823013306,24,367717.17918679235,1,4.493681907653809,
463,COMPLETE,4.239773511886597,3,full,24,2,32,4,even,0.016677412816990728,0.00929909509021081,1.0,1.0,1,learned,0.004608520693297201,0.05,0.06,0.5,11,192,2984996,0.11959904432296753,24,384256.1693901173,6,4.493681907653809,
464,COMPLETE,4.206871390342712,3,full,24,2,32,4,midlate,0.003891963474652823,0.04855723006689637,1.25,1.0,1,linear,0.004924218754214722,0.15,0.06,1.0,11,192,2984996,0.14188140630722046,24,387916.52319077693,0,4.493681907653809,
465,COMPLETE,4.211990475654602,3,full,24,2,32,4,late,0.01702451837593542,0.009668126786460628,1.25,0.9,1,linear,0.0052600251449022245,0.05,0.06,0.5,11,192,2984996,0.14319252967834473,24,356527.75399812707,2,4.493681907653809,
466,COMPLETE,4.194990336894989,3,full,24,4,32,4,midlate,0.006484141828239817,0.04894260208653886,1.25,1.0,1,linear,0.005237049388737835,0.15,0.04,1.0,11,192,3018284,0.15908223390579224,24,279377.7512575889,3,4.494053840637207,
467,COMPLETE,4.280909895896912,2,full,32,2,32,3,late,0.020802122452080143,0.10993656589147328,1.25,0.9,1,one,0.005149515297923044,0.15,0.06,1.0,13,128,2972344,0.05338364839553833,24,397939.31303600897,5,4.493542194366455,
468,COMPLETE,4.251871824264526,3,full,24,8,32,4,midlate,0.007520104461045539,0.016121857181482947,1.25,1.0,1,linear,0.004181805568692044,0.15,0.06,1.0,11,192,3084860,0.14313316345214844,24,193899.70317393733,1,4.494797706604004,
469,COMPLETE,4.23211532831192,3,full,8,4,32,4,midlate,0.005577117583661481,0.028482435757844083,1.25,1.0,1,learned,0.005393255261798003,0.15,0.06,1.0,11,192,2993996,0.14360308647155762,24,280848.1775013231,4,4.493786334991455,
470,COMPLETE,4.257451951503754,2,lean,32,4,32,2,late,0.022207954211431184,0.026772149790906113,1.25,0.9,1,linear,0.005256102844770191,0.15,0.06,1.0,12,128,2905448,0.14869779348373413,24,428414.0914896314,6,4.492781639099121,
471,COMPLETE,4.18192845582962,3,full,24,4,32,6,midlate,0.011338641130627122,0.17912135290203446,1.25,1.05,1,linear,0.0053665182409402415,0.15,0.06,1.0,11,192,3068212,0.21173208951950073,24,213944.95691491847,7,4.494626998901367,
472,COMPLETE,4.262218773365021,3,full,24,8,32,4,late,0.015514920197001925,0.02936045702848047,0.75,0.9,1,linear,0.0044654575400575654,0.05,0.06,1.0,11,192,3084860,0.13198035955429077,24,189577.943288029,0,4.494797706604004,
473,COMPLETE,4.197432041168213,3,lean,24,2,32,4,midlate,0.005903397360290342,0.026754590532386328,0.8164965809277261,1.0,1,linear,0.005435617205286605,0.15,0.06,1.0,10,192,2905872,0.17576181888580322,24,354493.02212589106,2,4.49278450012207,
474,COMPLETE,4.221249103546143,2,full,8,2,32,4,midlate,0.005216516348026661,0.11806645137727395,1.25,1.0,1,linear,0.005481797013199597,0.15,0.06,1.0,13,128,2946320,0.16838961839675903,24,357178.5008783997,5,4.493282318115234,
475,COMPLETE,4.247022569179535,3,full,32,4,32,4,midlate,0.007216388067627028,0.07406305273200628,1.25,1.0,1,linear,0.0049981226040425025,0.15,0.04,1.0,11,192,3030428,0.15031200647354126,24,277834.6230019872,3,4.494179725646973,
476,COMPLETE,4.173574209213257,3,full,16,8,32,4,late,0.02423209227821048,0.013668212976062959,0.75,0.9,1,linear,0.005264307622407712,0.15,0.06,1.0,11,192,3072716,0.1851068139076233,24,190382.39319582772,6,4.494656085968018,
477,COMPLETE,4.259319245815277,3,full,24,2,32,4,midlate,0.006488644961870665,0.046074800169778385,0.75,1.0,1,head_scalar,0.004753746385505787,0.15,0.06,0.5,11,192,2984484,0.08080077171325684,24,272068.3478056602,2,4.493674278259277,
478,COMPLETE,4.2112385630607605,3,lean,24,4,32,4,midlate,0.007294373323719833,0.18002088446981876,1.25,1.05,1,linear,0.005311401911491537,0.15,0.04,1.0,10,192,2939160,0.20895200967788696,24,286319.22309903754,5,4.493156433105469,
479,COMPLETE,4.196457266807556,3,lean,24,2,32,4,midlate,0.003994048710612129,0.012261455683850085,0.8164965809277261,1.0,1,linear,0.005334413580097773,0.15,0.06,1.0,10,192,2905872,0.16385418176651,24,368842.83126600145,4,4.49278450012207,
480,PRUNED,4.908112046780872,2,full,24,4,32,4,even,0.012109233403692757,0.02461057601827913,1.0,0.9,1,linear,0.003700028242420243,0.05,0.06,0.5,13,128,3008312,,24,,2,,
481,COMPLETE,4.213996767997742,3,full,24,4,32,6,midlate,0.0093549189079421,0.21718583645579162,1.25,1.05,1,linear,0.004583723286215098,0.15,0.06,1.0,11,192,3068212,0.21087610721588135,24,220270.0296580425,7,4.494626998901367,
482,COMPLETE,4.239866018295288,2,full,8,2,32,4,midlate,0.0033876285301658623,0.14171325946198268,1.25,1.0,1,linear,0.004959798516708863,0.15,0.06,1.0,13,128,2946320,0.18404191732406616,24,290265.05079677067,3,4.493282318115234,
483,COMPLETE,4.278302490711212,2,lean,24,2,32,4,late,0.027501068369930028,0.10933412534887164,1.25,0.9,1,head_scalar,0.004958344961787386,0.15,0.06,1.0,12,128,2908328,0.08931785821914673,24,369590.69743027096,1,4.493692398071289,
484,COMPLETE,4.204697072505951,3,lean,24,2,32,4,midlate,0.004672455530664047,0.006793843683146629,0.8164965809277261,1.0,1,linear,0.0047993375630854835,0.15,0.06,1.0,10,192,2905872,0.1700810194015503,24,400688.86942527845,4,4.49278450012207,
485,COMPLETE,4.1817949414253235,3,full,24,8,32,4,even,0.015657170420996618,0.005917504403537234,0.75,0.9,1,linear,0.005394802626867939,0.15,0.06,0.5,11,192,3084860,0.1468120813369751,24,197530.49568689225,0,4.494797706604004,
486,COMPLETE,4.2482879757881165,3,lean,24,4,32,4,midlate,0.008176113543892116,0.15681167848540753,1.25,1.05,1,linear,0.004632851659157007,0.15,0.04,1.0,10,192,2939160,0.19337081909179688,24,284199.65564929694,5,4.493156433105469,
487,COMPLETE,4.196765065193176,2,full,32,2,32,4,even,0.0207850344992272,0.030882013774268233,0.8164965809277261,0.9,1,learned,0.005389271482021621,0.15,0.06,0.5,13,128,2989376,0.15969818830490112,24,310887.1347270782,2,4.493747234344482,
488,COMPLETE,4.23914110660553,3,full,16,8,32,4,late,0.022873582053505807,0.008538482338121267,0.75,0.9,1,linear,0.0042288949302349554,0.15,0.04,1.0,11,192,3072716,0.15105807781219482,24,173693.6168272449,6,4.494656085968018,
489,PRUNED,5.012019939920939,1,full,24,8,32,4,late,0.021300108371822106,0.008185426923766639,0.75,0.9,1,linear,0.00315063459820607,0.15,0.06,1.0,16,64,3066400,,24,,3,,
490,FAIL,,3,full,24,8,32,6,late,0.026931710935261043,0.008357022077597077,0.8164965809277261,0.9,1,linear,0.00513788286661564,0.15,0.06,1.0,11,192,3168076,,24,,1,,oom
491,COMPLETE,4.206859827041626,3,lean,24,2,32,4,midlate,0.004114400328425005,0.005160244924450042,0.8164965809277261,1.0,1,linear,0.004954028845104427,0.15,0.06,1.0,10,192,2905872,0.17538172006607056,24,380089.1051871791,4,4.49278450012207,
492,COMPLETE,4.282310426235199,2,full,16,2,32,4,even,0.016815767882035013,0.1186206674512656,0.8164965809277261,0.9,1,learned,0.004263258790277752,0.15,0.06,0.5,13,128,2960672,0.13773363828659058,24,346658.37715023657,2,4.493431091308594,
493,COMPLETE,4.249447166919708,2,full,32,2,32,4,even,0.023963268051661556,0.02104998405366058,0.8164965809277261,1.0,1,learned,0.004873477248848896,0.15,0.06,0.5,13,128,2989376,0.128343403339386,24,352590.196645442,5,4.493747234344482,
494,COMPLETE,4.175944268703461,3,full,24,4,32,6,late,0.015004615277342846,0.18497247734968247,1.25,1.05,1,linear,0.0052338408510375755,0.15,0.06,1.0,11,192,3068212,0.19058185815811157,24,218518.7232711069,7,4.494626998901367,
495,COMPLETE,4.266148388385773,3,full,24,4,16,4,midlate,0.0060026351728273385,0.037828288074592126,0.75,1.0,1,linear,0.004579885937627113,0.15,0.06,1.0,11,192,2985516,0.09268397092819214,24,434404.1388561405,3,4.493687629699707,
496,COMPLETE,4.203592836856842,3,lean,24,2,32,4,midlate,0.0031874546197701494,0.02285280731045213,0.8164965809277261,1.0,1,linear,0.005311173912098267,0.15,0.06,1.0,10,192,2905872,0.18652665615081787,24,364097.9168905208,4,4.49278450012207,
497,PRUNED,4.895777025567795,3,lean,24,2,32,4,even,0.004147459738873337,0.005776583974677831,0.75,1.05,1,linear,0.0032734573580340937,0.15,0.06,1.0,10,192,2905872,,24,,2,,
498,FAIL,,3,full,24,8,32,6,even,0.010429397045584802,0.005790873816531869,0.75,0.9,1,linear,0.005019367287330035,0.05,0.01,0.5,11,192,3168076,,24,,0,,oom
499,COMPLETE,4.251080274581909,3,full,16,8,8,4,late,0.01712931065604177,0.009080395922901194,0.75,0.9,1,linear,0.005020467065692799,0.15,0.06,0.5,11,192,2974412,0.031176507472991943,24,440468.0547298972,3,4.493557453155518,
500,COMPLETE,4.218289434909821,3,full,24,8,32,4,even,0.016934361109821494,0.007993007846337294,0.75,0.9,1,linear,0.0046870652950476675,0.15,0.06,0.5,11,192,3084860,0.14942634105682373,24,190963.20179626823,2,4.494797706604004,
501,COMPLETE,4.254698395729065,2,full,32,2,32,4,midlate,0.019673970510602597,0.04937660823912641,0.8164965809277261,0.9,1,learned,0.005314641063894141,0.05,0.01,0.5,13,128,2989376,0.13221466541290283,24,359024.36129800766,5,4.493747234344482,
502,COMPLETE,4.240648984909058,3,lean,24,2,32,3,midlate,0.003714193846549268,0.007135396500306124,0.8164965809277261,1.0,1,linear,0.0047983749794191155,0.15,0.06,1.0,10,192,2889230,0.16093885898590088,24,419059.52822514257,4,4.49259090423584,
503,PRUNED,4.879547609907936,2,lean,24,2,32,4,midlate,0.006697937085016112,0.00587913316165068,0.8164965809277261,1.0,2,linear,0.004115195000059816,0.15,0.06,1.0,12,128,2908840,,24,,3,,
504,COMPLETE,4.217905163764954,3,lean,32,2,32,4,midlate,0.007253051194443765,0.06343053785861874,0.8164965809277261,1.0,1,linear,0.00495791984962422,0.15,0.06,1.0,10,192,2916912,0.16396337747573853,24,399881.73800913006,6,4.492898941040039,
505,COMPLETE,4.2313448786735535,3,lean,24,2,32,4,midlate,0.004425726952803159,0.0187921501842282,0.8164965809277261,1.05,1,linear,0.004688808120586237,0.15,0.06,1.0,10,192,2905872,0.16321581602096558,24,386392.62033955805,4,4.49278450012207,
506,COMPLETE,4.318402111530304,3,full,24,2,8,4,even,0.006024869364579132,0.01346803820740878,1.0,0.9,1,linear,0.004010490807637771,0.15,0.06,0.5,11,192,2960420,0.01948779821395874,24,503465.20873597916,3,4.493407249450684,
507,COMPLETE,4.242520809173584,3,full,24,1,32,4,midlate,0.004700691446661961,0.08149860697018442,0.75,1.0,1,linear,0.0047881977553271005,0.15,0.04,1.0,11,192,2968352,0.15748965740203857,24,440792.0252469532,5,4.493498802185059,
508,COMPLETE,4.208447515964508,3,lean,24,2,32,4,midlate,0.0034349167571922573,0.010500927008186361,0.75,1.0,1,linear,0.005129240967360368,0.1,0.06,1.0,10,192,2905872,0.14459484815597534,24,365462.7132622174,7,4.49278450012207,
509,FAIL,,3,lean,24,8,32,4,late,0.02809594856310616,0.022520730643735554,0.75,0.9,1,linear,0.005271180991079895,0.15,0.02,1.0,10,192,3005736,,24,,1,,oom
510,COMPLETE,4.282830655574799,1,lean,24,2,24,4,midlate,0.0038833519861269238,0.011596089712877794,0.8164965809277261,1.0,1,linear,0.005497602049330881,0.15,0.06,1.0,15,64,2905100,0.12523382902145386,24,311636.2314766177,3,4.49333381652832,
511,PRUNED,4.896131730732119,1,full,24,4,32,6,late,0.018831329238279338,0.12667957690855777,1.25,1.05,1,linear,0.005340721881688838,0.15,0.06,1.0,16,64,3049752,,24,,6,,
512,COMPLETE,4.304805517196655,3,lean,24,2,32,4,midlate,0.007302160512279264,0.015015856755183264,0.8164965809277261,1.0,1,one,0.004262904251703978,0.15,0.06,1.0,10,192,2905352,0.07585549354553223,24,397129.43926999747,5,4.492769241333008,
513,COMPLETE,4.282317042350769,3,lean,24,2,24,4,even,0.00934818461870825,0.01214402676663835,1.0,0.9,1,linear,0.004259828489300963,0.05,0.06,0.5,10,192,2897680,0.0913662314414978,24,411369.06608773384,4,4.492692947387695,
514,COMPLETE,4.245803713798523,3,lean,24,2,32,4,midlate,0.004054122498038418,0.052166865541717386,0.75,1.0,1,linear,0.004412457597266255,0.1,0.06,1.0,10,192,2905872,0.1434164047241211,24,317618.3223659479,7,4.49278450012207,
515,COMPLETE,4.2877814173698425,3,full,24,4,32,4,midlate,0.009368116636209001,0.029720302854459712,1.25,1.0,1,one,0.004690493766968305,0.05,0.06,1.0,11,192,3017244,0.05311727523803711,24,294036.9634319407,3,4.494032859802246,
516,COMPLETE,4.257738530635834,2,full,32,1,32,4,even,0.029505967559861984,0.01077556159901414,0.8164965809277261,0.9,1,learned,0.0048549406727668165,0.05,0.06,0.5,13,128,2972732,0.08541887998580933,24,393400.961961982,6,4.493564128875732,
517,COMPLETE,4.286332488059998,3,lean,8,2,32,4,even,0.004886443650655777,0.011254212295224773,0.75,1.0,1,linear,0.003961811599102873,0.1,0.06,1.0,10,192,2883792,0.1398274302482605,24,364496.7140201292,2,4.492541313171387,
518,COMPLETE,4.253877818584442,3,full,24,4,32,2,late,0.009578380223468064,0.25960918482010853,1.25,1.05,1,one,0.00498337416066371,0.15,0.06,1.0,11,192,2967836,0.05799347162246704,24,382340.2386825704,4,4.493470191955566,
519,COMPLETE,4.198530912399292,3,lean,24,1,32,4,midlate,0.0037782741115982136,0.008474443731390306,0.8164965809277261,1.0,1,linear,0.005324546015254658,0.15,0.06,0.5,10,192,2889228,0.1554410457611084,24,431773.8870899337,5,4.49260139465332,
520,COMPLETE,4.229342758655548,3,lean,24,2,32,4,midlate,0.005918504450322219,0.012524929177745897,0.8164965809277261,1.0,1,linear,0.005079350784297868,0.0,0.06,1.0,10,192,2905872,0.14412498474121094,24,400518.77875035093,0,4.49278450012207,
521,PRUNED,4.895260893684142,3,full,24,4,32,6,late,0.015151466759871219,0.21399189657494588,0.8164965809277261,1.05,1,linear,0.0037612193471932166,0.05,0.06,1.0,11,192,3068212,,24,,7,,
522,COMPLETE,4.301550269126892,2,full,32,2,16,4,even,0.01847675942207333,0.03052336481562322,0.8164965809277261,0.9,2,learned,0.004962062440018222,0.15,0.06,0.5,13,128,2972992,0.01847916841506958,24,417171.06290395034,6,4.493564128875732,
523,COMPLETE,4.2219380140304565,3,full,24,1,32,6,late,0.018522264640333998,0.11053997801679895,1.25,1.0,1,linear,0.004878575487654797,0.15,0.04,1.0,11,192,2993314,0.17211496829986572,24,359669.51571428945,2,4.4937944412231445,
524,COMPLETE,4.3072903752326965,3,full,24,4,8,4,midlate,0.003317083706068968,0.022208961930474693,1.25,1.0,1,linear,0.0050709943169614646,0.15,0.04,1.0,11,192,2969132,0.02587282657623291,24,435684.8154950785,5,4.493504524230957,
525,COMPLETE,4.186227977275848,3,full,24,8,32,4,late,0.026354885528845514,0.00655396857840347,0.75,0.9,1,linear,0.005253452004028652,0.15,0.06,1.0,11,192,3084860,0.1738067865371704,24,189993.67347215253,4,4.494797706604004,
526,COMPLETE,4.229299426078796,3,lean,24,1,24,4,midlate,0.004513387989444171,0.009421897719460658,0.8164965809277261,1.0,1,linear,0.004654608433334443,0.15,0.06,0.5,10,192,2885132,0.10415774583816528,24,469232.4049777798,6,4.492555618286133,
527,COMPLETE,4.215104818344116,2,full,32,2,32,4,midlate,0.022606834530209535,0.022110486821700023,0.8164965809277261,0.9,1,learned,0.005082519756893745,0.15,0.06,1.0,13,128,2989376,0.13995909690856934,24,358062.8233579761,3,4.493747234344482,
528,COMPLETE,4.24504029750824,3,full,24,2,32,3,even,0.011460075095765845,0.009443152092737403,1.0,0.9,1,one,0.005399050609058627,0.05,0.06,0.5,11,192,2967964,0.054240286350250244,24,404680.5386516435,7,4.493476867675781,
529,COMPLETE,4.234311759471893,3,lean,24,2,32,4,late,0.006217081175865769,0.015545925339507851,1.0,1.0,1,linear,0.004428710391233528,0.15,0.06,1.0,10,192,2905872,0.14686238765716553,24,383343.0276966331,5,4.49278450012207,
530,COMPLETE,4.216194272041321,2,full,32,2,32,6,even,0.015235126687849225,0.0322528518003436,0.8164965809277261,0.9,1,learned,0.005122294538591144,0.15,0.06,0.5,13,128,3022660,0.13861161470413208,24,287760.3628689156,1,4.494134426116943,
531,PRUNED,4.564834069454051,3,lean,24,1,32,4,even,0.0034359249736850895,0.005418842687932791,0.8164965809277261,1.0,2,linear,0.004170785992493797,0.15,0.06,0.5,10,192,2889228,,24,,2,,
532,COMPLETE,4.21062844991684,3,lean,24,2,32,4,even,0.00403555854014943,0.005796980776675247,0.8164965809277261,1.0,1,linear,0.005135746471239476,0.15,0.06,1.0,10,192,2905872,0.16573995351791382,24,321947.99102361687,6,4.49278450012207,
533,PRUNED,4.893945315449608,1,full,24,2,32,6,even,0.013974794279171138,0.006872970323752961,1.0,0.9,1,linear,0.004546425392259817,0.05,0.06,0.5,16,64,2999820,,24,,0,,
534,COMPLETE,4.240572512149811,3,full,24,4,32,6,late,0.00596943711542516,0.20163341892823894,1.25,1.05,1,linear,0.004211409412557767,0.15,0.02,0.5,11,192,3068212,0.1988844871520996,24,221726.75240109014,7,4.494626998901367,
535,PRUNED,4.871070186678512,2,full,32,8,32,4,even,0.01689819928510662,0.005805048512518598,0.75,0.9,1,linear,0.005476986955520247,0.15,0.01,0.5,13,128,3089240,,24,,3,,
536,COMPLETE,4.226414263248444,3,full,24,4,32,3,late,0.007011490421201451,0.060003140837278916,1.25,1.0,1,linear,0.004818480477873191,0.1,0.04,1.0,11,192,2993320,0.14807307720184326,24,333544.62658847874,2,4.493767261505127,
537,FAIL,,3,full,16,8,32,6,late,0.02204189945190426,0.01162351769846753,0.8164965809277261,0.9,1,linear,0.004725855277989328,0.15,0.06,1.0,11,192,3155932,,24,,0,,oom
538,COMPLETE,4.308982253074646,3,lean,24,1,32,4,midlate,0.004136402386382194,0.029960383643227624,0.8164965809277261,1.0,1,head_scalar,0.004482376853192729,0.0,0.06,0.5,10,192,2888972,0.04992640018463135,24,421565.1568264589,5,4.492593765258789,
539,COMPLETE,4.2817118763923645,3,full,24,4,16,4,late,0.011128138332697808,0.11783603837819968,1.25,1.05,1,linear,0.00511738087693586,0.15,0.02,1.0,11,192,2985516,0.0924566388130188,24,432780.9055341839,6,4.493687629699707,
540,PRUNED,4.914673346894082,1,lean,24,2,32,2,midlate,0.006153281285621949,0.012428347413311547,0.8164965809277261,0.9,1,linear,0.004009039169791031,0.15,0.06,1.0,15,64,2880008,,24,,1,,
541,COMPLETE,4.228538811206818,3,full,24,4,24,4,midlate,0.007554896765882076,0.1812397715646324,1.25,1.05,1,linear,0.004650161291509633,0.15,0.06,1.0,11,192,3001900,0.15454089641571045,24,286846.08162291336,3,4.493870735168457,
542,COMPLETE,4.223864018917084,3,full,32,4,32,4,midlate,0.009952213568533173,0.08745247840245517,1.25,1.05,2,linear,0.005379267683236859,0.15,0.06,1.0,11,192,3030428,0.045810580253601074,24,284212.78099829535,1,4.495034217834473,
543,PRUNED,4.95589802564554,1,full,16,8,24,4,late,0.027749228049521006,0.042820482187445906,0.75,0.9,1,linear,0.004944159493890812,0.15,0.06,1.0,16,64,3015968,,24,,5,,
544,COMPLETE,4.225258409976959,3,full,24,1,32,4,midlate,0.01371644655547932,0.09578267456342336,1.25,1.05,1,linear,0.004790773740022275,0.05,0.06,1.0,11,192,2968352,0.1539507508277893,24,384763.19826205756,2,4.493498802185059,
545,COMPLETE,4.219606697559357,3,lean,24,1,32,6,midlate,0.003930806923564731,0.010332213794187788,0.8164965809277261,1.0,1,linear,0.005075584435350233,0.1,0.06,0.5,10,192,2914190,0.16465646028518677,24,361118.5550383306,4,4.492897033691406,
546,FAIL,,3,full,24,8,32,6,late,0.02041266782259893,0.014718243439489022,0.75,0.9,1,linear,0.004862376771968741,0.15,0.06,1.0,11,192,3168076,,24,,6,,oom
547,COMPLETE,4.229941368103027,3,lean,24,1,32,4,late,0.005823533755627929,0.006211149299075897,0.8164965809277261,0.9,1,linear,0.004593418049913846,0.15,0.06,0.5,10,192,2889228,0.1334884762763977,24,403075.94138383423,5,4.49260139465332,
548,COMPLETE,4.207762062549591,3,full,24,4,32,4,midlate,0.02161541953280706,0.008936461681159925,1.25,0.9,1,linear,0.00525109420853117,0.0,0.06,1.0,11,192,3018284,0.15602898597717285,24,269034.8291675856,3,4.494053840637207,
549,COMPLETE,4.251610040664673,3,full,24,4,32,6,late,0.02066602920599947,0.14254233666313704,1.0,1.05,1,linear,0.0037756591859633305,0.15,0.04,1.0,11,192,3068212,0.18427932262420654,24,213994.1468875064,2,4.494626998901367,
550,COMPLETE,4.214253664016724,3,full,32,8,32,4,late,0.028996806874313875,0.024211969278875523,0.75,0.9,1,linear,0.004784247476399774,0.15,0.06,1.0,11,192,3097004,0.15670722723007202,24,189838.22761791543,7,4.4949235916137695,
551,COMPLETE,4.271281898021698,3,full,24,8,32,4,late,0.010239207867816154,0.007313017450219501,0.75,0.9,1,head_scalar,0.004353578894046615,0.15,0.06,1.0,11,192,3082812,0.06626498699188232,24,190638.8987394212,4,4.494772911071777,
552,FAIL,,3,full,24,8,32,6,late,0.006486989811543355,0.05838059280379311,1.25,1.05,1,linear,0.004425351880231309,0.1,0.06,1.0,11,192,3168076,,24,,5,,oom
553,COMPLETE,4.27656352519989,3,full,24,4,32,4,late,0.01910989943186705,0.014611201574910129,0.75,0.9,2,linear,0.004705577696860722,0.15,0.06,1.0,11,192,3018284,0.04613602161407471,24,277909.3420470492,1,4.494053840637207,
554,COMPLETE,4.231524467468262,3,lean,24,2,32,4,midlate,0.0032247105548678886,0.03290709523745095,0.8164965809277261,1.0,1,linear,0.004661916182731392,0.15,0.06,0.5,10,192,2905872,0.1531972885131836,24,395986.382021436,0,4.49278450012207,
555,COMPLETE,4.283426463603973,3,lean,24,2,8,4,midlate,0.00961986799887523,0.011293308223776081,0.8164965809277261,1.0,1,linear,0.005041775883746173,0.15,0.04,1.0,10,192,2881296,0.015241622924804688,24,488355.2356765451,3,4.492509841918945,
556,PRUNED,4.777841055784641,2,lean,24,2,32,4,midlate,0.0033022942489385077,0.022169759031403623,0.8164965809277261,1.0,1,linear,0.004218132196087832,0.15,0.01,1.0,12,128,2908840,,24,,3,,
557,PRUNED,4.828411769526696,3,full,24,2,32,4,midlate,0.02436465488143377,0.010171830442872617,1.25,0.9,1,linear,0.004190687471328196,0.1,0.02,1.0,11,192,2984996,,24,,2,,
558,COMPLETE,4.202228128910065,3,full,24,2,32,3,midlate,0.0032752625039822545,0.040861675600132805,1.25,1.05,1,linear,0.005401106465090543,0.15,0.06,1.0,11,192,2968354,0.1550889015197754,24,378518.5597016775,1,4.493488311767578,
559,FAIL,,3,full,24,8,32,4,midlate,0.026925265269506757,0.009555143474335606,0.75,0.9,1,linear,0.005174106997793719,0.15,0.06,1.0,11,192,3084860,,24,,6,,oom
560,COMPLETE,4.213655233383179,3,full,24,1,32,4,midlate,0.020984536427552696,0.011913732785784595,1.25,0.9,1,learned,0.005386598697978536,0.15,0.06,1.0,11,192,2968352,0.14566296339035034,24,416443.39804725023,3,4.493498802185059,
561,COMPLETE,4.276427626609802,3,full,24,2,8,4,late,0.004440183500857564,0.05187161824953549,1.25,1.0,1,head_scalar,0.005094609832310463,0.15,0.06,1.0,11,192,2959908,0.017037570476531982,24,485501.3310599816,7,4.493399620056152,
562,COMPLETE,4.23028701543808,3,lean,24,4,32,4,midlate,0.0033271759660403813,0.009347716346824027,0.8164965809277261,1.0,1,linear,0.005231837008871766,0.15,0.02,1.0,10,192,2939160,0.18389683961868286,24,278517.3864721605,2,4.493156433105469,
563,COMPLETE,4.282202422618866,3,lean,24,1,32,4,midlate,0.006254670394992059,0.0055251202794685955,0.8164965809277261,1.0,1,head_scalar,0.005322246902826942,0.15,0.01,0.5,10,192,2888972,0.06046926975250244,24,450340.4561501234,4,4.492593765258789,
564,COMPLETE,4.275337100028992,3,lean,8,1,32,4,midlate,0.0030158268466095903,0.026050038964781193,0.8164965809277261,1.0,1,linear,0.004129560405000462,0.15,0.06,1.0,10,192,2867148,0.12823808193206787,24,429498.51917716325,0,4.492358207702637,
565,FAIL,,3,full,32,2,8,4,even,0.01881029794706591,0.0422060802625118,0.8164965809277261,0.9,1,learned,0.004847605059816997,0.0,0.06,0.5,11,192,2972564,,24,,1,,oom
566,COMPLETE,4.207959890365601,3,full,24,8,32,4,even,0.01969059376675848,0.02899408911243691,1.0,0.9,1,linear,0.005178958570977756,0.05,0.06,0.5,11,192,3084860,0.1550689935684204,24,193551.00182652473,7,4.494797706604004,
567,COMPLETE,4.251484036445618,3,full,16,8,16,4,late,0.019305051505083007,0.006868892346018435,0.75,0.9,1,linear,0.004872703536996395,0.0,0.06,1.0,11,192,3007180,0.08325976133346558,24,374145.0825172592,3,4.493923664093018,
568,FAIL,,2,full,24,8,32,4,even,0.013183839593176337,0.02545339454981047,0.8164965809277261,0.9,1,learned,0.004792523913796473,0.15,0.06,0.5,13,128,,,,,,,quota
569,COMPLETE,4.232758283615112,2,full,24,2,32,3,midlate,0.0036348431419172887,0.02962504523608566,1.25,1.05,1,linear,0.005090844002340249,0.15,0.06,0.5,13,128,2958382,0.16446936130523682,24,409870.3443306901,5,4.493404865264893,
570,FAIL,,3,full,16,8,32,6,late,0.0272202936532197,0.006011786772881043,0.75,0.9,1,linear,0.004938008286409597,0.15,0.06,1.0,11,192,3155932,,24,,0,,oom
571,FAIL,,3,lean,24,4,32,4,late,0.013111919050082308,0.0744785549135794,1.25,1.05,1,linear,0.0034157046131814512,0.05,0.06,1.0,10,192,2939160,,24,,4,,oom
572,COMPLETE,4.228148877620697,3,full,32,2,32,3,midlate,0.006484897036429275,0.03756356034687411,1.25,1.05,1,linear,0.004567021327493415,0.15,0.04,1.0,11,192,2980498,0.14419138431549072,24,439730.5418564125,2,4.493614196777344,
573,COMPLETE,4.27725476026535,3,full,24,8,32,3,midlate,0.003597187487583997,0.011802357363132017,1.25,1.05,1,one,0.0048057648219647225,0.15,0.06,1.0,11,192,3041692,0.04881858825683594,24,224090.36533225214,3,4.494300842285156,
574,PRUNED,4.966680129021089,1,full,24,4,32,4,midlate,0.007511140560127339,0.11569382920152797,1.25,1.05,1,head_scalar,0.004333063787282746,0.15,0.06,1.0,16,64,2998800,,24,,2,,
575,COMPLETE,4.22530722618103,3,full,24,2,32,3,midlate,0.0041823800351797015,0.05007425338049434,1.25,1.05,1,linear,0.005131364548474023,0.15,0.06,1.0,11,192,2968354,0.1320430040359497,24,427452.97008677264,5,4.493488311767578,
576,COMPLETE,4.27240264415741,3,full,24,4,32,4,midlate,0.0067373147942644505,0.20803426979777134,1.25,1.05,1,one,0.004856153045829272,0.15,0.06,1.0,11,192,3017244,0.068828284740448,24,272244.3961518907,2,4.494032859802246,
577,PRUNED,4.851886475234382,1,full,32,2,32,4,even,0.011359156453061361,0.03791973251195688,0.8164965809277261,0.9,1,learned,0.0054305798688913534,0.15,0.04,0.5,16,64,2984200,,24,,6,,
578,PRUNED,4.914684606246761,3,lean,16,2,32,4,midlate,0.0038728378142447147,0.0341387067158067,0.8164965809277261,1.0,2,linear,0.0034919591882183413,0.15,0.06,1.0,10,192,2894832,,24,,7,,
579,PRUNED,4.8675860304750955,3,full,24,2,32,6,midlate,0.0030039927947207805,0.042268918694829245,1.25,1.05,2,linear,0.004799078782110496,0.15,0.01,1.0,11,192,3018280,,24,,5,,
580,COMPLETE,4.243918061256409,2,full,32,2,32,4,even,0.009733958579262342,0.07611683874591903,0.8164965809277261,0.9,1,head_scalar,0.005384274695035669,0.0,0.06,0.5,13,128,2988864,0.08338689804077148,24,329687.85315537476,6,4.493739604949951,
581,FAIL,,3,lean,24,4,32,4,midlate,0.0035697921353974914,0.04750175018250306,1.25,1.0,1,linear,0.004626824096804556,0.05,0.06,1.0,10,192,,,,,,,quota
582,FAIL,,3,full,24,4,32,4,late,0.017356984360582698,0.005672995246891785,0.75,1.05,1,linear,0.0045243279563178355,0.15,0.06,0.5,11,192,3018284,,24,,7,,oom
583,FAIL,,3,full,24,2,16,4,midlate,0.020359654999541277,0.06292080215660319,1.25,0.9,2,linear,0.003846435382534958,0.15,0.06,1.0,11,192,,,,,,,quota
584,COMPLETE,4.2188408970832825,3,full,8,4,32,6,late,0.013517134662009857,0.18636478723581829,1.25,1.05,1,linear,0.004257115040621632,0.15,0.06,1.0,11,192,3043924,0.1981622576713562,24,205698.79624778434,1,4.494359493255615,
585,FAIL,,3,lean,16,2,32,4,late,0.017152338842793612,0.006400106461968302,0.75,0.9,1,linear,0.005137685569502174,0.15,0.06,1.0,10,192,2894832,,24,,3,,oom
586,FAIL,,3,full,16,8,32,4,midlate,0.023233636495146738,0.009381085705442764,1.0,0.9,1,linear,0.004367945220420374,0.15,0.06,1.0,11,192,,,,,,,quota
587,COMPLETE,4.166462481021881,3,full,24,4,32,4,midlate,0.003947313166922267,0.02135383746846626,1.25,1.05,1,linear,0.005484130216855269,0.15,0.06,1.0,11,192,3018284,0.18280482292175293,24,283091.5244339259,5,4.494053840637207,
588,FAIL,,3,lean,32,1,32,4,midlate,0.0032369428868212233,0.012105958029663707,0.8164965809277261,1.0,1,linear,0.005219881622706322,0.15,0.06,0.5,10,192,,,,,,,quota
589,PRUNED,4.858447601873452,2,full,32,1,32,4,late,0.009991994347018264,0.19964157493195048,1.25,1.05,1,linear,0.004045797388156888,0.15,0.06,1.0,13,128,2972732,,24,,0,,
590,COMPLETE,4.211131155490875,3,lean,24,2,32,4,midlate,0.0038468576930273312,0.005539217190670816,0.8164965809277261,0.9,1,linear,0.005225145593683358,0.05,0.06,1.0,10,192,2905872,0.1574745774269104,24,362887.2608421668,4,4.49278450012207,
591,COMPLETE,4.265668094158173,2,full,32,2,32,2,midlate,0.02689054298880829,0.0742436479507263,1.25,1.05,1,linear,0.0054453444146012634,0.15,0.01,0.5,13,128,2956092,0.14277970790863037,24,471551.241120606,6,4.4933600425720215,
592,COMPLETE,4.297230839729309,3,full,24,8,8,4,late,0.029660727558410798,0.008677478346661093,0.75,0.9,1,linear,0.0043579763055038865,0.15,0.06,1.0,11,192,2986556,0.030457794666290283,24,457777.86459300184,2,4.493699073791504,
593,FAIL,,3,full,24,4,32,4,midlate,0.0039055762390180966,0.03204700037789088,1.25,1.0,1,linear,0.0039822293149430095,0.0,0.04,1.0,11,192,3018284,,24,,0,,oom
594,FAIL,,3,full,32,2,32,4,midlate,0.014184652561757868,0.15042077502344234,1.25,0.9,1,linear,0.0045969174870200665,0.15,0.04,0.5,11,192,2997140,,24,,6,,oom
595,COMPLETE,4.227834582328796,3,full,16,2,32,4,even,0.012136479463302203,0.009874085889825268,1.0,0.9,1,head_scalar,0.0051459108531457225,0.05,0.06,0.5,11,192,2972340,0.08663427829742432,24,371364.2917760989,4,4.493532657623291,
596,COMPLETE,4.243311285972595,3,lean,24,2,32,4,midlate,0.004077556156721421,0.19743951997372308,0.8164965809277261,1.0,1,linear,0.004387757777425697,0.05,0.06,1.0,10,192,2905872,0.15935277938842773,24,389439.61941319145,2,4.49278450012207,
597,PRUNED,4.836636161186725,3,full,24,2,32,4,even,0.01372395235052582,0.019021500603296472,1.0,1.05,1,linear,0.00365306654300179,0.05,0.06,0.5,11,192,2984996,,24,,5,,
598,COMPLETE,4.275302708148956,3,full,16,8,32,4,late,0.02417823241292688,0.014371675792411094,0.75,1.05,2,linear,0.004481622119511556,0.15,0.06,0.5,11,192,3072716,0.052230775356292725,24,185975.9483420266,1,4.494656085968018,
599,FAIL,,3,full,16,8,32,6,late,0.018197806840463994,0.029556372590954172,0.8164965809277261,0.9,1,linear,0.004703941514588464,0.15,0.06,1.0,11,192,3155932,,24,,5,,oom
600,COMPLETE,4.177705407142639,3,full,24,4,32,4,midlate,0.0055849264212374525,0.01433663772234101,1.25,1.05,1,learned,0.005471392023537056,0.15,0.06,1.0,11,192,3018284,0.15886294841766357,24,287819.8211415711,4,4.494053840637207,
601,COMPLETE,4.219823896884918,3,full,24,4,32,4,even,0.00714606041761013,0.10951374452641485,1.0,1.0,1,linear,0.004899750224207628,0.15,0.04,1.0,11,192,3018284,0.16643834114074707,24,276330.1138020678,2,4.494053840637207,
602,FAIL,,3,full,24,4,32,4,even,0.0032820424310754464,0.012854884781064904,1.25,1.05,1,linear,0.004008403859378675,0.15,0.06,1.0,11,192,,,,,,,quota
603,FAIL,,3,full,24,4,32,4,midlate,0.010915338905101024,0.15759678781438252,1.25,1.05,1,linear,0.004548149730878522,0.15,0.01,1.0,11,192,3018284,,24,,7,,oom
604,FAIL,,3,lean,24,2,32,4,midlate,0.006761436778952962,0.030969742783507535,0.75,1.0,1,linear,0.0054832800705745125,0.15,0.04,1.0,10,192,2905872,,24,,3,,oom
605,PRUNED,4.856317944145444,3,full,24,8,32,2,late,0.014277119974079275,0.008590178823001525,0.75,0.9,1,linear,0.00460442436646243,0.15,0.06,1.0,11,192,3001644,,24,,2,,
606,COMPLETE,4.2416539788246155,3,full,24,4,32,4,midlate,0.005599274824559903,0.016514786837920688,1.25,1.05,1,learned,0.00449644361724371,0.15,0.06,1.0,11,192,3018284,0.14218395948410034,24,274743.83195400645,4,4.494053840637207,
607,COMPLETE,4.2356977462768555,3,lean,24,1,32,4,midlate,0.0032242574154023144,0.011300705496925348,1.25,1.0,1,linear,0.005152046008645143,0.05,0.06,0.5,10,192,2889228,0.12749117612838745,24,367817.5567636233,0,4.49260139465332,
608,COMPLETE,4.238074481487274,3,full,24,4,32,4,midlate,0.00623468977231415,0.044025782462029095,1.25,1.0,1,linear,0.005193055844011199,0.0,0.04,1.0,11,192,3018284,0.16177892684936523,24,285726.1675909827,6,4.494053840637207,
609,FAIL,,3,full,24,4,32,4,even,0.008537782661219712,0.054235067198882256,1.25,1.05,1,linear,0.005132349683053562,0.0,0.06,1.0,11,192,,,,,,,quota
610,COMPLETE,4.202331185340881,3,full,24,4,32,4,even,0.004428003251921324,0.019334819368016048,0.75,1.05,1,linear,0.005165482860618811,0.15,0.06,1.0,11,192,3018284,0.15177488327026367,24,276841.26519677555,2,4.494053840637207,
611,COMPLETE,4.220637142658234,3,full,24,2,32,6,midlate,0.003474796176414855,0.006043154849020551,1.25,1.0,1,linear,0.005029683738388244,0.05,0.06,1.0,11,192,3018280,0.15885919332504272,24,294353.30262322817,1,4.4940690994262695,
612,FAIL,,3,full,8,1,32,4,even,0.00574586032426055,0.010891382723506845,1.0,0.9,1,linear,0.004904525516358762,0.05,0.06,0.5,11,192,,,,,,,quota
613,FAIL,,3,full,16,2,32,4,late,0.025405503242591426,0.012128937287809803,0.75,0.9,1,linear,0.0052271125829035205,0.15,0.06,1.0,11,192,,,,,,,quota
614,PRUNED,4.8946861080366,1,full,16,4,32,4,midlate,0.0034064593115644072,0.0067539151184447185,1.25,1.05,1,linear,0.005196889755497779,0.15,0.06,1.0,16,64,2982160,,24,,0,,
615,FAIL,,3,lean,16,4,24,6,midlate,0.017931574939914978,0.12154364935203617,1.25,1.05,1,linear,0.004871003890730535,0.15,0.06,1.0,10,192,2953472,,24,,5,,oom
616,COMPLETE,4.265419125556946,3,full,16,8,32,4,late,0.025537828660160227,0.021099935199335892,1.25,0.9,1,one,0.004401469992596634,0.15,0.06,1.0,11,192,3070636,0.07022809982299805,24,190102.03235152547,0,4.49462366104126,
617,COMPLETE,4.218763113021851,3,full,24,4,32,6,late,0.02060721036203829,0.1323234025388965,1.25,1.0,1,head_scalar,0.005364929034720334,0.15,0.06,1.0,11,192,3066676,0.08863228559494019,24,219717.9968037481,4,4.494606971740723,
618,FAIL,,3,full,16,8,32,6,late,0.02441790435894169,0.01099766637340454,0.8164965809277261,0.9,1,linear,0.004588542341177559,0.15,0.06,1.0,11,192,3155932,,24,,6,,oom
619,PRUNED,4.809527004611416,2,full,32,2,32,4,even,0.02241839138205204,0.040953683065541244,0.8164965809277261,0.9,1,learned,0.0041813455369410675,0.1,0.06,0.5,13,128,2989376,,24,,7,,
620,COMPLETE,4.271700739860535,2,full,8,2,32,4,even,0.028981202443497583,0.01730866721914021,0.75,0.9,1,learned,0.004901256889623568,0.15,0.04,0.5,13,128,2946320,0.1461942195892334,24,303446.37131544476,1,4.493282318115234,
621,COMPLETE,4.256136000156403,3,full,24,4,32,4,even,0.0037647876535725723,0.009336784264722748,0.75,1.05,1,linear,0.004097199607710805,0.1,0.06,1.0,11,192,3018284,0.1390334963798523,24,286670.5789952687,2,4.494053840637207,
622,PRUNED,4.85944086441255,3,full,32,4,32,6,even,0.008276078833039137,0.062163612956734934,0.75,1.05,1,linear,0.003903660262213264,0.15,0.06,1.0,11,192,3080356,,24,,3,,
623,PRUNED,4.889780827112433,2,full,24,4,32,4,midlate,0.00521614876951971,0.05463185381658323,1.25,1.05,1,linear,0.0037979156108589713,0.15,0.06,1.0,13,128,3008312,,24,,7,,
624,COMPLETE,4.1993520855903625,3,full,24,4,32,6,even,0.0051827015420216485,0.01977226673177246,0.75,1.05,1,linear,0.0050450075182620555,0.15,0.04,1.0,11,192,3068212,0.1741310954093933,24,223126.05073623714,7,4.494626998901367,
625,COMPLETE,4.212289988994598,3,full,24,4,32,4,even,0.007066498775301181,0.16963713419690185,0.75,1.05,1,linear,0.005055055557785719,0.15,0.06,1.0,11,192,3018284,0.1704806089401245,24,282177.84786835435,1,4.494053840637207,
626,COMPLETE,4.257899284362793,3,full,24,4,24,4,midlate,0.014380654367743743,0.01930127298651618,1.25,1.0,1,linear,0.005100888612720203,0.15,0.01,1.0,11,192,3001900,0.12000018358230591,24,355449.8592362322,3,4.493870735168457,
627,PRUNED,4.870360088721677,3,full,24,4,8,4,midlate,0.004013786356450128,0.017968159059679387,1.25,1.05,1,learned,0.005081520688554142,0.05,0.01,1.0,11,192,2969132,,24,,2,,
628,COMPLETE,4.226114630699158,3,lean,24,4,32,6,late,0.010551352851830977,0.14563582418897805,1.25,1.05,1,linear,0.00466460324650443,0.0,0.06,1.0,10,192,2989088,0.18008160591125488,24,220109.87449285513,4,4.493729591369629,
629,COMPLETE,4.2164266705513,3,lean,32,1,32,4,midlate,0.004567942211624507,0.01197341357370532,0.8164965809277261,1.0,1,learned,0.004941650665807974,0.15,0.06,0.5,10,192,2900268,0.1496671438217163,24,413551.31107957254,2,4.492715835571289,
630,COMPLETE,4.209866940975189,3,full,24,2,32,4,even,0.005901470193521244,0.014844164147601358,1.0,0.9,1,linear,0.005138034149509074,0.0,0.06,0.5,11,192,2984996,0.14512759447097778,24,362278.26227416744,0,4.493681907653809,
631,COMPLETE,4.2836867570877075,3,full,24,2,32,6,midlate,0.0289365656580583,0.014374445212901057,1.25,0.9,2,linear,0.00447707460613525,0.15,0.06,1.0,11,192,3018280,0.041034162044525146,24,273879.7067062911,3,4.4940690994262695,
632,COMPLETE,4.177499532699585,3,full,24,4,32,4,midlate,0.006985864174255476,0.052848921659612025,1.25,0.9,1,linear,0.005280759445236073,0.15,0.06,1.0,11,192,3018284,0.18913429975509644,24,294137.4381170267,5,4.494053840637207,
633,COMPLETE,4.233738839626312,3,full,16,8,32,3,late,0.024938346827355788,0.012618537156584344,0.75,1.05,1,linear,0.004516044795530346,0.15,0.06,1.0,11,192,3031108,0.1602458357810974,24,235002.3883519272,1,4.494183540344238,
634,COMPLETE,4.258811175823212,3,full,24,4,32,4,even,0.004248014186582442,0.014546123337588129,0.75,1.0,1,one,0.0048926642907189425,0.15,0.06,1.0,11,192,3017244,0.06321728229522705,24,296431.8629409181,2,4.494032859802246,
635,PRUNED,4.890425686418027,2,full,32,2,32,4,even,0.021427739088751493,0.01502805128884587,0.8164965809277261,0.9,1,learned,0.003836172672564819,0.15,0.01,0.5,13,128,2989376,,24,,6,,
636,COMPLETE,4.228249371051788,3,full,24,8,32,4,late,0.027221230643021472,0.032480787421511614,0.75,0.9,1,linear,0.004592704724348038,0.15,0.02,0.5,11,192,3084860,0.15922164916992188,24,187341.2221599746,0,4.494797706604004,
637,COMPLETE,4.242980122566223,2,full,24,4,32,6,even,0.0057971517357393336,0.052066351646824785,1.0,1.05,1,linear,0.005141729071013422,0.15,0.04,1.0,13,128,3058240,0.17313873767852783,24,209929.07122073116,7,4.494543552398682,
638,FAIL,,3,full,24,8,32,6,even,0.0036775159164664454,0.05691246043279237,0.75,1.05,1,linear,0.004853154018842616,0.15,0.04,1.0,11,192,3168076,,24,,3,,oom
639,COMPLETE,4.229458570480347,2,lean,24,1,32,4,midlate,0.0058483758410814825,0.011655710546369465,0.8164965809277261,1.0,1,linear,0.0053810929030465695,0.15,0.06,0.5,12,128,2892196,0.1520647406578064,24,382624.08365232835,4,4.49278450012207,
640,COMPLETE,4.218300223350525,3,full,24,8,32,4,midlate,0.02035279757021415,0.008877384018279482,0.75,0.9,1,linear,0.004618567484025513,0.15,0.06,1.0,11,192,3084860,0.14904636144638062,24,185651.88044922045,5,4.494797706604004,
641,COMPLETE,4.253841400146484,3,lean,16,2,32,4,late,0.029918340723038964,0.0176869922939169,0.75,0.9,1,linear,0.004494803982408348,0.15,0.06,1.0,10,192,2894832,0.1708928346633911,24,399525.64729229006,6,4.4926557540893555,
642,COMPLETE,4.2166959047317505,3,full,16,8,32,4,midlate,0.026043926753328495,0.014823549814916787,0.75,0.9,1,head_scalar,0.005394664533081118,0.05,0.06,1.0,11,192,3070668,0.08700919151306152,24,193847.1037267615,2,4.494631290435791,
643,COMPLETE,4.257921814918518,3,full,24,8,32,4,late,0.023345797461491312,0.014221094744633915,1.0,0.9,1,linear,0.00452693332150269,0.0,0.06,1.0,11,192,3084860,0.12541556358337402,24,181791.06496461105,1,4.494797706604004,
644,COMPLETE,4.244967341423035,3,full,24,4,32,6,even,0.006729400162332281,0.005915367987236273,0.75,1.05,1,linear,0.004431992540345529,0.15,0.04,1.0,11,192,3068212,0.15636730194091797,24,220218.9710730736,4,4.494626998901367,
645,COMPLETE,4.1734026074409485,3,full,24,4,32,4,midlate,0.005364116819076092,0.04554592088967585,1.25,0.9,1,linear,0.005455107788879183,0.15,0.06,1.0,11,192,3018284,0.1659470796585083,24,276032.4587079558,6,4.494053840637207,
646,COMPLETE,4.249753654003143,3,full,24,1,16,4,midlate,0.0045107853675997525,0.01593897226635855,0.8164965809277261,1.0,1,head_scalar,0.0053223822485535,0.15,0.06,0.5,11,192,2959904,0.029270827770233154,24,437458.47382358933,7,4.493399620056152,
647,COMPLETE,4.287965834140778,3,full,24,4,32,4,midlate,0.006212671783950972,0.102950132846913,1.25,1.0,1,one,0.004787754893645822,0.15,0.04,1.0,11,192,3017244,0.05997896194458008,24,284721.8812669226,0,4.494032859802246,
648,COMPLETE,4.267589330673218,3,full,32,2,32,3,midlate,0.0034595670458978617,0.0180375829053984,0.75,1.05,2,linear,0.005093108859611343,0.15,0.06,1.0,11,192,2980498,0.023401081562042236,24,436359.85189559544,7,4.493614196777344,
649,PRUNED,4.665262809530698,3,full,24,4,32,6,even,0.004446435111087256,0.024086298628537395,0.75,1.05,2,linear,0.00427429086667445,0.15,0.04,0.5,11,192,3068212,,24,,5,,
650,COMPLETE,4.260629177093506,3,full,24,4,32,2,midlate,0.003973207188138945,0.028928924027121227,0.8164965809277261,1.05,1,linear,0.004056085821989756,0.15,0.06,1.0,11,192,2968356,0.1323893666267395,24,371502.8178422182,6,4.493480682373047,
651,COMPLETE,4.176818668842316,3,full,24,4,32,4,midlate,0.005070998926461104,0.09911332279293877,1.25,0.9,1,linear,0.005417717005422289,0.15,0.06,1.0,11,192,3018284,0.18738549947738647,24,267430.1554028022,7,4.494053840637207,
652,COMPLETE,4.242374956607819,3,full,24,4,32,4,midlate,0.0034211630870057876,0.019082869114240567,1.25,1.05,1,linear,0.004451781295412371,0.15,0.01,1.0,11,192,3018284,0.1695549488067627,24,285187.23537809454,2,4.494053840637207,
653,PRUNED,4.893192919812138,3,full,24,4,32,6,late,0.016062378974424182,0.2655164933227179,1.25,0.9,2,linear,0.003870793026408605,0.15,0.06,1.0,11,192,3068212,,24,,4,,
654,FAIL,,3,full,24,4,32,6,even,0.004712845461899101,0.03181811708922513,0.75,1.05,1,head_scalar,0.00417006105338572,0.15,0.02,1.0,11,192,3066676,,24,,3,,oom
655,COMPLETE,4.253016173839569,3,full,32,4,32,4,even,0.029378584275420592,0.02683639463114773,0.8164965809277261,0.9,1,learned,0.004210556196643153,0.15,0.06,0.5,11,192,3030428,0.11304640769958496,24,299281.087280094,1,4.494179725646973,
656,COMPLETE,4.201571226119995,3,full,32,4,32,6,midlate,0.01648263944547115,0.17361787857905062,1.25,0.9,1,linear,0.004599574014659844,0.15,0.06,1.0,11,192,3080356,0.1845848560333252,24,215344.37522183795,0,4.494752883911133,
657,COMPLETE,4.244079649448395,3,full,16,8,32,3,late,0.023507852337220178,0.06100673625024883,0.75,0.9,1,head_scalar,0.004908758936185686,0.15,0.06,1.0,11,192,3029572,0.075222909450531,24,229557.45071703845,5,4.494164943695068,
658,PRUNED,4.853817829852184,2,full,16,8,32,4,late,0.02338700837335256,0.016684338584941345,0.75,0.9,1,linear,0.0047913633929486926,0.15,0.06,1.0,13,128,3060536,,24,,6,,
659,PRUNED,4.886519830531516,3,full,8,4,32,4,midlate,0.008662161439052234,0.024700614374522596,0.75,1.0,2,linear,0.0043156401597119936,0.15,0.04,1.0,11,192,2993996,,24,,4,,
660,COMPLETE,4.1970871686935425,3,full,24,4,24,6,late,0.017653172736514715,0.2687519126359094,1.25,1.05,1,linear,0.005370167400692278,0.15,0.06,1.0,11,192,3043636,0.18400639295578003,24,271939.3305382042,7,4.494352340698242,
661,COMPLETE,4.215654730796814,3,lean,24,4,32,4,late,0.007414016451079024,0.04360558667681579,1.25,0.9,1,linear,0.0052964040695803105,0.15,0.06,1.0,10,192,2939160,0.17751282453536987,24,297338.24315547856,4,4.493156433105469,
662,COMPLETE,4.292277038097382,3,full,24,4,8,4,midlate,0.006194783368660912,0.2673608441437925,1.25,0.9,1,linear,0.004896716624935217,0.05,0.06,1.0,11,192,2969132,0.02916806936264038,24,394295.9579536848,2,4.493504524230957,
663,COMPLETE,4.190433919429779,3,full,24,4,32,4,midlate,0.005352185507532379,0.037077148355991005,1.25,0.9,1,linear,0.00499347733592456,0.15,0.06,1.0,11,192,3018284,0.17912977933883667,24,285842.44189171016,6,4.494053840637207,
664,PRUNED,4.885208339566564,3,lean,24,8,32,4,late,0.027875239750050834,0.007765673799777773,0.8164965809277261,0.9,1,linear,0.003835636926871069,0.15,0.06,1.0,10,192,3005736,,24,,1,,
665,COMPLETE,4.255773842334747,3,full,24,8,32,4,late,0.02163707490000434,0.025408029378831933,0.75,1.0,1,learned,0.00400666662187032,0.15,0.06,1.0,11,192,3084860,0.1321275234222412,24,182081.75919027053,2,4.494797706604004,
666,FAIL,,3,full,24,8,32,6,late,0.0226504407017522,0.010124211831850267,0.75,0.9,1,linear,0.0054692544753694155,0.1,0.01,1.0,11,192,3168076,,24,,0,,oom
667,COMPLETE,4.254607141017914,3,full,24,4,32,4,midlate,0.012882579121093663,0.08931600830270066,1.0,1.05,1,linear,0.005288565632824546,0.0,0.01,1.0,11,192,3018284,0.14190226793289185,24,276539.91181400215,5,4.494053840637207,
668,COMPLETE,4.219419538974762,3,full,16,4,32,6,midlate,0.017587832771369993,0.07556608058162839,1.25,1.05,1,linear,0.005306304658377188,0.0,0.06,1.0,11,192,3056068,0.1710735559463501,24,215062.78210696575,1,4.494485378265381,
669,COMPLETE,4.184505045413971,3,full,24,4,24,6,late,0.01844888037555842,0.15151365395413152,1.25,1.05,1,linear,0.0051827204490023275,0.15,0.06,0.5,11,192,3043636,0.17266923189163208,24,278120.60781741247,7,4.494352340698242,
670,COMPLETE,4.199758052825928,3,full,24,4,24,3,late,0.016953064866152483,0.06918576222309711,1.25,1.05,1,linear,0.005293800661822206,0.15,0.06,1.0,11,192,2981032,0.14877104759216309,24,387480.8855742339,4,4.4936299324035645,
671,PRUNED,4.84998143401789,3,full,16,4,32,4,late,0.0045112515205600326,0.02389886489364711,1.25,1.0,1,linear,0.004056790773598645,0.15,0.06,1.0,11,192,3006140,,24,,3,,
672,COMPLETE,4.173567533493042,3,full,24,4,32,3,midlate,0.006401574286281697,0.24180629042221544,0.8164965809277261,0.9,1,linear,0.005443098949905325,0.15,0.06,1.0,11,192,2993320,0.18337810039520264,24,350873.9240754514,6,4.493767261505127,
673,COMPLETE,4.248837351799011,3,full,24,4,32,4,midlate,0.004583298862467624,0.08336062174697033,1.25,0.9,1,linear,0.004034430143026591,0.15,0.06,1.0,11,192,3018284,0.16446876525878906,24,293366.0297139247,3,4.494053840637207,
674,COMPLETE,4.20391970872879,3,full,24,2,32,4,even,0.018408552889399285,0.005930836975952121,1.0,0.9,1,linear,0.005325737522192003,0.1,0.06,1.0,11,192,2984996,0.14260613918304443,24,376226.23056989146,4,4.493681907653809,
675,COMPLETE,4.17952424287796,3,full,16,1,32,4,late,0.011924054671400272,0.008283027188933817,0.75,0.9,1,linear,0.005499397588968719,0.15,0.06,1.0,11,192,2956208,0.16272032260894775,24,414310.9389652397,5,4.493357181549072,
676,COMPLETE,4.194957196712494,3,lean,24,4,32,6,even,0.0176818465549742,0.07806772897709895,1.25,1.05,1,linear,0.004867058935857972,0.15,0.06,1.0,10,192,2989088,0.16215169429779053,24,224524.17057475945,7,4.493729591369629,
677,COMPLETE,4.2428213357925415,3,full,24,4,24,6,late,0.013871572131843224,0.09039122153886213,1.25,1.05,1,linear,0.004569015160827449,0.15,0.04,0.5,11,192,3043636,0.1409870982170105,24,270864.95238608273,6,4.494352340698242,
678,COMPLETE,4.180460631847382,3,full,24,4,32,3,midlate,0.010703379486602212,0.15892097404990954,0.8164965809277261,0.9,1,linear,0.005230749167613467,0.15,0.06,1.0,11,192,2993320,0.17682963609695435,24,339927.8624053344,2,4.493767261505127,
679,PRUNED,4.9529859774759,1,full,24,2,8,4,midlate,0.005647021349776452,0.013806978708877145,1.25,1.0,1,linear,0.004071367885717783,0.0,0.06,1.0,16,64,2941960,,24,,4,,
680,COMPLETE,4.266964673995972,3,full,24,4,8,6,late,0.016204129044004652,0.12657828324405446,1.25,1.05,1,linear,0.00498617434709376,0.15,0.06,1.0,11,192,2994484,0.047161877155303955,24,337860.23533383536,1,4.493803024291992,
681,COMPLETE,4.220559060573578,3,full,24,4,24,6,late,0.015105887673940013,0.24338561831367217,1.25,1.05,1,learned,0.004914279897231791,0.15,0.06,0.5,11,192,3043636,0.1565837264060974,24,279334.2188486996,5,4.494352340698242,
682,PRUNED,4.858785706104115,3,full,16,4,32,4,late,0.007690033668075712,0.006652837726242248,0.75,0.9,1,linear,0.00370522323237245,0.15,0.06,1.0,11,192,3006140,,24,,4,,
683,COMPLETE,4.225153148174286,3,full,16,1,32,6,late,0.0127609727967683,0.005067800614153171,0.75,0.9,1,linear,0.005093206026415721,0.15,0.02,1.0,11,192,2981170,0.14316177368164062,24,350309.90531569085,3,4.493652820587158,
684,COMPLETE,4.181771397590637,3,full,16,1,32,4,late,0.011074128064496607,0.013833191157260219,1.0,0.9,1,linear,0.005224748234517455,0.15,0.06,1.0,11,192,2956208,0.15902233123779297,24,348099.47016074567,0,4.493357181549072,
685,COMPLETE,4.238253712654114,3,full,24,4,16,6,late,0.01796895253858,0.16938589704188484,1.25,0.9,1,linear,0.004901547543292086,0.15,0.06,0.5,11,192,3019060,0.10494625568389893,24,351938.9227131734,1,4.494077682495117,
686,COMPLETE,4.214968025684357,2,full,24,4,24,6,late,0.01663794808155812,0.1997721923138111,1.25,1.05,1,linear,0.005271474285087922,0.15,0.06,1.0,13,128,3033664,0.17313802242279053,24,278191.53909669374,4,4.494268894195557,
687,COMPLETE,4.256923794746399,3,full,24,4,32,4,midlate,0.003216664493654384,0.0240818923036169,1.25,0.9,1,linear,0.004870773818672511,0.05,0.02,1.0,11,192,3018284,0.14358001947402954,24,288709.19456439465,2,4.494053840637207,
688,COMPLETE,4.1829410791397095,3,full,24,4,32,3,midlate,0.006309781961515742,0.19448841995661692,0.8164965809277261,0.9,1,linear,0.005172198985222773,0.15,0.06,1.0,11,192,2993320,0.18529045581817627,24,322994.126663669,6,4.493767261505127,
689,COMPLETE,4.204925239086151,3,full,16,8,32,4,even,0.022981750381830496,0.01328823005056375,0.75,0.9,1,linear,0.005066288436204303,0.15,0.06,1.0,11,192,3072716,0.1517384648323059,24,196644.85065570244,3,4.494656085968018,
690,FAIL,,3,lean,24,8,32,6,even,0.013974260675413441,0.14434023955594089,1.25,1.05,1,linear,0.004531034608815501,0.15,0.04,1.0,10,192,3088952,,24,,7,,oom
691,COMPLETE,4.259679019451141,3,lean,24,4,32,6,even,0.01525273099643438,0.07393506203437847,1.25,1.05,1,linear,0.003928055292164625,0.15,0.06,1.0,10,192,2989088,0.14147251844406128,24,209346.78169318725,5,4.493729591369629,
692,COMPLETE,4.229552507400513,3,full,24,4,24,6,even,0.016300388602654786,0.19175623276610138,1.25,1.05,1,linear,0.004642757023758916,0.15,0.06,0.5,11,192,3043636,0.14959514141082764,24,261862.80196093748,1,4.494352340698242,
693,COMPLETE,4.284649133682251,3,full,24,4,16,3,midlate,0.005660960416836579,0.18264498600537485,0.8164965809277261,0.9,1,linear,0.004637259775905267,0.1,0.02,1.0,11,192,2968744,0.08082610368728638,24,460712.9086142975,0,4.493492603302002,
694,COMPLETE,4.230857670307159,3,full,24,4,32,3,midlate,0.0233780374051099,0.18309080824510365,0.8164965809277261,0.9,1,linear,0.004330409559270617,0.15,0.06,1.0,11,192,2993320,0.16729897260665894,24,347170.3451488233,6,4.493767261505127,
695,COMPLETE,4.22100692987442,3,full,24,4,32,3,midlate,0.004184083034519152,0.13748312981519412,0.8164965809277261,0.9,1,linear,0.004147932179872091,0.15,0.06,1.0,11,192,2993320,0.17539477348327637,24,355622.76756521786,4,4.493767261505127,
696,COMPLETE,4.2356433272361755,3,full,16,1,32,4,late,0.01083250868765375,0.017787394856838723,1.0,0.9,1,linear,0.004691953210586914,0.0,0.06,1.0,11,192,2956208,0.1203884482383728,24,379823.00254801713,2,4.493357181549072,
697,PRUNED,4.843272763249621,3,full,24,4,32,4,midlate,0.006339340596903736,0.02269902880806773,1.25,1.0,2,linear,0.004105886955402943,0.15,0.06,1.0,11,192,3018284,,24,,0,,
698,COMPLETE,4.285817086696625,3,full,24,4,16,4,midlate,0.008098677662273922,0.014137625135843178,1.25,1.05,1,linear,0.00415030056791232,0.15,0.06,1.0,11,192,2985516,0.08220869302749634,24,429881.3838799509,1,4.493687629699707,
699,COMPLETE,4.18991756439209,3,full,8,4,32,4,midlate,0.00318854926649409,0.07548941335669052,0.75,1.0,1,linear,0.005265715342193591,0.15,0.06,1.0,11,192,2993996,0.18064385652542114,24,256297.85056513138,2,4.493786334991455,
700,COMPLETE,4.253210425376892,3,full,16,1,32,3,even,0.007877276322928266,0.02152909634662466,1.0,0.9,1,linear,0.0047573093667343525,0.15,0.06,1.0,11,192,2943727,0.12014210224151611,24,485680.33153541974,0,4.493209362030029,
701,COMPLETE,4.25257134437561,3,full,16,1,24,4,late,0.013057943235350674,0.006846965734913194,1.0,1.05,1,linear,0.004257042104966411,0.15,0.06,1.0,11,192,2952112,0.11337339878082275,24,444662.97953641764,6,4.493311405181885,
702,COMPLETE,4.28010231256485,3,full,16,1,16,3,late,0.021083239837366846,0.01214932027757217,0.75,0.9,1,linear,0.004835687638379245,0.15,0.06,1.0,11,192,2937583,0.0507315993309021,24,517395.16107359814,4,4.493140697479248,
703,PRUNED,4.819851300483245,2,full,32,2,32,4,late,0.008190789855681902,0.05487056487429438,1.25,0.9,1,linear,0.003995781626064586,0.1,0.06,0.5,13,128,2989376,,24,,5,,
704,COMPLETE,4.247937738895416,3,full,16,1,32,2,late,0.007284214303117819,0.014621226981702347,1.0,0.9,1,linear,0.004317565486730889,0.15,0.06,0.5,11,192,2931246,0.11110830307006836,24,524950.1685883072,3,4.493061542510986,
705,COMPLETE,4.2088764905929565,3,full,16,1,32,4,midlate,0.023238746356516946,0.018019808400740574,0.75,1.0,1,linear,0.005247789864019428,0.15,0.06,1.0,11,192,2956208,0.16363829374313354,24,421720.38148229214,1,4.493357181549072,
706,COMPLETE,4.222274720668793,3,full,24,4,32,2,midlate,0.010452221484183141,0.1122494398742494,0.8164965809277261,0.9,1,linear,0.005147430763005449,0.15,0.01,1.0,11,192,2968356,0.15946340560913086,24,410209.20551804826,4,4.493480682373047,
707,PRUNED,4.633611839852171,3,full,16,1,32,4,late,0.013683521146909848,0.015920536906916402,1.0,0.9,2,linear,0.004875489243507622,0.15,0.01,1.0,11,192,2956208,,24,,0,,
708,COMPLETE,4.195783734321594,3,full,16,1,32,4,midlate,0.008843411315199641,0.005104466237125698,1.0,0.9,1,linear,0.005357300934861913,0.15,0.06,1.0,11,192,2956208,0.17281252145767212,24,378351.8376025789,5,4.493357181549072,
709,PRUNED,4.843968163830057,3,full,24,4,32,3,midlate,0.006507024884329579,0.16574553579728968,1.25,1.0,1,linear,0.0047098226317884235,0.15,0.02,1.0,11,192,2993320,,24,,6,,
710,COMPLETE,4.245438754558563,3,full,16,1,32,4,late,0.011177537543357844,0.00984531256075026,0.75,0.9,1,linear,0.0046346105462804965,0.15,0.01,1.0,11,192,2956208,0.13806617259979248,24,411722.3333666186,3,4.493357181549072,
711,COMPLETE,4.2455902099609375,3,full,8,4,16,4,even,0.003375690978041537,0.035444013768750435,1.25,0.9,1,linear,0.005399166806500038,0.15,0.06,1.0,11,192,2961228,0.08266550302505493,24,401656.1041009525,0,4.493420124053955,
712,PRUNED,4.859100358490643,2,full,24,4,32,3,midlate,0.007276003845963931,0.19032689828122332,0.8164965809277261,1.0,1,head_scalar,0.004383361378229224,0.15,0.06,1.0,13,128,2982580,,24,,6,,
713,COMPLETE,4.213020026683807,3,full,16,1,32,2,late,0.007913654365552927,0.013661124144319673,0.75,0.9,1,linear,0.0050394886180138935,0.1,0.06,1.0,11,192,2931246,0.11577481031417847,24,550592.7148145181,7,4.493061542510986,
714,PRUNED,4.843297905459406,3,full,8,4,32,4,midlate,0.0032788027150622103,0.030600550624097028,0.75,1.0,1,linear,0.004856435506568996,0.15,0.06,1.0,11,192,2993996,,24,,2,,
715,COMPLETE,4.180553615093231,3,full,16,1,32,4,late,0.009448237087103996,0.04462034146607228,0.75,0.9,1,linear,0.005260999769543713,0.15,0.06,0.5,11,192,2956208,0.16529899835586548,24,417547.05482473463,1,4.493357181549072,
716,FAIL,,3,full,24,8,32,6,late,0.017372990600865782,0.13476482489739117,1.25,1.05,1,linear,0.00400785555034281,0.15,0.06,0.5,11,192,3168076,,24,,5,,oom
717,COMPLETE,4.175487458705902,3,full,16,1,32,4,late,0.007613682490996461,0.022067462437375288,1.0,1.0,1,linear,0.005448705869186651,0.15,0.06,1.0,11,192,2956208,0.16521239280700684,24,415138.5571892151,4,4.493357181549072,
718,COMPLETE,4.250321328639984,3,full,24,4,24,6,late,0.02614161098029804,0.1223465156644136,0.8164965809277261,1.05,1,linear,0.0043630556256222305,0.0,0.06,0.5,11,192,3043636,0.14880532026290894,24,278434.4428945733,3,4.494352340698242,
719,COMPLETE,4.203902304172516,3,full,24,4,32,4,late,0.003346981286377741,0.0071199714027279665,0.8164965809277261,1.05,1,learned,0.005459326032291596,0.1,0.06,1.0,11,192,3018284,0.15665823221206665,24,290541.99433173845,6,4.494053840637207,
720,PRUNED,4.865783741921889,3,full,24,1,32,4,late,0.004301385682822278,0.011251157443401294,1.0,0.9,1,linear,0.004538853868022489,0.15,0.06,1.0,11,192,2968352,,24,,0,,
721,COMPLETE,4.2439170479774475,3,full,24,8,24,2,midlate,0.0073594985939876316,0.032927836071155514,1.25,0.9,1,linear,0.004771581220251309,0.15,0.06,1.0,11,192,2985260,0.11707419157028198,24,334250.6221168719,2,4.493669509887695,
722,COMPLETE,4.230126917362213,3,full,24,4,24,6,late,0.016969172087504317,0.13105580414775192,0.75,1.05,1,linear,0.0046232685650049975,0.15,0.06,0.5,11,192,3043636,0.15772271156311035,24,274923.1776272493,1,4.494352340698242,
723,FAIL,,3,full,24,4,32,6,midlate,0.014629432226170237,0.08356900866572539,0.8164965809277261,1.05,1,learned,0.0047224072413283545,0.15,0.06,1.0,11,192,3068212,,24,,0,,oom
724,COMPLETE,4.241565585136414,3,full,16,1,24,4,even,0.011797949469259288,0.0371214851084972,0.75,0.9,1,linear,0.004570377669447863,0.15,0.06,0.5,11,192,2952112,0.10610806941986084,24,440861.3074921973,4,4.493311405181885,
725,COMPLETE,4.205614447593689,3,full,16,1,32,4,late,0.007428665756678801,0.013360681342206079,1.0,1.0,1,linear,0.004936143141375428,0.15,0.06,1.0,11,192,2956208,0.15861839056015015,24,403787.65380468365,7,4.493357181549072,
726,COMPLETE,4.1876150369644165,3,full,16,1,32,4,late,0.009895137542092668,0.008315231973445735,1.25,0.9,1,linear,0.0051818597203466725,0.15,0.06,1.0,11,192,2956208,0.15472412109375,24,414510.8664320247,2,4.493357181549072,
727,FAIL,,3,full,16,1,32,4,late,0.011765873372148971,0.020106528429843125,0.75,1.0,1,linear,0.004608324219460464,0.1,0.06,0.5,11,192,2956208,,24,,4,,oom
728,FAIL,,3,full,24,4,32,6,midlate,0.003378230594012361,0.021222416637506923,1.0,0.9,1,linear,0.005190861809778136,0.15,0.06,1.0,11,192,,,,,,,quota
729,COMPLETE,4.210242569446564,3,full,16,1,32,3,late,0.0053063004783419285,0.03998435203452812,0.75,0.9,1,linear,0.005097354266401784,0.15,0.06,0.5,11,192,2943727,0.13838523626327515,24,487793.0843588439,3,4.493209362030029,
730,FAIL,,3,full,16,1,32,4,late,0.008604849177957138,0.026056764121161678,0.75,0.9,1,head_scalar,0.005393741829077484,0.05,0.06,0.5,11,192,2955952,,24,,7,,oom
731,COMPLETE,4.286876857280731,3,full,16,1,16,4,late,0.013667454267023054,0.055522881173567414,0.75,0.9,1,linear,0.005037554745331597,0.15,0.02,0.5,11,192,2948016,0.07048887014389038,24,476869.76704077574,6,4.493265628814697,
732,COMPLETE,4.263673424720764,3,full,24,8,32,4,midlate,0.004099753540219407,0.017174567813093174,1.0,1.05,1,learned,0.0045555605271570074,0.15,0.02,1.0,11,192,3084860,0.11523866653442383,24,189399.24832106248,1,4.494797706604004,
733,FAIL,,3,full,16,1,32,4,late,0.007256250717716067,0.009363287090817695,1.25,0.9,1,linear,0.005043046745932094,0.15,0.06,1.0,11,192,2956208,,24,,2,,oom
734,PRUNED,4.97132139681733,1,full,16,1,32,6,late,0.01527617460699056,0.029492107230387147,1.0,0.9,1,linear,0.00401534025948183,0.15,0.06,1.0,16,64,2957190,,24,,6,,
735,COMPLETE,4.235630214214325,3,full,24,1,32,3,midlate,0.009018887644521129,0.2073406050833183,0.8164965809277261,0.9,1,linear,0.004934363184873264,0.15,0.02,1.0,11,192,2955871,0.17195099592208862,24,460543.60511257336,3,4.493350982666016,
736,FAIL,,3,full,8,8,32,4,late,0.015512482678921578,0.010798767068211802,1.0,0.9,2,linear,0.005219698161021187,0.15,0.06,1.0,11,192,,,,,,,quota
737,COMPLETE,4.237546384334564,3,full,32,1,32,4,late,0.0180761598472016,0.020305129521825067,1.0,0.9,1,linear,0.004653792812065211,0.15,0.06,1.0,11,192,2980496,0.14344853162765503,24,385580.3344452331,6,4.493624687194824,
738,FAIL,,3,lean,24,4,32,4,midlate,0.004493462652727855,0.0056349805702400405,1.25,1.05,1,linear,0.004945063757631501,0.15,0.06,1.0,10,192,2939160,,24,,3,,oom
739,PRUNED,4.848854536679102,3,full,16,1,32,4,late,0.01299224110129055,0.00539512537986706,0.75,1.05,1,head_scalar,0.004503241615182716,0.15,0.06,1.0,11,192,2955952,,24,,5,,
740,COMPLETE,4.219128370285034,2,lean,32,2,32,4,midlate,0.014820621114072403,0.04936553446478244,1.0,0.9,1,linear,0.005276472068964587,0.15,0.06,0.5,12,128,2922088,0.16704505681991577,24,362519.385083944,6,4.492982864379883,
741,COMPLETE,4.258465886116028,3,full,16,1,24,4,late,0.013265990783315538,0.2785008184054908,0.75,0.9,1,one,0.00499988152685088,0.15,0.06,0.5,11,192,2951852,0.06485152244567871,24,435870.88729450793,5,4.493296146392822,
742,COMPLETE,4.205236494541168,3,lean,8,4,32,4,midlate,0.0035155501983952005,0.07500639076058835,0.75,1.05,1,learned,0.005099870186693271,0.15,0.06,1.0,10,192,2917080,0.17593687772750854,24,295869.6622329891,0,4.492913246154785,
743,COMPLETE,4.210033357143402,3,full,16,1,32,4,late,0.011217483161029034,0.0674024373261826,0.75,0.9,1,linear,0.00465309336901596,0.15,0.06,0.5,11,192,2956208,0.16428375244140625,24,401579.82074864354,6,4.493357181549072,
744,FAIL,,3,full,24,4,8,6,midlate,0.006799258167500069,0.023437628162934307,1.25,1.0,1,learned,0.005478666197747417,0.15,0.06,1.0,11,192,,,,,,,quota
745,COMPLETE,4.225031673908234,3,full,16,4,32,4,even,0.011051473717687204,0.006803659790204129,1.0,1.0,1,learned,0.004899254350067326,0.15,0.06,1.0,11,192,3006140,0.1482674479484558,24,298999.6000081219,5,4.493912220001221,
746,FAIL,,3,full,8,4,32,3,late,0.005628111895172677,0.23149773740883295,0.8164965809277261,0.9,1,linear,0.005212913552416389,0.15,0.06,1.0,11,192,2969032,,24,,4,,oom
747,PRUNED,4.760107041039346,3,full,16,1,16,4,late,0.007124916717851373,0.012618059189930328,1.0,0.9,1,head_scalar,0.004483370224344661,0.15,0.06,1.0,11,192,2947760,,24,,1,,
748,FAIL,,3,full,16,1,32,4,late,0.0199959395446637,0.010436682743732485,0.75,0.9,1,linear,0.005400270714174748,0.15,0.06,1.0,11,192,2956208,,24,,7,,oom
749,FAIL,,3,full,24,4,32,2,midlate,0.0062524211015883985,0.01720773123222297,1.25,0.9,1,linear,0.005028646948046559,0.15,0.06,1.0,11,192,,,,,,,quota
750,COMPLETE,4.217341840267181,3,lean,8,4,32,4,midlate,0.009883806625479063,0.1511210573550035,0.75,1.0,1,linear,0.005357363250543528,0.0,0.06,1.0,10,192,2917080,0.166334867477417,24,273598.5600770796,1,4.492913246154785,
751,FAIL,,3,full,16,1,32,4,late,0.00636573473936164,0.1311984504461669,1.0,0.9,1,learned,0.0054031972221000035,0.15,0.06,1.0,11,192,2956208,,24,,6,,oom
752,FAIL,,3,full,24,1,24,6,late,0.01580918570008939,0.1512261879162806,1.25,1.05,1,linear,0.004666608153612335,0.15,0.06,0.5,11,192,2987170,,24,,0,,oom
753,COMPLETE,4.269962906837463,3,full,32,4,8,3,midlate,0.008559912197240565,0.13282455680419625,0.8164965809277261,0.9,1,linear,0.005005892751538084,0.15,0.06,1.0,11,192,2968600,0.023103654384613037,24,507044.42011517787,2,4.493481159210205,
754,FAIL,,3,full,16,1,32,4,late,0.0060815369958423385,0.018108159150768726,1.25,0.9,1,head_scalar,0.005386055053797072,0.15,0.06,1.0,11,192,,,,,,,quota
755,PRUNED,4.842065354406899,2,full,8,4,32,4,midlate,0.007240697608690227,0.036026511861098454,1.25,0.9,1,head_scalar,0.004411351879778455,0.15,0.06,1.0,13,128,2978584,,24,,2,,
756,COMPLETE,4.214174926280975,3,full,8,1,32,6,even,0.01005973529378356,0.015739803411522812,1.25,0.9,1,linear,0.0050371873671848115,0.15,0.06,1.0,11,192,2969026,0.16250532865524292,24,301560.37061665585,3,4.493526935577393,
757,FAIL,,3,full,24,4,32,3,midlate,0.008853870045950405,0.08939102857571511,1.25,0.9,1,head_scalar,0.0039946670455502705,0.15,0.06,1.0,11,192,2992552,,24,,5,,oom
758,PRUNED,4.933158856391829,1,full,24,4,32,3,midlate,0.011534716256795368,0.04993417395418705,0.8164965809277261,0.9,1,linear,0.004685637045396774,0.15,0.06,0.5,16,64,2974860,,24,,1,,
759,PRUNED,4.932549195741974,1,full,24,4,32,3,midlate,0.004601054958027151,0.10186004737453433,1.0,1.0,1,linear,0.005439407854554303,0.15,0.06,1.0,16,64,2974860,,24,,2,,
760,COMPLETE,4.210123360157013,3,full,24,1,32,4,midlate,0.005309937544439655,0.017600063627261884,1.25,1.05,1,linear,0.005227658042898154,0.15,0.06,1.0,11,192,2968352,0.1632843017578125,24,377624.1519520163,1,4.493498802185059,
761,PRUNED,4.436499329283403,3,full,16,1,32,4,late,0.010152059387201167,0.008335362601803332,1.25,0.9,1,one,0.005166927045029585,0.1,0.06,1.0,11,192,2955948,,24,,2,,
762,COMPLETE,4.209204912185669,3,full,24,4,32,4,midlate,0.01314314142003021,0.07306667597686749,1.25,0.9,1,linear,0.004963260094786165,0.15,0.02,1.0,11,192,3018284,0.17750906944274902,24,271018.6020507967,3,4.494053840637207,
763,PRUNED,4.8594609444983625,3,full,16,1,32,4,late,0.00835690343289013,0.013829509654203792,1.25,0.9,1,linear,0.003722881345053941,0.15,0.06,1.0,11,192,2956208,,24,,2,,
764,COMPLETE,4.2664342522621155,3,full,24,4,32,3,midlate,0.006173871208881203,0.15770913392672867,0.8164965809277261,0.9,1,head_scalar,0.004858553815147136,0.05,0.06,1.0,11,192,2992552,0.06972318887710571,24,340495.46994876675,4,4.493757247924805,
765,PRUNED,4.770422676208721,3,full,24,4,8,2,midlate,0.004716581153757934,0.03855146789021403,1.25,1.05,1,linear,0.004041400359793048,0.0,0.06,1.0,11,192,2943780,,24,,1,,
766,PRUNED,4.861435579444437,3,full,16,1,32,4,late,0.016481209857119237,0.011076174271146452,0.75,0.9,2,one,0.0047002744194734524,0.15,0.06,1.0,11,192,2955948,,24,,7,,
767,PRUNED,4.850037393570531,3,full,24,8,32,6,even,0.014240160827717152,0.006245753630750237,1.25,1.05,1,linear,0.003977828895108829,0.15,0.06,0.5,11,192,3168076,,24,,2,,
768,FAIL,,3,full,24,4,32,4,midlate,0.004150335418326389,0.00844569006170044,1.0,0.9,1,one,0.005043242309447862,0.15,0.06,1.0,11,192,,,,,,,quota
769,FAIL,,3,full,8,4,32,3,midlate,0.005629712083090518,0.24684385086865704,1.0,0.9,1,linear,0.005291460043434176,0.15,0.06,1.0,11,192,2969032,,24,,1,,oom
770,COMPLETE,4.218466520309448,3,full,24,2,32,3,midlate,0.00950036029314799,0.18443106319049205,1.25,0.9,1,linear,0.005458989870975556,0.0,0.06,1.0,11,192,2968354,0.15259826183319092,24,399744.4962640009,7,4.493488311767578,
771,FAIL,,3,full,32,8,8,4,midlate,0.003842146866020457,0.0716640147368044,1.25,0.9,1,linear,0.004119468891831266,0.15,0.06,1.0,11,192,,,,,,,quota
772,COMPLETE,4.19229120016098,3,full,24,8,32,4,midlate,0.005997888118693042,0.06866140552678578,1.25,0.9,1,linear,0.0053650930631256215,0.1,0.06,1.0,11,192,3084860,0.1640661358833313,24,191012.65478480337,6,4.494797706604004,
773,PRUNED,4.806687105207058,3,full,24,4,32,2,midlate,0.0053216178534129435,0.0263666619286802,1.25,0.9,1,linear,0.004407852355862171,0.0,0.01,1.0,11,192,2968356,,24,,0,,
774,COMPLETE,4.206345319747925,3,full,24,8,32,4,even,0.01677042445002095,0.013066283536417969,0.75,1.05,1,linear,0.005359458115756355,0.15,0.04,0.5,11,192,3084860,0.15860861539840698,24,188104.36167846282,3,4.494797706604004,
775,PRUNED,4.863842577284204,3,lean,24,4,32,4,midlate,0.003410581514802612,0.011329592036493303,1.25,1.0,1,learned,0.004666252987867003,0.0,0.06,1.0,10,192,2939160,,24,,0,,
776,COMPLETE,4.253194689750671,3,full,24,8,32,4,midlate,0.004219198505041587,0.015208100984172643,1.25,1.05,2,learned,0.00521951662875366,0.15,0.06,1.0,11,192,3084860,0.03001636266708374,24,183510.810546077,4,4.494797706604004,
777,COMPLETE,4.217165946960449,3,full,16,1,32,4,late,0.013189268226183899,0.009398578836825709,1.0,0.9,1,learned,0.004993057611256238,0.15,0.04,1.0,11,192,2956208,0.13617020845413208,24,381454.5195988184,7,4.493357181549072,
778,COMPLETE,4.190968215465546,3,full,16,4,32,2,midlate,0.007670698903086343,0.29302011844950415,0.75,0.9,1,linear,0.005089567554803135,0.15,0.06,1.0,11,192,2956212,0.16317594051361084,24,413086.44045456685,5,4.4933390617370605,
779,COMPLETE,4.193189859390259,3,full,32,2,24,6,late,0.0124399895469227,0.06757705429878823,1.25,1.05,1,linear,0.005378052576227136,0.15,0.06,0.5,11,192,3018136,0.16407668590545654,24,332423.78906988836,2,4.494057655334473,
780,PRUNED,4.79152751126759,3,lean,16,1,32,4,late,0.00885509764425457,0.02220404297930152,1.0,0.9,1,linear,0.004251245673515775,0.15,0.02,1.0,10,192,2878188,,24,,0,,
781,COMPLETE,4.225239276885986,3,lean,24,4,32,3,even,0.006811858603876281,0.16972171008809517,0.8164965809277261,0.9,1,linear,0.005183550130466971,0.15,0.06,1.0,10,192,2914196,0.14747977256774902,24,374390.3674160221,0,4.492869853973389,
782,COMPLETE,4.236046493053436,3,full,24,1,32,6,late,0.00989212656949305,0.11094787565513797,1.0,1.05,1,linear,0.004473772492626448,0.1,0.06,1.0,11,192,2993314,0.1545209288597107,24,318971.7048282435,7,4.4937944412231445,
783,PRUNED,4.8741435003657525,3,full,16,8,32,6,late,0.019761421385125055,0.01029667029492338,0.75,0.9,1,linear,0.0036369321638051347,0.15,0.06,1.0,11,192,3155932,,24,,5,,
784,PRUNED,4.791749758607474,3,full,24,1,8,4,midlate,0.005005902232534351,0.0637773689370693,1.25,0.9,1,linear,0.004459571489988854,0.15,0.06,1.0,11,192,2956064,,24,,2,,
785,COMPLETE,4.237451553344727,2,full,24,8,32,3,even,0.00938753198648805,0.005536069674422521,0.75,0.9,1,linear,0.005090981617658299,0.1,0.06,0.5,13,128,3033280,0.15996497869491577,24,246750.48963038012,2,4.494241714477539,
786,PRUNED,4.8786459062057155,1,full,16,4,32,2,midlate,0.011816005814659754,0.19288926799978978,0.75,0.9,1,linear,0.004530852815494031,0.15,0.06,1.0,16,64,2932232,,24,,7,,
787,COMPLETE,4.258747577667236,3,full,24,4,32,4,midlate,0.0038720941484536755,0.051603938115060324,1.25,1.05,2,linear,0.005177204136320332,0.05,0.06,1.0,11,192,3018284,0.03811460733413696,24,262615.8477794805,0,4.494053840637207,
788,COMPLETE,4.211093246936798,3,full,16,4,32,2,midlate,0.008199977950886691,0.22356493564391955,0.75,1.0,1,linear,0.005131619434497585,0.15,0.06,1.0,11,192,2956212,0.16060078144073486,24,403872.2946080405,6,4.4933390617370605,
789,PRUNED,4.537432479470835,3,full,16,4,32,2,midlate,0.004927679344186924,0.28819338301754577,0.75,0.9,2,one,0.004544869273726044,0.15,0.06,1.0,11,192,2955692,,24,,1,,
790,COMPLETE,4.20854640007019,3,full,24,8,32,4,midlate,0.003297767659650761,0.17512459325922755,1.25,0.9,1,linear,0.0050212273828274395,0.1,0.06,1.0,11,192,3084860,0.1676119565963745,24,184739.46009535447,3,4.494797706604004,
791,PRUNED,4.926474827552006,1,full,24,4,24,6,late,0.013538273485018302,0.2086879289942935,1.25,1.0,1,linear,0.004419915181363009,0.15,0.06,0.5,16,64,3025176,,24,,7,,
792,FAIL,,3,full,24,8,32,6,midlate,0.0072619330520970965,0.20812280480028122,0.8164965809277261,0.9,1,linear,0.005395719737023587,0.15,0.06,1.0,11,192,3168076,,24,,5,,oom
793,PRUNED,4.8643835328686205,3,full,16,4,24,2,late,0.024024779669872803,0.27948080577926315,1.25,1.05,1,one,0.0037316624008267066,0.15,0.06,0.5,11,192,2947500,,24,,4,,
794,COMPLETE,4.272490918636322,3,full,24,8,24,4,midlate,0.006281309477298801,0.03482228753607922,1.25,0.9,1,linear,0.004664330570042458,0.1,0.02,1.0,11,192,3052092,0.10426521301269531,24,257238.22443382454,1,4.494431495666504,
795,COMPLETE,4.225782215595245,3,full,24,4,32,4,midlate,0.00960044779757091,0.2731603028826869,1.25,1.0,1,linear,0.0044800360561280715,0.1,0.06,1.0,11,192,3018284,0.17669415473937988,24,275886.91736310266,7,4.494053840637207,
796,PRUNED,4.796317194066539,3,full,24,4,32,2,late,0.009377577853685513,0.2650537735072303,1.25,1.0,1,linear,0.0045768473123606575,0.0,0.06,1.0,11,192,2968356,,24,,6,,
797,COMPLETE,4.175888895988464,3,full,16,2,32,6,midlate,0.008569144633629431,0.10434711464668209,0.75,0.9,1,linear,0.005152412762314578,0.15,0.06,1.0,11,192,3006136,0.19286835193634033,24,293578.67267423356,4,4.493927478790283,
798,PRUNED,4.802705638155588,2,full,24,4,32,2,midlate,0.008800045083592944,0.03970071382659551,0.75,0.9,1,linear,0.004482373011680434,0.15,0.06,1.0,13,128,2958384,,24,,6,,
799,COMPLETE,4.252870559692383,3,full,16,4,16,2,midlate,0.009299137767791371,0.09714863809897205,0.8164965809277261,0.9,1,linear,0.004954557791049355,0.15,0.06,1.0,11,192,2939828,0.06806105375289917,24,495610.0820205352,0,4.4931559562683105,
800,COMPLETE,4.24064576625824,3,full,24,4,32,4,midlate,0.00557524206207931,0.04134237619616694,0.75,0.9,1,head_scalar,0.0049398486631897385,0.15,0.06,1.0,11,192,3017260,0.09553635120391846,24,275954.12804336916,2,4.494040489196777,
801,PRUNED,4.911034524815536,3,full,24,4,32,6,late,0.011304061657291167,0.13349450786447595,1.25,1.05,1,linear,0.0033454476592953784,0.15,0.01,1.0,11,192,3068212,,24,,6,,
802,COMPLETE,4.183181166648865,3,full,16,4,32,4,midlate,0.00702602327088232,0.24720031192273825,0.75,0.9,1,linear,0.0051882505109539425,0.15,0.06,1.0,11,192,3006140,0.18211734294891357,24,280134.728502594,0,4.493912220001221,
803,COMPLETE,4.194210529327393,3,full,16,2,32,6,midlate,0.010516330384535944,0.2011043204680811,0.75,0.9,1,linear,0.005010511198029912,0.05,0.06,1.0,11,192,3006136,0.21100252866744995,24,299136.6964818958,4,4.493927478790283,
804,COMPLETE,4.217267274856567,3,full,16,1,32,4,late,0.005654667777868346,0.043374574470306564,0.75,0.9,1,learned,0.005261254301489248,0.0,0.04,0.5,11,192,2956208,0.1435280442237854,24,422539.3550322963,1,4.493357181549072,
805,COMPLETE,4.2368104457855225,3,full,16,4,32,2,midlate,0.006855040227130308,0.12057476608738871,0.75,0.9,1,linear,0.0050963379316102345,0.15,0.01,1.0,11,192,2956212,0.16263484954833984,24,400892.23354445025,7,4.4933390617370605,
806,COMPLETE,4.225280821323395,3,full,24,4,24,3,midlate,0.003726871875647972,0.2458386622663759,0.8164965809277261,1.0,1,linear,0.004845322042424025,0.1,0.06,1.0,11,192,2981032,0.12966090440750122,24,398523.94662336534,6,4.4936299324035645,
807,PRUNED,4.88844965726247,2,full,24,8,32,3,midlate,0.010682430531475226,0.13472569640716422,0.8164965809277261,1.05,1,linear,0.004206996852525204,0.15,0.06,1.0,13,128,3033280,,24,,3,,
808,PRUNED,4.7910582797756,3,full,8,4,32,4,midlate,0.004823478738315711,0.01807667509358733,1.25,1.05,1,head_scalar,0.004686319645222044,0.15,0.04,1.0,11,192,2992972,,24,,2,,
809,PRUNED,4.81524960448534,3,full,16,4,32,2,late,0.01417126221156294,0.2758093472032662,0.75,0.9,1,linear,0.003906609581434262,0.15,0.06,1.0,11,192,2956212,,24,,1,,
810,COMPLETE,4.232100188732147,3,full,16,8,32,4,late,0.009515987164397199,0.020107195481520318,1.0,0.9,1,linear,0.0041426372486499845,0.15,0.06,1.0,11,192,3072716,0.15795892477035522,24,186612.37059348272,7,4.494656085968018,
811,COMPLETE,4.22272914648056,3,full,16,4,32,4,late,0.016549011653985757,0.07200716276446001,1.0,1.0,1,linear,0.0050366480620327595,0.15,0.01,1.0,11,192,3006140,0.17056018114089966,24,241101.795656018,6,4.493912220001221,
812,COMPLETE,4.26812869310379,3,full,16,1,32,4,late,0.005635484075760964,0.005143901523450315,0.75,0.9,2,linear,0.005272736751795369,0.15,0.06,1.0,11,192,2956208,0.03678417205810547,24,416590.24313002784,3,4.493357181549072,
813,PRUNED,4.969044243482159,1,full,16,1,8,4,late,0.00757252006893481,0.03570033775742961,1.0,0.9,2,linear,0.005259410925051037,0.15,0.06,1.0,16,64,2919940,,24,,1,,
814,COMPLETE,4.1902313232421875,3,full,16,4,32,4,midlate,0.009581348998077333,0.05933795390659392,0.8164965809277261,0.9,1,learned,0.005363944525883288,0.15,0.06,1.0,11,192,3006140,0.17356091737747192,24,290078.1978993935,0,4.493912220001221,
815,FAIL,,3,full,16,4,32,4,midlate,0.004835864224337773,0.10099988397696343,0.75,0.9,1,one,0.0037405429010531647,0.15,0.04,1.0,11,192,3005100,,24,,5,,oom
816,PRUNED,4.534116295058421,3,full,16,4,32,4,midlate,0.013731000098416506,0.07434005147027452,0.75,0.9,2,linear,0.005059188746254883,0.15,0.02,1.0,11,192,3006140,,24,,2,,
817,COMPLETE,4.184116184711456,3,full,16,8,32,4,late,0.029984342923091455,0.011138821823962926,0.75,0.9,1,learned,0.005036703134208544,0.15,0.06,1.0,11,192,3072716,0.1779295802116394,24,191552.45940234174,4,4.494656085968018,
818,COMPLETE,4.20589154958725,3,lean,16,4,32,4,midlate,0.005815189959268178,0.22598157425872067,0.75,0.9,1,linear,0.005064098157135008,0.15,0.06,1.0,10,192,2928120,0.17079097032546997,24,293837.8950693124,1,4.493027687072754,
819,COMPLETE,4.234696269035339,3,full,32,4,32,4,midlate,0.005870361411270534,0.11781070764616078,0.75,0.9,1,linear,0.004418880359792952,0.1,0.06,1.0,11,192,3030428,0.1700029969215393,24,285080.75718999165,3,4.494301795959473,
820,COMPLETE,4.201563000679016,3,full,24,4,32,4,midlate,0.004879570537484668,0.060421814395458365,1.25,1.05,1,linear,0.005300022883850176,0.0,0.06,1.0,11,192,3018284,0.161665678024292,24,261838.02422045567,2,4.494053840637207,
821,PRUNED,4.839398250044847,3,full,16,8,32,6,midlate,0.006116627327284271,0.26230095449524615,0.75,0.9,1,linear,0.004150893356260097,0.15,0.02,1.0,11,192,3155932,,24,,6,,
822,PRUNED,4.8014132060799914,3,full,8,8,8,4,midlate,0.005028861857445023,0.021844385796782093,1.25,1.05,1,linear,0.0048975694239301246,0.15,0.06,1.0,11,192,2962268,,24,,0,,
823,COMPLETE,4.227232038974762,3,full,16,2,32,6,midlate,0.00861120125922014,0.12444909787638075,0.75,0.9,1,one,0.0052290471318933345,0.15,0.06,1.0,11,192,3005356,0.1098947525024414,24,287730.843733579,1,4.4939045906066895,
824,COMPLETE,4.19694197177887,3,full,16,4,24,6,late,0.026690242368105587,0.07219960215798694,1.25,0.9,1,linear,0.0052413219784269785,0.15,0.06,0.5,11,192,3031492,0.14342892169952393,24,243715.7599660479,0,4.494210720062256,
825,COMPLETE,4.205561995506287,3,lean,16,2,32,6,midlate,0.004941826309777752,0.08822398987803888,0.8164965809277261,0.9,1,linear,0.004950493297342105,0.15,0.06,1.0,10,192,2928116,0.19796645641326904,24,305296.19510909286,3,4.493042945861816,
826,COMPLETE,4.2460977435112,3,full,16,2,24,2,midlate,0.010151732049967263,0.0620740260461786,0.75,0.9,1,linear,0.004509011151562984,0.15,0.06,1.0,11,192,2935472,0.10884356498718262,24,511083.80590765417,7,4.493107318878174,
827,COMPLETE,4.209061563014984,3,full,16,2,32,6,midlate,0.004987004388566839,0.07234606981875319,0.75,1.05,1,linear,0.004508201314945572,0.15,0.06,1.0,11,192,3006136,0.18011611700057983,24,304015.34570727684,2,4.493927478790283,
828,COMPLETE,4.211304664611816,3,full,24,4,32,3,midlate,0.00875866639253757,0.22196700079724638,0.8164965809277261,1.05,1,linear,0.0045155305158100486,0.15,0.06,0.5,11,192,2993320,0.16519421339035034,24,321807.7789661987,4,4.493767261505127,
829,COMPLETE,4.2057841420173645,3,full,8,4,32,4,midlate,0.005398637628739865,0.118448907552089,0.8164965809277261,1.0,1,linear,0.005366163357421557,0.05,0.06,1.0,11,192,2993996,0.18082427978515625,24,282736.4729645589,6,4.493786334991455,
830,COMPLETE,4.217483580112457,3,full,16,8,32,4,late,0.023170117679849677,0.008779750527383895,0.75,0.9,1,learned,0.004442851696438204,0.15,0.06,1.0,11,192,3072716,0.166650652885437,24,192858.70130715714,7,4.494656085968018,
831,COMPLETE,4.227380633354187,3,full,16,1,32,4,late,0.013130477239047455,0.005786337607511291,0.75,0.9,1,linear,0.004797453718980133,0.05,0.06,1.0,11,192,2956208,0.1349831223487854,24,402143.0435570502,1,4.493357181549072,
832,COMPLETE,4.271538078784943,3,full,16,1,8,4,late,0.011307397863402326,0.010900883623261965,1.0,0.9,1,linear,0.005030209930485959,0.15,0.06,1.0,11,192,2943920,0.017819583415985107,24,418887.9557782941,5,4.49321985244751,
833,COMPLETE,4.222349107265472,3,lean,8,1,32,3,late,0.01612504162952179,0.005708319112175787,0.75,0.9,1,linear,0.005350523207226645,0.15,0.06,1.0,10,192,2854667,0.1313278079032898,24,477888.96045842086,0,4.492210388183594,
834,COMPLETE,4.204418957233429,3,full,16,4,32,4,midlate,0.009292757195105064,0.08525360729476501,0.75,0.9,1,linear,0.004739481819351636,0.15,0.06,0.5,11,192,3006140,0.16933685541152954,24,284549.75305017544,3,4.493912220001221,
835,COMPLETE,4.221075713634491,3,full,16,4,32,4,midlate,0.006657190884310098,0.16113974602382944,0.75,0.9,1,linear,0.004956491887337268,0.15,0.04,1.0,11,192,3006140,0.17515617609024048,24,304499.40617732616,5,4.493912220001221,
836,PRUNED,4.869775717475912,2,full,24,4,32,3,midlate,0.008031437376520482,0.09874588489422279,1.0,0.9,1,linear,0.004233111322853936,0.15,0.06,1.0,13,128,2983348,,24,,1,,
837,COMPLETE,4.1990984082221985,3,full,24,4,32,4,even,0.0046852823702252374,0.01956046187279089,1.25,1.0,1,linear,0.005061905260912782,0.15,0.06,1.0,11,192,3018284,0.1532765030860901,24,283529.7218978042,4,4.494053840637207,
838,PRUNED,4.788295818543672,3,full,24,4,16,3,late,0.004012598307976662,0.09467143304603837,0.8164965809277261,0.9,1,linear,0.004246973763945338,0.0,0.06,1.0,11,192,2968744,,24,,0,,
839,COMPLETE,4.2268930077552795,3,full,24,8,24,6,late,0.024903834339573255,0.1737484020720246,1.25,1.05,1,linear,0.004802106547680713,0.15,0.02,0.5,11,192,3118924,0.1548427939414978,24,186346.78537416074,2,4.4951934814453125,
840,COMPLETE,4.238274574279785,3,lean,24,1,32,4,even,0.021326208480959147,0.009063564466880386,0.75,0.9,1,linear,0.004705473389297421,0.1,0.06,0.5,10,192,2889228,0.11221814155578613,24,375771.5719569033,6,4.49260139465332,
841,COMPLETE,4.239386200904846,3,full,16,4,32,4,midlate,0.008568450038080242,0.26304560372266395,0.75,0.9,1,head_scalar,0.004819465759429579,0.15,0.06,1.0,11,192,3005116,0.0879327654838562,24,296370.0718116362,0,4.493898868560791,
842,PRUNED,4.956293003919367,3,full,16,4,16,4,midlate,0.005388108919674497,0.22743882899226148,0.75,0.9,1,linear,0.002941941820043778,0.15,0.06,1.0,11,192,2973372,,24,,1,,
843,COMPLETE,4.224889099597931,2,full,24,4,32,3,midlate,0.009432583359969209,0.19640387042806837,0.8164965809277261,0.9,1,linear,0.005163860946243005,0.15,0.04,1.0,13,128,2983348,0.152307391166687,24,341041.8434662926,1,4.493683815002441,
844,COMPLETE,4.233953595161438,3,full,16,2,32,6,even,0.01130662228303176,0.10792491827607302,0.75,0.9,1,linear,0.004341202246825974,0.15,0.06,1.0,11,192,3006136,0.18023037910461426,24,303764.940207978,6,4.493927478790283,
845,PRUNED,4.843038145234951,3,full,24,4,24,4,even,0.0066048827868047475,0.16167069421310468,1.25,0.9,2,linear,0.004607040612010305,0.15,0.06,1.0,11,192,3001900,,24,,3,,
846,COMPLETE,4.24217301607132,3,full,24,4,32,3,midlate,0.007892583372215593,0.2099959762274694,0.8164965809277261,0.9,1,learned,0.00496319784925759,0.15,0.02,0.5,11,192,2993320,0.15867722034454346,24,330061.55913968163,5,4.493767261505127,
847,COMPLETE,4.2224836349487305,3,full,16,2,32,3,midlate,0.01064357589108954,0.15216466759326855,0.75,0.9,1,linear,0.005110925330913369,0.15,0.06,1.0,11,192,2956210,0.14635121822357178,24,403636.25902931555,7,4.493346691131592,
848,COMPLETE,4.2446141839027405,3,full,8,4,16,4,midlate,0.003278953824856547,0.08470834609672227,0.75,1.05,1,linear,0.005011375635647902,0.15,0.06,1.0,11,192,2961228,0.09616667032241821,24,442025.86052794365,4,4.493420124053955,
849,COMPLETE,4.167736828327179,3,full,16,1,32,4,midlate,0.011870128868475773,0.27784766410327355,0.75,0.9,1,linear,0.005479359724633474,0.15,0.06,1.0,11,192,2956208,0.18420428037643433,24,393011.73116923595,3,4.493357181549072,
850,PRUNED,4.835769395351046,3,full,16,4,32,4,midlate,0.004961407672079316,0.08632387521810066,0.75,0.9,1,linear,0.004155538554051114,0.05,0.06,1.0,11,192,3006140,,24,,0,,
851,COMPLETE,4.180842578411102,3,full,16,2,32,6,midlate,0.012176992498826148,0.17843628243246593,1.0,0.9,1,linear,0.005133404334358257,0.15,0.06,1.0,11,192,3006136,0.1803123950958252,24,295954.18562165066,1,4.493927478790283,
852,PRUNED,4.85940968330185,3,full,8,4,32,4,midlate,0.0034229002900470675,0.0695287096876809,1.25,1.0,1,linear,0.004394942640170452,0.1,0.06,1.0,11,192,2993996,,24,,7,,
853,PRUNED,4.456657869471259,3,full,8,4,8,2,midlate,0.00396598355501215,0.12756028736913494,1.0,1.0,1,linear,0.005365685864256569,0.15,0.06,1.0,11,192,2919492,,24,,4,,
854,COMPLETE,4.247651636600494,3,full,24,2,24,6,late,0.011785441511160883,0.22583598797832155,1.25,1.05,1,head_scalar,0.005261463514925851,0.1,0.06,0.5,11,192,3005224,0.06951969861984253,24,339383.9321622062,6,4.49392032623291,
855,COMPLETE,4.219315767288208,3,lean,24,4,24,3,midlate,0.006492943016671837,0.15182455323868876,0.8164965809277261,0.9,1,linear,0.005142666831579231,0.15,0.06,1.0,10,192,2901908,0.14215832948684692,24,435034.8134069229,3,4.492732524871826,
856,PRUNED,4.971841670550724,1,full,24,2,32,6,midlate,0.008232428302448552,0.25666117707129055,0.8164965809277261,1.05,1,linear,0.004319523284726428,0.15,0.06,1.0,16,64,2999820,,24,,0,,
857,PRUNED,4.945744615461102,3,full,8,1,32,4,midlate,0.0059535059388588565,0.2557171985313127,0.75,0.9,1,linear,0.00327477639864523,0.15,0.06,1.0,11,192,2944064,,24,,2,,
858,COMPLETE,4.195958197116852,3,full,8,8,32,4,late,0.009600279973645315,0.03260720037365231,0.75,0.9,1,linear,0.004808169371382771,0.15,0.06,0.5,11,192,3060572,0.184134840965271,24,188284.1455596578,5,4.494530200958252,
859,COMPLETE,4.201819121837616,3,full,24,4,24,4,late,0.02174756848495348,0.1843222736004719,1.25,1.05,1,linear,0.005175068915491308,0.15,0.06,0.5,11,192,3001900,0.16627132892608643,24,345656.34329824656,4,4.493870735168457,
860,PRUNED,4.853479156223878,3,full,16,1,32,4,midlate,0.014091081262492254,0.1199412265599225,0.75,0.9,2,linear,0.004095053607688463,0.0,0.06,1.0,11,192,2956208,,24,,2,,
861,PRUNED,4.914696360562366,1,full,16,1,32,4,late,0.008439734940516598,0.006404590449414542,0.75,0.9,1,linear,0.005370812447791227,0.15,0.06,1.0,16,64,2932228,,24,,7,,
862,COMPLETE,4.230331480503082,3,full,16,1,32,4,midlate,0.018262148333730407,0.2860517359892647,0.75,0.9,1,linear,0.0045114743876706765,0.15,0.06,1.0,11,192,2956208,0.15933334827423096,24,424772.90096386435,0,4.493357181549072,
863,COMPLETE,4.213171303272247,3,full,24,2,32,6,midlate,0.008135998945963273,0.0796290462299389,0.75,0.9,1,linear,0.004462737172454582,0.15,0.06,1.0,11,192,3018280,0.17086148262023926,24,263689.0530451866,2,4.4940690994262695,
864,COMPLETE,4.2054983377456665,3,lean,24,4,24,6,late,0.018184067535470798,0.15262347707273263,1.25,1.05,1,linear,0.0052858283740071345,0.15,0.06,0.5,10,192,2964512,0.1677485704421997,24,272431.2923181217,7,4.493454933166504,
865,PRUNED,4.430226807830612,3,lean,16,8,32,4,late,0.027836233715289087,0.01777804165036524,1.25,0.9,2,learned,0.00482968169597343,0.15,0.06,1.0,10,192,2994696,,24,,1,,
866,COMPLETE,4.206527948379517,3,full,16,2,32,6,midlate,0.013383480686787904,0.09071261159655578,1.0,0.9,1,linear,0.004599466938120852,0.15,0.06,1.0,11,192,3006136,0.16735100746154785,24,310022.4671876856,3,4.493927478790283,
867,COMPLETE,4.201474726200104,3,lean,24,1,32,4,midlate,0.01144303903679643,0.22841784203342771,0.75,0.9,1,learned,0.0051549207101594385,0.15,0.06,1.0,10,192,2889228,0.1693935990333557,24,441553.9110845526,6,4.49260139465332,
868,PRUNED,4.84096351717399,3,full,24,8,16,4,even,0.015048344010285715,0.007419456376271792,0.75,0.9,1,linear,0.005194882731237739,0.0,0.02,0.5,11,192,3019324,,24,,4,,
869,PRUNED,4.529375541833362,3,full,16,4,32,4,midlate,0.0058251950912178545,0.024347328573355666,1.25,1.05,1,one,0.0044560069571794305,0.1,0.06,1.0,11,192,3005100,,24,,0,,
870,COMPLETE,4.174370229244232,3,full,24,4,32,3,late,0.019854413398924544,0.19446059849576788,1.0,1.05,1,linear,0.005350751958504308,0.15,0.06,1.0,11,192,2993320,0.18597882986068726,24,296030.89308645716,4,4.493767261505127,
871,COMPLETE,4.22916179895401,2,full,32,2,32,6,midlate,0.008428311248565837,0.05097909159602277,0.75,1.0,1,linear,0.004973545662118647,0.15,0.06,1.0,13,128,3022660,0.1835728883743286,24,292020.48267885786,6,4.494134426116943,
872,COMPLETE,4.270560204982758,3,full,24,4,16,4,midlate,0.006118127320782026,0.06193865989058872,1.25,0.9,2,linear,0.005154602164378694,0.15,0.06,1.0,11,192,2985516,0.030972957611083984,24,386448.02933248354,2,4.493687629699707,
873,PRUNED,4.789612597820003,2,full,16,2,32,6,midlate,0.00828622560043963,0.06628434342011269,0.75,0.9,1,linear,0.004888976587250698,0.15,0.06,1.0,13,128,2993956,,24,,7,,
874,COMPLETE,4.194538772106171,3,full,16,2,32,6,midlate,0.0060738775345197974,0.19046649657096976,0.75,0.9,1,linear,0.005389887584318633,0.15,0.01,1.0,11,192,3006136,0.19922465085983276,24,293673.1866732099,3,4.493927478790283,
875,COMPLETE,4.256730437278748,3,full,16,8,24,4,midlate,0.005554145127082482,0.2905588438810215,0.75,0.9,1,linear,0.004079056685011666,0.15,0.06,1.0,11,192,3039948,0.1493096947669983,24,263457.3807643722,0,4.494289875030518,
876,PRUNED,4.777865837732329,2,full,16,1,16,4,late,0.01658578127932697,0.011553281784110464,0.8164965809277261,0.9,1,linear,0.004990293090064827,0.15,0.06,1.0,13,128,2935836,,24,,5,,
877,COMPLETE,4.248362123966217,3,lean,16,8,24,3,late,0.018111344119881283,0.009994064615122323,0.75,0.9,1,learned,0.004517819898966224,0.15,0.06,1.0,10,192,2928512,0.12231343984603882,24,310580.1279149122,7,4.4930243492126465,
878,PRUNED,4.937836679647879,1,full,24,4,24,4,midlate,0.0071085419323570305,0.01786453087118926,1.25,1.05,1,linear,0.004579968210837025,0.15,0.04,1.0,16,64,2983440,,24,,2,,
879,PRUNED,4.810445353507775,3,full,24,4,16,3,midlate,0.004927000602376349,0.13745174786287145,1.25,0.9,1,linear,0.004048168661785796,0.15,0.01,1.0,11,192,2968744,,24,,5,,
880,COMPLETE,4.205820679664612,3,full,24,4,24,6,late,0.01404454437993705,0.018909787570811788,1.25,1.05,1,linear,0.00536612648472373,0.05,0.06,0.5,11,192,3043636,0.14191538095474243,24,285937.1951533443,4,4.494352340698242,
881,COMPLETE,4.255306959152222,3,full,24,4,32,3,late,0.019625792019817977,0.17019487356358576,1.0,1.05,1,head_scalar,0.004728301633505637,0.15,0.06,1.0,11,192,2992552,0.07809704542160034,24,349286.68157844356,1,4.493757247924805,
882,COMPLETE,4.1983195543289185,3,full,24,4,32,3,late,0.01137817254818677,0.21756978214903444,1.0,1.05,1,linear,0.0054221164113000654,0.0,0.06,1.0,11,192,2993320,0.17239439487457275,24,339972.9883137518,5,4.493767261505127,
883,COMPLETE,4.264028310775757,3,full,8,1,32,4,even,0.006482082903470429,0.008010115942648815,1.0,0.9,1,linear,0.004772536973087508,0.15,0.01,1.0,11,192,2944064,0.10688048601150513,24,383982.0565025629,6,4.493231296539307,
884,COMPLETE,4.206370949745178,3,full,8,2,32,6,midlate,0.010400865075349718,0.19158189371734852,1.0,1.0,1,linear,0.004845296113346978,0.15,0.06,1.0,11,192,2993992,0.20466506481170654,24,286380.2752388778,2,4.493801593780518,
885,PRUNED,4.901467903191795,1,full,24,1,32,4,midlate,0.0033348276792350435,0.10110380449109853,1.25,0.9,1,linear,0.0053802751644579745,0.15,0.06,0.5,16,64,2949892,,24,,3,,
886,PRUNED,4.858304647568712,3,full,24,4,8,4,midlate,0.0031609381611529958,0.01131379754668943,1.25,1.05,1,linear,0.003970404894256599,0.15,0.06,0.5,11,192,2969132,,24,,6,,
887,PRUNED,4.835413526023945,3,full,24,4,32,3,midlate,0.007294043103188807,0.10356540917117513,0.75,0.9,1,linear,0.003962154676565369,0.0,0.06,1.0,11,192,2993320,,24,,3,,
888,COMPLETE,4.20742404460907,3,full,24,4,32,3,midlate,0.02054420059073074,0.08249563708973742,1.0,1.05,1,linear,0.00544551176321221,0.05,0.06,1.0,11,192,2993320,0.16076654195785522,24,338588.80872690724,0,4.493767261505127,
889,PRUNED,4.784452725247773,3,full,32,1,32,6,midlate,0.006837672651684568,0.23041399729196047,1.25,1.05,1,linear,0.004035631491493075,0.1,0.06,1.0,11,192,3005458,,24,,7,,
890,COMPLETE,4.220577776432037,3,full,24,4,32,3,midlate,0.011584271871938756,0.12138276059963254,0.8164965809277261,0.9,1,linear,0.005128826928811421,0.0,0.06,0.5,11,192,2993320,0.15611392259597778,24,352296.46412029024,6,4.493767261505127,
891,COMPLETE,4.2257577776908875,3,full,16,8,32,4,midlate,0.027615220808061544,0.014342287510865526,0.75,0.9,1,learned,0.004891964732341104,0.15,0.04,0.5,11,192,3072716,0.15530353784561157,24,195140.04282966576,1,4.494656085968018,
892,PRUNED,4.877828142692592,1,full,24,4,32,6,midlate,0.009379647182074248,0.07096804083464749,0.8164965809277261,0.9,1,linear,0.0052971678602155535,0.1,0.06,1.0,16,64,3049752,,24,,5,,
893,COMPLETE,4.204521119594574,2,full,16,4,32,4,midlate,0.0043576280272788655,0.1718102223726727,0.75,0.9,1,linear,0.005183154419170327,0.15,0.06,1.0,13,128,2993960,0.1864442229270935,24,291893.9628036249,4,4.493803024291992,
894,PRUNED,4.874758484983584,3,lean,24,4,32,3,late,0.02993667981301327,0.1276311940506852,1.0,1.05,1,linear,0.004116568807098263,0.1,0.06,1.0,10,192,2914196,,24,,3,,
895,COMPLETE,4.2034900188446045,3,full,24,4,32,6,late,0.024752019055649117,0.06380554432506602,0.75,1.05,1,linear,0.00435913435180314,0.15,0.06,1.0,11,192,3068212,0.19303977489471436,24,206473.71557167795,7,4.494626998901367,
896,PRUNED,4.790265635928801,2,full,24,4,32,2,midlate,0.009078002924634171,0.17623335860570322,0.8164965809277261,0.9,1,linear,0.004641165302117499,0.0,0.06,1.0,13,128,2958384,,24,,2,,
897,COMPLETE,4.196615397930145,3,full,16,1,32,4,late,0.02180001086094495,0.010243611575895595,0.75,1.0,1,learned,0.005024009162093577,0.15,0.06,1.0,11,192,2956208,0.15093940496444702,24,401007.25286349095,3,4.493357181549072,
898,COMPLETE,4.184246361255646,3,full,24,2,32,3,midlate,0.013838922008910808,0.26639186121286546,1.0,1.05,1,linear,0.0052411111572837794,0.15,0.06,1.0,11,192,2968354,0.18728339672088623,24,419202.6836984304,2,4.493488311767578,
899,COMPLETE,4.252355217933655,3,full,24,2,32,3,even,0.005491974037134196,0.10048233930250003,0.8164965809277261,0.9,1,linear,0.004696236867327461,0.05,0.06,1.0,11,192,2968354,0.12125730514526367,24,378447.33749917394,0,4.493488311767578,
900,PRUNED,4.795550015233891,3,full,16,1,32,4,late,0.015693971199729265,0.014360534505318729,1.0,0.9,1,one,0.004490826549423127,0.15,0.06,1.0,11,192,2955948,,24,,5,,
901,PRUNED,4.816826303503036,3,full,8,2,32,6,midlate,0.012592325901799532,0.20483739858764516,1.0,0.9,1,one,0.004966418587784228,0.15,0.02,1.0,11,192,2993212,,24,,6,,
902,PRUNED,4.856767518894181,2,full,24,4,32,4,midlate,0.004845308513729246,0.25638214656028446,0.8164965809277261,0.9,1,linear,0.004984712592659357,0.15,0.06,1.0,13,128,3008312,,24,,5,,
903,PRUNED,4.83572454683579,3,full,8,4,24,6,late,0.00613021361533576,0.22035004178819492,1.0,1.05,1,linear,0.004273467906731619,0.15,0.06,0.5,11,192,3019348,,24,,3,,
904,COMPLETE,4.263541638851166,3,full,24,2,32,3,midlate,0.013378668966274895,0.1521990842204388,1.0,1.0,1,head_scalar,0.004799063520689711,0.05,0.06,1.0,11,192,2967970,0.07647645473480225,24,428772.7289815842,2,4.49348258972168,
905,PRUNED,4.889360108824677,2,lean,24,2,24,3,midlate,0.012868487955254576,0.18487717167216758,1.0,1.05,1,linear,0.00352308128101968,0.15,0.06,1.0,12,128,2886054,,24,,4,,
906,COMPLETE,4.2101699113845825,3,full,24,2,24,3,midlate,0.013851114196550262,0.15712824208295623,0.8164965809277261,0.9,1,linear,0.0053644689387157595,0.15,0.06,1.0,11,192,2962210,0.134380042552948,24,488571.65928171173,6,4.493419647216797,
907,COMPLETE,4.262740194797516,3,full,24,4,32,4,late,0.016233149914815996,0.08091954331993391,1.0,1.0,1,one,0.0046329628808358,0.15,0.06,1.0,11,192,3017244,0.07504439353942871,24,289852.6616187641,0,4.494032859802246,
908,COMPLETE,4.163372695446014,3,full,24,2,32,6,late,0.021621062228737324,0.22181160593936566,1.25,1.05,1,linear,0.005473941408176937,0.15,0.06,1.0,11,192,3018280,0.2059900164604187,24,287682.4615178519,5,4.4940690994262695,
909,PRUNED,4.640435981177945,3,full,24,4,8,3,late,0.010257178429422784,0.13589246725754275,1.0,1.05,1,linear,0.004562812260163268,0.15,0.06,1.0,11,192,2956456,,24,,4,,
910,COMPLETE,4.227685213088989,3,full,24,2,24,3,midlate,0.016643251650974866,0.2966050623974075,1.0,1.05,1,linear,0.0048824200050488105,0.15,0.04,0.5,11,192,2962210,0.14416992664337158,24,470858.1880820537,3,4.493419647216797,
911,PRUNED,4.449793905724279,3,full,16,4,8,4,late,0.011657492910754411,0.047337486943704016,0.75,0.9,1,head_scalar,0.00529096635451953,0.15,0.06,0.5,11,192,2955964,,24,,4,,
912,COMPLETE,4.204386234283447,3,full,16,4,32,6,midlate,0.008456647254276611,0.2595743975954773,1.0,1.0,1,linear,0.004776886015572624,0.15,0.04,1.0,11,192,3056068,0.19225627183914185,24,214119.50028847568,7,4.494485378265381,
913,PRUNED,5.038978369573784,1,full,24,4,32,3,late,0.02263442222882249,0.06835105285968089,1.0,1.05,1,linear,0.003068952650158931,0.15,0.06,1.0,16,64,2974860,,24,,6,,
914,PRUNED,4.953858048987855,3,full,8,2,32,3,midlate,0.02638313960125638,0.19695700968904906,1.0,1.05,1,linear,0.0029527913623411655,0.15,0.06,1.0,11,192,2944066,,24,,2,,
915,PRUNED,4.805106925360219,3,full,24,2,32,3,midlate,0.01193137081372273,0.2880805899807229,1.0,1.05,1,linear,0.004215479415461313,0.1,0.06,1.0,11,192,2968354,,24,,1,,
916,COMPLETE,4.196315824985504,3,full,24,2,32,3,midlate,0.02738100675038733,0.21995630281925832,1.0,1.05,1,linear,0.004991593816261828,0.15,0.06,1.0,11,192,2968354,0.1675506830215454,24,429534.3138524621,4,4.493488311767578,
917,PRUNED,4.899538507333595,3,full,24,2,32,3,midlate,0.013074623781757513,0.26263468569769427,1.0,1.05,2,learned,0.0035040288444723408,0.15,0.06,1.0,11,192,2968354,,24,,3,,
918,COMPLETE,4.231541097164154,3,full,8,8,32,4,even,0.024171753146245378,0.007487948858938978,0.75,0.9,1,learned,0.005289940288181718,0.05,0.06,1.0,11,192,3060572,0.14947253465652466,24,196556.2636177459,2,4.494530200958252,
919,PRUNED,4.96134214397089,1,full,24,4,8,6,midlate,0.011231916216170135,0.144856316871832,1.25,1.05,1,linear,0.003953266367079159,0.05,0.06,1.0,16,64,2976024,,24,,6,,
920,PRUNED,4.849964905290534,3,full,24,4,32,3,midlate,0.0041456633920773185,0.11846946490221151,0.8164965809277261,1.0,2,linear,0.0043501073603487974,0.0,0.06,1.0,11,192,2993320,,24,,1,,
921,PRUNED,4.867671267179157,3,full,16,8,32,4,even,0.0270933518418448,0.006711087512094152,0.75,1.05,1,learned,0.0036476403201109392,0.15,0.02,1.0,11,192,3072716,,24,,3,,
922,PRUNED,4.4759934782393636,3,full,24,8,32,3,late,0.019433460218210293,0.0291942237803419,1.0,1.05,2,linear,0.005318445422572925,0.15,0.06,1.0,11,192,3043252,,24,,6,,
923,PRUNED,4.849175598742543,3,full,24,8,32,6,late,0.028004697281996723,0.1754784096832896,1.25,1.05,1,linear,0.0035661088009650913,0.15,0.06,1.0,11,192,3168076,,24,,5,,
924,COMPLETE,4.229002356529236,3,full,24,1,32,3,late,0.022339173774327283,0.19882291976466393,0.8164965809277261,1.05,1,linear,0.004505519051523333,0.15,0.06,1.0,11,192,2955871,0.1813240647315979,24,408341.2500059421,0,4.493350982666016,
925,PRUNED,4.8039700057393055,3,full,24,2,32,6,late,0.02778887331211077,0.12396709849258737,1.25,1.05,1,linear,0.003819311922842034,0.0,0.06,1.0,11,192,3018280,,24,,1,,
926,COMPLETE,4.269704341888428,3,full,16,1,8,4,midlate,0.008912206876165042,0.2622486362128073,0.75,0.9,2,linear,0.005194325967171677,0.15,0.06,1.0,11,192,2943920,0.017769336700439453,24,418620.02208858787,4,4.49321985244751,
927,COMPLETE,4.226874589920044,3,lean,24,4,32,4,midlate,0.008565638996710246,0.03140440034217995,1.25,1.0,1,linear,0.00483500611353327,0.15,0.06,1.0,10,192,2939160,0.1759018898010254,24,299646.9212163583,1,4.493156433105469,
928,COMPLETE,4.243727087974548,3,full,24,4,32,4,midlate,0.008993262977303835,0.18032777695722718,0.8164965809277261,0.9,2,linear,0.005153766290986282,0.15,0.06,1.0,11,192,3018284,0.05721104145050049,24,280517.8110409146,0,4.494053840637207,
929,COMPLETE,4.233777105808258,3,full,24,2,32,6,late,0.01629225009527245,0.2894735035451215,1.25,1.05,1,linear,0.004352620281542269,0.15,0.04,1.0,11,192,3018280,0.19160985946655273,24,306465.7393163187,4,4.4940690994262695,
930,PRUNED,4.768982961849366,3,full,24,4,8,2,midlate,0.003806104087770858,0.0835442011932927,0.8164965809277261,0.9,1,linear,0.004373896970477086,0.15,0.04,1.0,11,192,2943780,,24,,3,,
931,COMPLETE,4.1670143604278564,3,full,24,4,32,6,late,0.010787394952820236,0.16405126021361177,0.8164965809277261,0.9,1,linear,0.005441513070625173,0.15,0.06,1.0,11,192,3068212,0.18953710794448853,24,209840.50148760297,3,4.494626998901367,
932,COMPLETE,4.238801836967468,3,lean,24,2,32,6,late,0.026449344743621428,0.21710147508129216,1.25,1.05,1,linear,0.004393778006902985,0.15,0.06,1.0,10,192,2939156,0.18458276987075806,24,309073.14113263215,7,4.493171691894531,
933,COMPLETE,4.247499644756317,3,full,16,4,16,3,late,0.021664107350537542,0.2957441855380452,1.0,1.05,1,linear,0.004622967318762048,0.15,0.06,1.0,11,192,2956600,0.09736573696136475,24,367405.2434559453,5,4.493350982666016,
934,PRUNED,4.854917941799243,3,full,24,4,32,6,midlate,0.013412702847801869,0.1495017559859337,1.25,1.05,2,linear,0.004012001798292442,0.05,0.02,1.0,11,192,3068212,,24,,6,,
935,PRUNED,5.002421823674,1,full,24,4,32,3,midlate,0.004162594851368601,0.2392385995768104,0.8164965809277261,0.9,1,linear,0.004700025414527558,0.15,0.02,1.0,16,64,2974860,,24,,5,,
936,COMPLETE,4.224006116390228,3,full,24,4,32,4,even,0.01693968420144123,0.00545062432741321,0.75,1.0,1,learned,0.004870621702233359,0.15,0.06,0.5,11,192,3018284,0.1464827060699463,24,288606.5350054982,2,4.494053840637207,
937,COMPLETE,4.237828373908997,3,full,8,1,24,4,late,0.015980490535291235,0.009466223608057763,0.75,0.9,1,head_scalar,0.005117216187658779,0.15,0.06,1.0,11,192,2939712,0.07144206762313843,24,400463.15114219114,4,4.493177890777588,
938,PRUNED,4.843644414180341,3,full,24,8,32,4,even,0.020063149057968188,0.013267340996353764,1.25,0.9,2,linear,0.00455871814002736,0.15,0.04,0.5,11,192,3084860,,24,,1,,
939,COMPLETE,4.238210022449493,3,full,24,4,32,3,midlate,0.004030354822661468,0.025299221057063642,1.25,1.05,1,head_scalar,0.005308358881424395,0.15,0.06,0.5,11,192,2992552,0.06314468383789062,24,341359.2051581795,6,4.493757247924805,
940,PRUNED,4.831209348742245,3,full,24,4,32,3,late,0.016742270442435595,0.14286503384788682,1.0,1.05,1,linear,0.004005118546222552,0.15,0.01,1.0,11,192,2993320,,24,,0,,
941,PRUNED,4.864721368038127,3,full,24,2,32,6,late,0.014477909947600273,0.08665492728474111,1.25,1.05,2,linear,0.0038050763161265218,0.15,0.06,1.0,11,192,3018280,,24,,5,,
942,PRUNED,4.847076156531067,2,full,24,2,32,6,late,0.018111329875795928,0.2917251378582123,0.75,1.05,1,one,0.004961558480426134,0.15,0.06,1.0,13,128,3007528,,24,,7,,
943,COMPLETE,4.2086580991744995,3,full,8,2,32,4,midlate,0.01011179113509285,0.21089056887132068,1.25,1.05,1,linear,0.004996704436630191,0.15,0.06,1.0,11,192,2960708,0.19798177480697632,24,362064.8005528661,0,4.493414402008057,
944,COMPLETE,4.2005597949028015,3,full,24,4,24,3,midlate,0.00876985172030795,0.24279169990123445,1.0,0.9,1,linear,0.005302280899455991,0.15,0.06,1.0,11,192,2981032,0.15572434663772583,24,391582.56366968993,4,4.4936299324035645,
945,COMPLETE,4.226292312145233,3,full,24,8,32,4,midlate,0.006619385157378542,0.11471581614556438,1.0,0.9,1,linear,0.004453907332234278,0.15,0.06,1.0,11,192,3084860,0.1426597237586975,24,190105.2753859468,5,4.494797706604004,
946,COMPLETE,4.21888130903244,3,full,24,2,32,6,late,0.016862070427704868,0.23172463427049744,1.25,1.05,1,learned,0.004766179326758888,0.15,0.06,1.0,11,192,3018280,0.16708719730377197,24,272051.1144969668,7,4.4940690994262695,
947,COMPLETE,4.191585958003998,3,full,24,4,32,6,late,0.020088430861111922,0.17241559335748088,0.8164965809277261,0.9,1,linear,0.005172694543536669,0.15,0.06,1.0,11,192,3068212,0.18978744745254517,24,217751.6361948309,3,4.494626998901367,
948,COMPLETE,4.207854866981506,3,full,24,4,32,6,midlate,0.0037742516564229366,0.016431387976352053,1.25,1.05,1,linear,0.005224049689436308,0.15,0.06,1.0,11,192,3068212,0.19276738166809082,24,219039.83430364597,1,4.494626998901367,
949,COMPLETE,4.239841401576996,3,full,24,4,32,6,midlate,0.022001265010064518,0.14402453139507534,1.25,1.05,2,learned,0.00549859032786773,0.15,0.06,1.0,11,192,3068212,0.06671386957168579,24,215777.35305236847,6,4.494626998901367,
950,COMPLETE,4.207790732383728,3,full,24,4,32,6,midlate,0.0033621895442206054,0.09080127796791032,1.25,0.9,1,linear,0.004690531542359037,0.1,0.06,1.0,11,192,3068212,0.18593543767929077,24,214980.70071353155,2,4.494626998901367,
951,COMPLETE,4.250547230243683,3,full,24,4,32,4,even,0.004669488256310468,0.10155262230128859,1.25,0.9,1,head_scalar,0.00457514049080141,0.15,0.06,0.5,11,192,3017260,0.07503074407577515,24,275496.48839260417,4,4.494040489196777,
952,COMPLETE,4.21928608417511,3,full,24,4,32,4,late,0.005330392153094814,0.008679514633277055,1.25,1.05,1,learned,0.004670602751371679,0.15,0.06,0.5,11,192,3018284,0.16102910041809082,24,278945.67879598896,0,4.494053840637207,
953,PRUNED,4.6215319652862155,3,full,24,4,8,4,midlate,0.006615081509226425,0.14516113779358777,1.25,1.0,1,linear,0.0046611353274802845,0.15,0.06,1.0,11,192,2969132,,24,,7,,
954,COMPLETE,4.25733494758606,3,full,24,4,24,4,late,0.007211560276184939,0.23326828581745407,0.8164965809277261,0.9,1,linear,0.004072898475487499,0.15,0.06,1.0,11,192,3001900,0.15081721544265747,24,322904.58173388673,7,4.493870735168457,
955,COMPLETE,4.176919877529144,3,full,32,4,32,3,late,0.01690935023904001,0.14503409497003916,1.0,1.05,1,linear,0.005165949639011166,0.15,0.06,1.0,11,192,3005464,0.16210472583770752,24,335423.94080249517,4,4.493893146514893,
956,PRUNED,4.811305030721306,3,full,24,2,32,6,late,0.010068298306726741,0.05881654099904629,1.0,0.9,1,linear,0.004148159262998265,0.15,0.01,1.0,11,192,3018280,,24,,3,,
957,COMPLETE,4.234576404094696,3,full,16,4,24,6,midlate,0.003410350383854063,0.08777882870277645,1.25,1.0,1,linear,0.0045593332921189614,0.15,0.06,1.0,11,192,3031492,0.12850594520568848,24,255185.26039900852,0,4.494210720062256,
958,PRUNED,4.5078704354141745,3,full,16,1,8,4,late,0.0097160069345667,0.0575441653224235,0.8164965809277261,1.0,1,linear,0.004943066539898593,0.15,0.06,1.0,11,192,2943920,,24,,1,,
959,PRUNED,4.8498266411260875,3,lean,24,4,32,4,midlate,0.004205898538369696,0.11083866991959791,1.25,0.9,1,linear,0.004646749455264688,0.0,0.06,1.0,10,192,2939160,,24,,5,,
960,COMPLETE,4.237205982208252,3,full,24,1,32,4,midlate,0.011911419480750082,0.007435150629120068,0.75,0.9,1,linear,0.004579846563151874,0.05,0.06,0.5,11,192,2968352,0.1420697569847107,24,422291.81538726256,1,4.493498802185059,
961,FAIL,,3,full,24,8,32,6,late,0.006605118411148863,0.16542831114047457,0.8164965809277261,0.9,1,linear,0.005366877266929204,0.15,0.06,1.0,11,192,3168076,,24,,2,,oom
962,PRUNED,4.613166486740024,3,full,24,8,32,2,midlate,0.005314538660252549,0.24257332813611931,0.8164965809277261,0.9,1,one,0.0046011963774134235,0.15,0.06,1.0,11,192,3000604,,24,,6,,
963,COMPLETE,4.20106565952301,3,full,24,2,32,6,even,0.018277425384334394,0.15828273046412542,1.25,1.05,1,linear,0.0048642428048352076,0.15,0.06,1.0,11,192,3018280,0.1846981644630432,24,293537.916611018,3,4.4940690994262695,
964,COMPLETE,4.23326563835144,3,full,24,4,32,4,midlate,0.004776347816348128,0.054140874134644405,1.25,0.9,1,learned,0.004912891078920406,0.15,0.01,1.0,11,192,3018284,0.15364617109298706,24,264593.3402057622,7,4.494053840637207,
965,COMPLETE,4.204818308353424,3,full,16,2,32,6,midlate,0.01245029315332868,0.03283384880449805,1.25,0.9,1,linear,0.0049544819532725696,0.15,0.04,1.0,11,192,3006136,0.18229442834854126,24,292421.64612966735,5,4.493927478790283,
966,PRUNED,4.82637934021558,3,full,16,4,32,3,midlate,0.0033598252842596942,0.035263560172836834,1.25,1.05,1,learned,0.004689496760004685,0.15,0.06,1.0,11,192,2981176,,24,,4,,
967,PRUNED,4.676582143906663,3,full,24,1,32,6,late,0.005926898044501442,0.18878437220697483,1.25,1.05,1,head_scalar,0.004326284303868808,0.15,0.06,1.0,11,192,2992930,,24,,1,,
968,PRUNED,4.9757287073288134,3,full,32,4,24,3,late,0.01921106058216319,0.09992613858348715,1.0,1.05,1,linear,0.0027887344898085203,0.15,0.06,1.0,11,192,2993176,,24,,6,,
969,COMPLETE,4.2181806564331055,3,full,24,2,32,2,midlate,0.004141439367791158,0.038025073555083555,1.25,0.9,1,linear,0.004847889921659075,0.15,0.06,0.5,11,192,2951712,0.1367388367652893,24,459295.4346541668,0,4.493294715881348,
970,COMPLETE,4.179721236228943,3,full,32,2,32,6,late,0.015871352082365772,0.2624460557278243,1.25,1.05,1,linear,0.005109336738033735,0.15,0.06,1.0,11,192,3030424,0.18069440126419067,24,304407.01046296326,6,4.494194984436035,
971,COMPLETE,4.244918167591095,3,full,32,4,32,3,midlate,0.0062974231463203524,0.1869465578584051,0.8164965809277261,0.9,1,one,0.005141478192115328,0.15,0.06,1.0,11,192,3004684,0.05433398485183716,24,336107.50795481686,4,4.493877410888672,
972,PRUNED,4.825895984906863,3,full,8,4,32,4,midlate,0.0035954910420698547,0.017722377810491113,1.0,1.05,1,learned,0.00472561328165733,0.05,0.06,1.0,11,192,2993996,,24,,1,,
973,COMPLETE,4.2221274971961975,3,full,32,4,32,3,late,0.018179843009816087,0.21699183463215457,1.0,1.0,1,linear,0.004280724672208448,0.15,0.06,1.0,11,192,3005464,0.17520231008529663,24,343007.9816315631,3,4.493893146514893,
974,COMPLETE,4.244579017162323,3,full,8,1,32,4,late,0.004370429866778624,0.032484445791895716,1.0,1.0,1,linear,0.004615316599875975,0.05,0.06,1.0,11,192,2944064,0.16129010915756226,24,414678.0371595867,7,4.493231296539307,
975,PRUNED,4.830674954856647,3,full,32,4,32,3,late,0.017553669232774335,0.10447432566371029,1.0,1.05,1,linear,0.0042614370074901394,0.15,0.06,1.0,11,192,3005464,,24,,0,,
976,PRUNED,4.799251412566227,3,full,24,8,16,6,late,0.007371625910359618,0.2508833431754234,0.75,1.05,1,linear,0.004286293710639901,0.15,0.06,1.0,11,192,3069772,,24,,5,,
977,COMPLETE,4.183685779571533,3,full,24,4,32,3,late,0.01292074778434751,0.23758346865127034,1.0,1.05,1,linear,0.005164542387449613,0.15,0.06,0.5,11,192,2993320,0.1762300729751587,24,350235.5141243706,1,4.493767261505127,
978,COMPLETE,4.17924576997757,3,full,24,4,32,3,midlate,0.005941474669008772,0.06494572402091439,0.8164965809277261,1.05,1,linear,0.005412932134035806,0.15,0.04,1.0,11,192,2993320,0.17802637815475464,24,313815.02979027847,0,4.493767261505127,
979,COMPLETE,4.198929727077484,3,full,24,1,32,4,even,0.006943678052339727,0.25539856567868224,0.75,0.9,1,linear,0.005182111863005961,0.15,0.06,1.0,11,192,2968352,0.16740292310714722,24,428199.19682545285,4,4.493498802185059,
980,COMPLETE,4.222763478755951,3,lean,16,1,32,4,midlate,0.012581717814612646,0.1419744117097712,0.75,0.9,1,linear,0.005235791497144923,0.1,0.06,1.0,10,192,2878188,0.14369100332260132,24,439017.93097808724,5,4.4924726486206055,
981,PRUNED,4.8764348183719575,2,full,24,2,16,4,midlate,0.007511040841157554,0.22797357119566558,1.25,1.05,1,linear,0.004704755452808007,0.15,0.06,1.0,13,128,2958640,,24,,6,,
982,PRUNED,4.7814006987658075,3,full,24,4,16,3,even,0.004970941099351704,0.15090580306161747,0.75,0.9,1,linear,0.004318743196355778,0.15,0.06,1.0,11,192,2968744,,24,,7,,
983,COMPLETE,4.168152034282684,3,full,32,2,32,6,late,0.011659808997254141,0.15077570156663891,1.25,1.05,1,linear,0.005315989678263283,0.15,0.06,1.0,11,192,3030424,0.17920297384262085,24,297732.01489537925,3,4.494194984436035,
984,COMPLETE,4.238379955291748,3,full,24,8,32,3,midlate,0.005966872942441729,0.2637764752144537,0.75,0.9,1,linear,0.004347040177534586,0.15,0.06,1.0,11,192,3043252,0.16143780946731567,24,227128.90093827998,6,4.494325160980225,
985,COMPLETE,4.243451118469238,3,full,24,4,32,2,even,0.01308220525312355,0.07412726225420245,1.25,0.9,1,linear,0.004679120057269545,0.15,0.06,1.0,11,192,2968356,0.12939661741256714,24,409114.3135693789,7,4.493480682373047,
986,COMPLETE,4.228160500526428,3,lean,32,4,32,3,midlate,0.007429541260379752,0.15322854386734924,1.25,0.9,1,linear,0.004636323710169348,0.15,0.06,1.0,10,192,2925236,0.16735363006591797,24,360604.38813543756,1,4.492984294891357,
987,FAIL,,3,full,32,4,32,4,midlate,0.004213954938126255,0.011071302778033427,1.25,1.05,1,linear,0.005057597417715151,0.15,0.06,1.0,11,192,3030428,,24,,2,,oom
988,COMPLETE,4.231273770332336,3,full,32,2,24,6,midlate,0.017218763751764624,0.1926527144664847,1.25,1.05,1,linear,0.004582569105566256,0.15,0.06,1.0,11,192,3018136,0.16897296905517578,24,338540.1579537673,5,4.494057655334473,
989,COMPLETE,4.196027100086212,3,full,32,4,32,6,late,0.014326772220192999,0.13887630628920794,0.8164965809277261,0.9,1,linear,0.005333871277662612,0.1,0.02,1.0,11,192,3080356,0.2108767032623291,24,209081.81210485002,4,4.494752883911133,
990,PRUNED,4.875118810647221,3,full,24,4,32,3,midlate,0.0033353767191720185,0.07833875654177858,0.8164965809277261,1.05,1,linear,0.0035880827373113806,0.15,0.04,1.0,11,192,2993320,,24,,0,,
991,PRUNED,4.832569604177261,3,full,24,1,32,4,midlate,0.009288304321684007,0.2378905894488885,0.75,0.9,1,linear,0.004386556910999959,0.05,0.01,1.0,11,192,2968352,,24,,7,,
992,COMPLETE,4.200632572174072,3,lean,24,4,32,6,late,0.00574857785735778,0.20199363177774843,0.8164965809277261,1.05,1,linear,0.0048413307798023525,0.15,0.06,1.0,10,192,2989088,0.19983577728271484,24,213578.0239717672,0,4.493729591369629,
993,COMPLETE,4.188967347145081,3,full,16,2,32,6,late,0.02874473858113951,0.1460312658525774,1.25,0.9,1,linear,0.005013674793525998,0.15,0.06,1.0,11,192,3006136,0.18652766942977905,24,299012.61009711894,7,4.493927478790283,
994,COMPLETE,4.20924186706543,3,full,32,2,32,3,late,0.02554862033654961,0.1446563964873472,1.25,1.05,1,linear,0.004913361451364914,0.15,0.06,1.0,11,192,2980498,0.15967798233032227,24,351276.88177711744,3,4.493614196777344,
995,COMPLETE,4.170900344848633,3,full,32,2,32,6,late,0.008831133804112948,0.14319485925146092,1.25,1.05,1,linear,0.005142487972777163,0.15,0.06,1.0,11,192,3030424,0.18206971883773804,24,300692.1254526971,5,4.494194984436035,
996,PRUNED,4.80449528585375,3,full,8,1,32,4,late,0.011606034132979781,0.020996763386231528,0.75,1.0,1,linear,0.004156721701318587,0.15,0.06,1.0,11,192,2944064,,24,,1,,
997,PRUNED,4.877257251557703,1,full,16,1,32,3,late,0.005275219385110347,0.0319831914265423,1.0,1.0,1,linear,0.00495339636515158,0.15,0.06,1.0,16,64,2919747,,24,,1,,
998,COMPLETE,4.2054667472839355,3,full,24,1,32,4,midlate,0.006485915791647114,0.17958136951024037,1.25,0.9,1,linear,0.005132047675495737,0.15,0.04,1.0,11,192,2968352,0.17459875345230103,24,410206.34875167266,6,4.493498802185059,
999,COMPLETE,4.204967975616455,3,full,32,4,32,3,midlate,0.009609798995256174,0.09808794075723726,1.0,1.05,1,linear,0.0052010233197062605,0.15,0.01,1.0,11,192,3005464,0.15725237131118774,24,340128.07729162544,1,4.493893146514893,
1000,COMPLETE,4.219004392623901,3,full,24,4,32,6,late,0.008952787433837305,0.08408413290642676,0.8164965809277261,0.9,1,linear,0.0044270832722297085,0.15,0.06,0.5,11,192,3068212,0.17982697486877441,24,218067.18840012501,3,4.494626998901367,
1001,COMPLETE,4.179387629032135,3,full,32,8,32,3,midlate,0.01157123261224379,0.1851443605482911,0.8164965809277261,0.9,1,linear,0.005365672552125024,0.1,0.06,1.0,11,192,3055396,0.182420551776886,24,238723.54443706566,4,4.49445104598999,
1002,COMPLETE,4.224707007408142,3,full,24,4,32,4,midlate,0.006897321029369165,0.009363454540450025,1.25,1.05,1,learned,0.005375147196072545,0.1,0.02,1.0,11,192,3018284,0.15769892930984497,24,265748.3868617514,7,4.494053840637207,
1003,COMPLETE,4.210318922996521,3,full,16,8,32,4,late,0.021747602113009922,0.016826066379568447,0.75,0.9,1,linear,0.004970833178780045,0.1,0.06,1.0,11,192,3072716,0.17349088191986084,24,187939.9967710102,6,4.494656085968018,
1004,COMPLETE,4.228944778442383,3,full,24,4,16,3,midlate,0.011348767040617103,0.1434123258512562,0.8164965809277261,0.9,1,linear,0.005493173744238454,0.05,0.06,1.0,11,192,2968744,0.08688372373580933,24,466289.91848006786,5,4.493492603302002,
1005,COMPLETE,4.185044765472412,3,full,32,2,32,6,late,0.008315630336905178,0.2982197656690484,1.25,1.05,1,linear,0.004856115093636465,0.15,0.06,1.0,11,192,3030424,0.1916326880455017,24,295330.9536987561,1,4.494194984436035,
1006,PRUNED,4.89285903515254,1,full,24,8,32,2,late,0.011170768882957968,0.2444195045627504,0.8164965809277261,0.9,1,linear,0.005288163710832181,0.15,0.06,1.0,16,64,2983184,,24,,0,,
1007,PRUNED,4.814446109490269,3,full,32,2,8,6,late,0.008382498208315003,0.0787745517290277,1.25,1.05,1,linear,0.0034069527792913823,0.1,0.06,1.0,11,192,2993560,,24,,2,,
1008,COMPLETE,4.204764783382416,3,full,16,4,32,3,even,0.010809965596140126,0.15613187234943493,0.8164965809277261,0.9,1,linear,0.0054713823195586386,0.0,0.06,1.0,11,192,2981176,0.15694695711135864,24,357898.4075482835,5,4.493625640869141,
1009,COMPLETE,4.1894460916519165,3,full,32,2,32,6,late,0.01016901323306141,0.03144956998254047,1.0,1.05,1,linear,0.004904079810479125,0.15,0.06,1.0,11,192,3030424,0.17155802249908447,24,256211.68969515598,2,4.494194984436035,
1010,PRUNED,4.82655091133793,3,full,24,4,32,6,late,0.016029994107589537,0.14929783716011,1.25,0.9,1,linear,0.004113306877935857,0.1,0.06,1.0,11,192,3068212,,24,,0,,
1011,COMPLETE,4.24924236536026,3,lean,32,1,16,6,late,0.010214258136440914,0.09121978039442813,1.25,1.05,1,linear,0.005028076901722857,0.15,0.06,1.0,10,192,2912942,0.09545230865478516,24,405985.51628946577,7,4.4928741455078125,
1012,PRUNED,4.7254378061221765,3,full,24,1,8,3,midlate,0.004138650812313797,0.20086436159228357,0.8164965809277261,1.05,1,linear,0.0049463438144390325,0.15,0.06,1.0,11,192,2946655,,24,,3,,
1013,COMPLETE,4.238544285297394,3,full,16,2,32,4,late,0.006854249897693814,0.04017188555704332,0.75,0.9,2,linear,0.005453009869888568,0.15,0.06,0.5,11,192,2972852,0.04722857475280762,24,357556.38494838495,3,4.493662357330322,
1014,PRUNED,4.864203995054545,3,full,32,8,32,3,late,0.008232554879408818,0.1267487007967841,0.8164965809277261,0.9,1,linear,0.003904988687309802,0.1,0.06,1.0,11,192,3055396,,24,,4,,
1015,COMPLETE,4.175279855728149,3,full,32,8,32,3,midlate,0.008426128555900721,0.2246217946402857,0.75,0.9,1,linear,0.005490953587694597,0.1,0.06,1.0,11,192,3055396,0.17880487442016602,24,231066.98954721016,5,4.49445104598999,
1016,COMPLETE,4.250744044780731,3,full,32,8,32,4,midlate,0.0038425710078518636,0.18355278152065244,1.25,0.9,1,one,0.005476749396406295,0.15,0.06,1.0,11,192,3094924,0.05658787488937378,24,191817.03757655155,1,4.494891166687012,
1017,COMPLETE,4.235988676548004,3,full,32,8,32,3,midlate,0.01161270293580479,0.10474357997066823,0.8164965809277261,0.9,1,linear,0.004709348252421862,0.0,0.06,1.0,11,192,3055396,0.14223474264144897,24,242724.51418287953,0,4.49445104598999,
1018,COMPLETE,4.239502549171448,3,full,32,8,32,3,midlate,0.008994538157112623,0.09270353898128769,0.8164965809277261,0.9,1,linear,0.004361048776575811,0.1,0.06,0.5,11,192,3055396,0.14372843503952026,24,236230.1774524279,7,4.49445104598999,
1019,PRUNED,4.873475425243935,3,full,32,8,32,3,midlate,0.015954064064153915,0.08123640192099969,0.8164965809277261,0.9,1,linear,0.003713071044861629,0.1,0.04,1.0,11,192,3055396,,24,,2,,
1020,PRUNED,4.541741914975978,3,full,32,2,8,6,late,0.014302022749884204,0.24483415730422933,0.8164965809277261,1.05,1,learned,0.004638646659276294,0.15,0.06,1.0,11,192,2993560,,24,,4,,
1021,COMPLETE,4.225188076496124,3,full,32,4,32,6,late,0.005943264096919208,0.11251647139524415,0.8164965809277261,1.05,1,head_scalar,0.005219545561751851,0.15,0.06,1.0,11,192,3078820,0.08034080266952515,24,214473.45897576076,6,4.494732856750488,
1022,COMPLETE,4.261832654476166,3,full,32,1,16,4,late,0.004180458241669529,0.007189854573453971,0.75,0.9,1,linear,0.004467613286041183,0.15,0.06,1.0,11,192,2972304,0.06808364391326904,24,370554.947300308,3,4.493533134460449,
1023,COMPLETE,4.176936030387878,3,lean,32,2,32,6,late,0.007117402869834708,0.08470438597034069,0.75,0.9,1,linear,0.0054752430179921315,0.15,0.06,1.0,10,192,2950196,0.1865307092666626,24,313555.8582021961,4,4.4932861328125,
1024,COMPLETE,4.227847695350647,2,full,24,4,24,4,midlate,0.007190197774037204,0.026082989888696364,1.25,1.05,1,learned,0.0054991234795320545,0.15,0.06,1.0,13,128,2991928,0.13031578063964844,24,311980.49987174745,2,4.4937872886657715,
1025,PRUNED,4.704342915198264,3,full,32,4,32,3,midlate,0.00674753093687559,0.04239419049223983,0.8164965809277261,1.05,1,one,0.004649310513311813,0.15,0.04,1.0,11,192,3004684,,24,,3,,
1026,PRUNED,4.786356962139855,3,full,16,8,8,4,midlate,0.017997877092663744,0.025769863286275882,0.75,1.05,1,linear,0.0045688940561407635,0.15,0.06,1.0,11,192,2974412,,24,,0,,
1027,PRUNED,4.422683970382108,3,lean,24,4,32,4,midlate,0.004105169792204624,0.017178376251131316,1.25,1.05,1,one,0.005147629577982869,0.15,0.06,1.0,10,192,2938120,,24,,5,,
1028,COMPLETE,4.153550982475281,3,full,32,2,32,6,late,0.015296322015417384,0.18787253910265442,0.8164965809277261,1.05,1,linear,0.005442782570005058,0.1,0.06,1.0,11,192,3030424,0.19242972135543823,24,289631.9516489661,3,4.494194984436035,
1029,COMPLETE,4.254998743534088,3,full,32,1,16,3,midlate,0.009936042726695423,0.12237023480251068,0.75,0.9,1,linear,0.005062739779188657,0.1,0.06,1.0,11,192,2961871,0.0616191029548645,24,507403.83092809387,7,4.493408203125,
1030,PRUNED,4.825222956639647,3,full,32,8,32,3,midlate,0.014051556373869482,0.16504180871431626,0.75,0.9,1,linear,0.004107049135816561,0.1,0.06,1.0,11,192,3055396,,24,,2,,
1031,PRUNED,4.783044233585131,3,full,32,1,32,3,midlate,0.016862849901447055,0.07441130519210763,0.8164965809277261,0.9,1,linear,0.004193858772729427,0.1,0.06,1.0,11,192,2968015,,24,,0,,
1032,PRUNED,4.855379806366253,3,full,24,4,32,4,midlate,0.0036503952624523063,0.03579552326053938,0.8164965809277261,1.05,1,one,0.004521735520397554,0.15,0.02,1.0,11,192,3017244,,24,,4,,
1033,COMPLETE,4.203891396522522,3,lean,32,2,32,6,late,0.007062380882772779,0.18094799798502637,0.75,0.9,1,linear,0.004721458685645413,0.15,0.06,1.0,10,192,2950196,0.19518440961837769,24,292288.9767085765,1,4.4932861328125,
1034,PRUNED,4.78331736161288,3,lean,24,1,32,3,midlate,0.006780683318427017,0.05469703474536158,0.8164965809277261,1.05,1,linear,0.004293126447762535,0.15,0.04,1.0,10,192,2876747,,24,,0,,
1035,PRUNED,4.859215197775599,1,full,32,2,32,6,late,0.005751513356273235,0.224245566066788,1.25,0.9,1,linear,0.004907341131041488,0.05,0.06,1.0,16,64,3017484,,24,,7,,
1036,PRUNED,4.671183390717333,3,full,32,2,16,6,late,0.009696443391378389,0.15827213409908716,1.25,1.05,1,linear,0.0052642026902083375,0.0,0.02,1.0,11,192,3005848,,24,,6,,
1037,PRUNED,4.476985494645481,3,full,32,8,32,3,midlate,0.00475356615509251,0.10158159340225553,0.8164965809277261,0.9,1,head_scalar,0.0048978369956480085,0.1,0.06,1.0,11,192,3053860,,24,,0,,
1038,PRUNED,4.872975735769623,1,lean,32,2,32,3,late,0.011130853672865874,0.04726943728088717,0.75,0.9,1,linear,0.004424881109375929,0.15,0.06,1.0,15,64,2913210,,24,,4,,
1039,COMPLETE,4.20637720823288,3,full,24,8,32,3,even,0.01031961071955308,0.2909840629136402,0.75,0.9,1,linear,0.005413549605487477,0.1,0.06,1.0,11,192,3043252,0.18006038665771484,24,241107.99911115892,2,4.494325160980225,
1040,PRUNED,4.872532356357206,1,full,32,8,32,3,midlate,0.012201588204197162,0.14714997124382478,0.8164965809277261,0.9,1,one,0.0052296397232972506,0.1,0.06,1.0,16,64,3040896,,24,,6,,
1041,PRUNED,4.831891130118752,3,full,16,2,16,6,midlate,0.010214465621168367,0.06664635780606294,0.75,0.9,1,linear,0.004395687426823809,0.15,0.06,0.5,11,192,2981560,,24,,7,,
1042,COMPLETE,4.203921973705292,3,lean,32,2,32,6,late,0.004675437188242976,0.02642624019586785,0.75,1.0,1,linear,0.005147397531930216,0.1,0.06,1.0,10,192,2950196,0.20512938499450684,24,305456.3250995119,5,4.4932861328125,
1043,PRUNED,4.8271778813281925,3,lean,32,8,32,3,midlate,0.020804502835921484,0.24836101345303138,0.8164965809277261,0.9,2,linear,0.00438727284196018,0.1,0.06,1.0,10,192,2975168,,24,,4,,
1044,PRUNED,4.7556849627333655,3,full,24,4,8,3,midlate,0.010144403305814148,0.026317352117249043,0.8164965809277261,1.05,1,linear,0.004539628028970614,0.15,0.04,1.0,11,192,2956456,,24,,3,,
1045,COMPLETE,4.168948471546173,3,full,32,2,32,6,late,0.007962002896653813,0.09289627369129168,0.8164965809277261,1.0,1,linear,0.005143665353260794,0.1,0.06,1.0,11,192,3030424,0.1689518690109253,24,289116.91500815144,7,4.494194984436035,
1046,COMPLETE,4.217714905738831,3,full,24,2,32,6,late,0.02104491324779832,0.04676460271685883,1.25,1.05,1,linear,0.004642511731031724,0.15,0.06,1.0,11,192,3018280,0.17669737339019775,24,303892.55513290607,3,4.4940690994262695,
1047,PRUNED,4.890478873091812,3,full,24,2,16,6,late,0.028904914486590157,0.2821404807146491,1.25,1.05,1,linear,0.003381392514702305,0.15,0.06,1.0,11,192,2993704,,24,,1,,
1048,PRUNED,4.6759182806802055,3,lean,32,1,8,6,late,0.005053719422522924,0.04538033568370551,1.0,0.9,1,linear,0.004578960756426971,0.15,0.06,1.0,10,192,2906798,,24,,6,,
1049,PRUNED,4.849993015637244,3,full,16,1,32,4,late,0.004313348024628217,0.03602839462072269,1.0,1.0,1,linear,0.004659185156223448,0.0,0.04,1.0,11,192,2956208,,24,,4,,
1050,PRUNED,4.778091131936732,2,lean,24,4,32,3,late,0.027161237382215486,0.22652490830043961,1.0,1.05,1,learned,0.005298229368798776,0.15,0.06,1.0,12,128,2917164,,24,,6,,
1051,COMPLETE,4.226615130901337,3,full,32,2,32,6,late,0.011774215285554862,0.09741272404337847,1.25,1.0,1,linear,0.004473768566817202,0.15,0.02,1.0,11,192,3030424,0.16558939218521118,24,292953.94666367304,1,4.494194984436035,
1052,COMPLETE,4.165255546569824,3,full,32,2,32,6,late,0.02286630964068031,0.21043028508452355,0.8164965809277261,1.05,1,linear,0.005025673767283742,0.1,0.06,1.0,11,192,3030424,0.19463706016540527,24,307520.8333794509,0,4.494194984436035,
1053,PRUNED,4.8803782526215596,3,full,8,4,32,4,midlate,0.003192344436224204,0.011803278824899358,1.25,1.05,1,linear,0.004019334105141876,0.15,0.06,1.0,11,192,2993996,,24,,4,,
1054,COMPLETE,4.178336322307587,3,full,24,4,32,3,late,0.026917687446527727,0.12467742277409616,1.0,1.05,1,linear,0.0052762806865867574,0.15,0.06,1.0,11,192,2993320,0.18093901872634888,24,313674.6516786575,5,4.493767261505127,
1055,PRUNED,4.464694162978472,3,full,24,2,8,6,late,0.029139336313363445,0.22529551400908948,1.25,1.05,1,one,0.005352805088540813,0.15,0.06,1.0,11,192,2980636,,24,,6,,
1056,COMPLETE,4.203593015670776,3,full,32,2,32,6,late,0.006547228710143351,0.0791731850920632,0.8164965809277261,1.0,1,linear,0.004414760577015043,0.05,0.06,0.5,11,192,3030424,0.16687220335006714,24,304457.3602979617,7,4.494194984436035,
1057,COMPLETE,4.2246145606040955,3,full,32,2,32,6,late,0.007622706072538405,0.11159318756045448,0.8164965809277261,1.0,1,linear,0.00416331195814532,0.1,0.06,1.0,11,192,3030424,0.14962983131408691,24,296626.14002943836,4,4.494194984436035,
1058,PRUNED,4.911613643637958,1,full,32,1,32,3,late,0.01564248068895905,0.11096451999828123,1.0,1.05,2,linear,0.003983184261836778,0.15,0.06,1.0,16,64,2955075,,24,,2,,
1059,COMPLETE,4.181339681148529,3,full,32,2,32,6,late,0.004943585714154228,0.11951824690551636,0.8164965809277261,0.9,1,learned,0.004862994502911775,0.1,0.06,1.0,11,192,3030424,0.16725975275039673,24,315582.10801146243,3,4.494194984436035,
1060,PRUNED,4.8507536839553005,3,full,32,4,8,4,midlate,0.009093713169256643,0.1432259583292527,1.25,1.05,1,learned,0.004207073133714658,0.15,0.06,1.0,11,192,2981276,,24,,6,,
1061,COMPLETE,4.219756484031677,2,full,32,8,32,3,midlate,0.01902941564779074,0.22306006748794233,0.8164965809277261,0.9,1,linear,0.005214277531994457,0.1,0.06,1.0,13,128,3047632,0.15536248683929443,24,234140.03785156482,2,4.494390487670898,
1062,PRUNED,4.7777607932366015,3,full,32,2,32,2,late,0.024588815635289727,0.20569567629572788,0.8164965809277261,1.0,1,linear,0.00440096629216368,0.15,0.06,1.0,11,192,2963856,,24,,6,,
1063,COMPLETE,4.218318402767181,3,full,32,8,32,3,midlate,0.006730433617416602,0.18811671434294663,0.8164965809277261,0.9,1,linear,0.00530184570474437,0.1,0.02,1.0,11,192,3055396,0.15637898445129395,24,236765.45583152497,1,4.49445104598999,
1064,COMPLETE,4.227261543273926,3,full,32,1,32,6,late,0.015512761680833754,0.2705854984767057,0.8164965809277261,1.05,1,linear,0.00414641094243003,0.1,0.06,1.0,11,192,3005458,0.1807001829147339,24,345885.4157048878,0,4.49392032623291,
1065,PRUNED,4.886578571297157,3,full,32,2,32,6,late,0.006927035638650303,0.035567261070580815,1.25,1.05,2,head_scalar,0.0035197558283504133,0.15,0.06,1.0,11,192,3029656,,24,,6,,
1066,COMPLETE,4.197717905044556,3,full,32,2,32,6,late,0.01631564535122411,0.04742804580977658,0.75,1.05,1,linear,0.0044523344520532165,0.1,0.06,1.0,11,192,3030424,0.1561504602432251,24,266909.76088245574,5,4.494194984436035,
1067,COMPLETE,4.234273731708527,2,full,32,2,32,6,midlate,0.01147231083104829,0.11471408982514876,1.25,1.05,1,linear,0.005235871188428618,0.0,0.06,1.0,13,128,3022660,0.1532025933265686,24,298706.7392207717,6,4.494134426116943,
1068,PRUNED,4.734980974995333,3,full,32,2,32,3,late,0.016092242480855192,0.06553355125671552,0.8164965809277261,1.05,2,linear,0.004256461563263873,0.1,0.06,1.0,11,192,2980498,,24,,7,,
1069,PRUNED,4.875290358870222,3,full,32,2,32,6,late,0.013359215248803022,0.16674674389583793,0.8164965809277261,1.05,1,linear,0.003002505556830087,0.1,0.04,1.0,11,192,3030424,,24,,4,,
1070,COMPLETE,4.238931596279144,3,lean,32,2,32,4,late,0.013032928109729875,0.10662261672716004,1.25,1.05,1,learned,0.004442352425940269,0.15,0.06,1.0,10,192,2916912,0.1498982310295105,24,381767.8009814633,3,4.492898941040039,
1071,PRUNED,4.881758859444916,3,full,32,2,24,6,late,0.025019599458315264,0.15120275222830348,0.8164965809277261,1.05,1,linear,0.0039313415955030155,0.0,0.06,1.0,11,192,3018136,,24,,0,,
1072,PRUNED,4.5343129354048894,3,full,16,1,32,4,midlate,0.020909408249620485,0.15728750807115066,0.75,0.9,1,one,0.004771743809738316,0.15,0.04,0.5,11,192,2955948,,24,,7,,
1073,PRUNED,4.84286344319251,3,lean,24,4,32,2,midlate,0.009000086515496702,0.2575930255637041,1.25,1.05,2,linear,0.004046301893498459,0.15,0.06,1.0,10,192,2889232,,24,,4,,
1074,PRUNED,4.38624697169129,3,full,32,4,32,3,late,0.021027305631870753,0.05473349907330277,0.75,1.05,1,linear,0.004763654786523594,0.05,0.01,1.0,11,192,3005464,,24,,0,,
1075,COMPLETE,4.180328130722046,3,full,32,2,32,6,late,0.018892494483253582,0.17063182234371677,0.8164965809277261,1.05,1,learned,0.004938048271632876,0.1,0.06,1.0,11,192,3030424,0.15765154361724854,24,281108.2017214872,7,4.494194984436035,
1076,PRUNED,4.833221328081871,3,full,24,4,32,3,late,0.02087478662527219,0.04880079139234203,1.0,0.9,1,linear,0.0043947766437341775,0.15,0.06,1.0,11,192,2993320,,24,,5,,
1077,COMPLETE,4.1902413964271545,3,full,32,2,32,6,even,0.009124351338966238,0.2568732176631171,0.8164965809277261,1.05,1,linear,0.004873710978522896,0.1,0.06,1.0,11,192,3030424,0.1758015751838684,24,293559.2337555819,2,4.494194984436035,
1078,COMPLETE,4.200835406780243,3,full,32,2,32,6,late,0.02815294817111831,0.23447751216959703,0.8164965809277261,1.05,1,linear,0.005131056021429111,0.1,0.02,1.0,11,192,3030424,0.16987240314483643,24,294906.1641779836,4,4.494194984436035,
1079,PRUNED,4.89686374208698,1,lean,32,8,32,3,midlate,0.006909250579617298,0.044003942346875755,0.75,1.0,1,linear,0.0047280940432722395,0.1,0.06,1.0,15,64,2988108,,24,,3,,
1080,PRUNED,4.984020281962421,1,full,16,1,32,4,midlate,0.010647802158132703,0.166185825260175,0.75,0.9,1,one,0.003928751192247716,0.05,0.06,1.0,16,64,2931968,,24,,1,,
1081,PRUNED,4.901556248972883,2,full,8,4,32,3,even,0.02915443443774639,0.05247009106353036,1.0,1.05,1,linear,0.004329694298326266,0.15,0.06,1.0,13,128,2954644,,24,,6,,
1082,COMPLETE,4.204279661178589,3,full,32,2,24,6,late,0.009599077729558442,0.10080105440320176,0.75,1.0,1,linear,0.005248134762372418,0.1,0.06,1.0,11,192,3018136,0.16309702396392822,24,351449.0482930742,5,4.494057655334473,
1083,PRUNED,4.89176337882629,2,full,32,2,16,6,late,0.013260118206030798,0.13182008496995873,0.8164965809277261,1.05,1,linear,0.004421736674832901,0.1,0.06,1.0,13,128,2998084,,24,,1,,
1084,COMPLETE,4.240186154842377,3,full,24,4,32,2,late,0.01632792860936109,0.2592276688334546,1.25,1.05,1,linear,0.004589338564435135,0.15,0.02,1.0,11,192,2968356,0.1741846203804016,24,442885.7184766987,6,4.493480682373047,
1085,COMPLETE,4.179817855358124,3,full,24,4,32,3,late,0.01187634010076433,0.11903723392203357,0.8164965809277261,1.0,1,learned,0.005304547206850818,0.15,0.06,1.0,11,192,2993320,0.1806403398513794,24,335665.3321599502,3,4.493767261505127,
1086,PRUNED,4.985230645135813,3,full,24,4,32,3,late,0.020717188390225665,0.23548191418455625,1.0,1.05,2,linear,0.0028296190342750552,0.15,0.06,1.0,11,192,2993320,,24,,0,,
1087,COMPLETE,4.226593732833862,3,full,24,1,32,4,late,0.007819088688439477,0.025286573068321657,1.0,1.0,1,linear,0.004767605635896224,0.15,0.04,1.0,11,192,2968352,0.154751718044281,24,402451.56519829424,1,4.493498802185059,
1088,PRUNED,4.940719640590338,1,full,16,2,24,6,late,0.023342135567255774,0.13111484531505757,1.25,1.05,1,linear,0.004545287235346726,0.15,0.06,1.0,16,64,2969868,,24,,7,,
1089,PRUNED,4.888645313005995,2,full,16,4,32,6,late,0.005681889087887435,0.14663620994357957,0.8164965809277261,0.9,1,linear,0.003946107719192322,0.15,0.06,1.0,13,128,3043888,,24,,2,,
1090,PRUNED,4.824404603534106,3,full,32,1,32,6,late,0.005424469528161894,0.05734884703972854,0.8164965809277261,1.0,1,linear,0.004712261680240174,0.1,0.01,1.0,11,192,3005458,,24,,0,,
1091,COMPLETE,4.19173002243042,3,full,32,2,32,3,midlate,0.007746933227971818,0.2769717435562914,0.75,0.9,1,linear,0.005452055091295406,0.0,0.06,1.0,11,192,2980498,0.1643826961517334,24,418856.891926541,5,4.493614196777344,
1092,PRUNED,4.494650731108326,3,full,16,1,32,4,midlate,0.006729837488973638,0.14699862624315538,0.75,1.0,1,one,0.005166924574030997,0.15,0.06,1.0,11,192,2955948,,24,,4,,
1093,COMPLETE,4.216380298137665,3,full,24,2,32,3,midlate,0.01393967026807468,0.13351531621008808,0.75,0.9,1,linear,0.004727001599660296,0.1,0.06,0.5,11,192,2968354,0.1471424698829651,24,400362.8271237394,7,4.493488311767578,
1094,COMPLETE,4.228917896747589,3,full,8,4,32,6,midlate,0.005562390411284997,0.029203520919398925,1.25,1.05,1,learned,0.00512491233213129,0.15,0.01,1.0,11,192,3043924,0.16218721866607666,24,207639.20922861385,1,4.494359493255615,
1095,COMPLETE,4.218131124973297,3,full,32,2,32,6,late,0.006969999439399465,0.017669346828487843,0.8164965809277261,0.9,1,linear,0.0048263829010002654,0.1,0.04,1.0,11,192,3030424,0.15345513820648193,24,295723.87735742825,6,4.494194984436035,
1096,COMPLETE,4.181936025619507,3,full,24,2,32,6,late,0.02054137264826668,0.08490739850629485,0.8164965809277261,1.05,1,linear,0.005340087196906312,0.1,0.06,1.0,11,192,3018280,0.18642985820770264,24,299858.5205761586,0,4.4940690994262695,
1097,PRUNED,4.483730283284169,3,full,24,4,32,6,late,0.009055895901636479,0.11452696589681273,0.8164965809277261,0.9,1,head_scalar,0.004972273100776301,0.15,0.01,1.0,11,192,3066676,,24,,4,,
1098,COMPLETE,4.186891973018646,3,full,32,1,32,4,midlate,0.009445015542525498,0.1873176541921853,0.75,0.9,1,learned,0.005325936957713693,0.15,0.06,1.0,11,192,2980496,0.1596410870552063,24,342865.6512359872,3,4.493624687194824,
1099,PRUNED,4.880512930905846,3,lean,8,2,32,6,late,0.008751434188432354,0.07774824021777811,0.8164965809277261,1.0,1,linear,0.0036897254187844442,0.15,0.06,1.0,10,192,2917076,,24,,2,,
1100,COMPLETE,4.192660987377167,3,full,24,4,32,2,late,0.014489367659395593,0.21441791569139018,1.0,1.05,1,linear,0.005364336564779403,0.15,0.06,1.0,11,192,2968356,0.17199969291687012,24,406596.05393710494,5,4.493480682373047,
1101,PRUNED,4.407686940331143,3,full,24,4,32,6,midlate,0.0053313178034277405,0.09889643748464062,1.25,0.9,1,one,0.005340055145915082,0.15,0.06,1.0,11,192,3066652,,24,,7,,
1102,COMPLETE,4.203595459461212,3,full,24,4,32,3,late,0.0279523314103548,0.28129688463339375,1.0,1.05,1,linear,0.005409102442055482,0.15,0.02,1.0,11,192,2993320,0.17371302843093872,24,325194.36364597146,2,4.493767261505127,
1103,PRUNED,4.817151906947066,3,full,16,4,32,3,even,0.0074786245935523216,0.0407451128607995,0.8164965809277261,1.05,1,linear,0.0046442165481804755,0.15,0.04,1.0,11,192,2981176,,24,,3,,
1104,COMPLETE,4.234640896320343,3,lean,32,2,32,6,late,0.029511551281564907,0.15279655449465185,0.8164965809277261,1.05,1,linear,0.004288173582108405,0.1,0.06,1.0,10,192,2950196,0.1691100001335144,24,294081.2141755186,6,4.4932861328125,
1105,PRUNED,4.844486333904633,2,full,24,4,32,3,late,0.026400277124211436,0.04914308517081063,1.0,1.05,1,linear,0.004949379838446725,0.15,0.06,1.0,13,128,2983348,,24,,0,,
1106,PRUNED,4.859275072974752,3,full,32,2,32,4,late,0.020093531873190924,0.284719107654083,0.8164965809277261,1.05,1,linear,0.003331076601242178,0.1,0.06,1.0,11,192,2997140,,24,,5,,
1107,PRUNED,4.827126391361972,3,full,32,2,16,4,late,0.010740762776562095,0.26510731624998357,0.75,1.05,1,linear,0.004503853148600305,0.15,0.06,1.0,11,192,2980756,,24,,4,,
1108,FAIL,,3,full,32,8,32,6,even,0.015008533305400596,0.1046678463702135,0.8164965809277261,1.0,1,linear,0.004991396337733905,0.1,0.06,1.0,11,192,3180220,,24,,3,,oom
1109,PRUNED,4.442950445513397,3,lean,32,2,16,6,late,0.009658623193325286,0.08446052745221246,0.75,0.9,1,one,0.005252301411638797,0.15,0.06,1.0,10,192,2924840,,24,,4,,
1110,PRUNED,4.998621141094433,1,full,32,2,16,6,late,0.0049130271247272515,0.2230331473993012,1.25,1.05,1,linear,0.004901427297746381,0.15,0.01,1.0,16,64,2992908,,24,,0,,
1111,PRUNED,4.83397376480684,1,full,32,2,32,4,late,0.008891654557141773,0.18034791531485736,1.25,1.05,1,linear,0.005348129940504442,0.15,0.06,1.0,16,64,2984200,,24,,5,,
1112,PRUNED,4.743428755994475,3,full,8,4,16,2,midlate,0.010597924144828061,0.010180757605632173,1.25,1.05,1,learned,0.005250188850892398,0.15,0.06,1.0,11,192,2927684,,24,,1,,
1113,PRUNED,4.942913820997255,1,full,24,2,32,6,midlate,0.024192157567816768,0.10143236757876263,1.25,1.05,1,linear,0.0047987060838910805,0.15,0.01,1.0,16,64,2999820,,24,,0,,
1114,COMPLETE,4.226035714149475,3,full,32,8,32,3,midlate,0.010464683502345399,0.29882260540814326,0.75,0.9,1,head_scalar,0.005186671166056239,0.15,0.06,1.0,11,192,3053860,0.0804910659790039,24,236999.80768105487,2,4.49443244934082,
1115,PRUNED,4.8083849349580365,3,full,32,2,32,6,late,0.018138596230336285,0.11842992122828581,0.8164965809277261,1.05,1,linear,0.0037121896396074116,0.1,0.06,0.5,11,192,3030424,,24,,5,,
1116,PRUNED,4.7800147506877275,3,full,24,1,32,6,midlate,0.006664888022546192,0.005962325689115662,1.25,1.05,1,learned,0.004975087487333773,0.15,0.02,1.0,11,192,2993314,,24,,1,,
1117,PRUNED,4.828695144429945,3,full,16,2,8,6,midlate,0.013224968033058105,0.04803884149547678,0.75,0.9,1,linear,0.004583447569632753,0.0,0.06,1.0,11,192,2969272,,24,,4,,
1118,COMPLETE,4.171255350112915,3,full,32,2,32,6,even,0.0066906175105799475,0.052058976770746584,1.25,1.05,1,linear,0.005445054154398234,0.15,0.06,1.0,11,192,3030424,0.1568995714187622,24,296979.7326038432,7,4.494194984436035,
1119,PRUNED,4.757685075778379,3,full,32,2,8,6,late,0.01350334912516911,0.0835917588917503,0.75,1.05,2,linear,0.004207004350800925,0.15,0.06,1.0,11,192,2993560,,24,,4,,
1120,PRUNED,4.819409735670723,3,full,16,8,16,4,late,0.013935720263993893,0.023792452804843694,0.75,1.0,1,linear,0.004129608398430394,0.15,0.06,1.0,11,192,3007180,,24,,6,,
1121,PRUNED,4.417616554683656,3,full,24,1,24,3,even,0.01798570529424151,0.1591240506676894,1.0,1.05,1,linear,0.004375774756766928,0.15,0.06,1.0,11,192,2952799,,24,,0,,
1122,COMPLETE,4.232330560684204,3,full,32,2,32,4,midlate,0.008944272455834191,0.006119861691969828,1.25,1.05,1,learned,0.004514075031702719,0.15,0.06,1.0,11,192,2997140,0.15145748853683472,24,336897.3378730497,1,4.493807792663574,
1123,PRUNED,4.824606329705765,3,full,16,2,16,6,late,0.011978032053592122,0.14392704115643568,0.8164965809277261,1.05,2,linear,0.0052356477157863126,0.1,0.06,1.0,11,192,2981560,,24,,5,,
1124,COMPLETE,4.185179352760315,3,full,8,4,32,6,midlate,0.004524802814998175,0.05885891110701896,1.25,0.9,1,linear,0.005365020127834908,0.15,0.06,1.0,11,192,3043924,0.19067633152008057,24,218504.47956459873,4,4.494359493255615,
1125,COMPLETE,4.23056560754776,3,lean,8,2,32,6,late,0.011030420382358781,0.04683889807676161,0.75,0.9,1,linear,0.004926745962242784,0.0,0.06,1.0,10,192,2917076,0.1591455340385437,24,280838.421604126,6,4.492928504943848,
1126,COMPLETE,4.217712879180908,3,lean,8,4,32,4,late,0.017751353711967736,0.1589423914229968,1.0,1.05,1,linear,0.00474002982984662,0.15,0.06,1.0,10,192,2917080,0.20544570684432983,24,285428.48548133194,5,4.492913246154785,
1127,PRUNED,4.732922748378962,3,full,16,2,8,6,midlate,0.008316990406989213,0.2078934788867957,0.75,0.9,1,linear,0.0047853498355300604,0.15,0.06,1.0,11,192,2969272,,24,,0,,
1128,PRUNED,4.830570254584756,3,full,16,4,32,4,even,0.0035347947557325342,0.03750282885443587,1.25,0.9,1,linear,0.00481651416030529,0.15,0.04,1.0,11,192,3006140,,24,,0,,
1129,COMPLETE,4.201245725154877,3,full,8,8,32,4,midlate,0.012365826516665653,0.20609371293333956,0.75,1.05,1,linear,0.004913100020218203,0.1,0.06,1.0,11,192,3060572,0.17634040117263794,24,191448.30801347652,1,4.494530200958252,
1130,COMPLETE,4.186639606952667,3,full,32,2,32,6,even,0.0070925559035470865,0.04240526509306303,1.25,1.05,1,linear,0.005208373061505189,0.15,0.06,1.0,11,192,3030424,0.16725486516952515,24,300172.2191640804,7,4.494194984436035,
1131,COMPLETE,4.24088317155838,3,full,24,4,32,2,midlate,0.003557451490457552,0.16815870975646766,1.25,0.9,1,head_scalar,0.005010199487605872,0.15,0.06,1.0,11,192,2967844,0.06717973947525024,24,406856.03866503784,0,4.493474006652832,
1132,PRUNED,4.9250071498129895,1,full,24,4,32,4,late,0.00466026439750845,0.15983849261029837,1.25,0.9,1,linear,0.005281763853154331,0.1,0.06,1.0,16,64,2999824,,24,,2,,
1133,COMPLETE,4.24452143907547,3,full,32,2,32,6,late,0.007733446062465091,0.053066877634165885,0.75,0.9,2,linear,0.0051477887317774584,0.15,0.06,1.0,11,192,3030424,0.03982079029083252,24,277658.3779406982,6,4.494194984436035,
1134,COMPLETE,4.184161424636841,3,full,32,4,32,6,late,0.017661772799052823,0.13215007336042234,1.25,1.05,1,linear,0.00510380514554963,0.1,0.06,1.0,11,192,3080356,0.1916939616203308,24,206859.99588404072,5,4.494752883911133,
1135,PRUNED,4.572266756021673,3,full,32,2,32,6,late,0.02955537179258494,0.21265559148529414,0.8164965809277261,1.05,2,linear,0.004587120156124256,0.1,0.06,1.0,11,192,3030424,,24,,2,,
1136,FAIL,,3,lean,24,4,32,4,midlate,0.013182964937345512,0.010807892056041142,1.25,1.05,1,learned,0.004577201225237649,0.15,0.04,1.0,10,192,2939160,,24,,3,,oom
1137,PRUNED,4.770478838072028,3,full,24,1,32,3,late,0.020006404907798255,0.02547777393399262,1.0,1.05,1,learned,0.004455509905788249,0.15,0.06,1.0,11,192,2955871,,24,,0,,
1138,COMPLETE,4.246829330921173,3,full,24,1,32,4,midlate,0.0072997976528182806,0.03145160929336715,1.25,1.05,1,learned,0.005360422823320165,0.15,0.01,0.5,11,192,2968352,0.12376165390014648,24,356405.71402787685,4,4.493498802185059,
1139,COMPLETE,4.209111571311951,3,full,24,4,32,3,late,0.021271834590866255,0.06359923815916842,1.25,1.05,1,linear,0.004910729597405855,0.1,0.06,1.0,11,192,2993320,0.16433769464492798,24,340682.5604730196,7,4.493767261505127,
1140,COMPLETE,4.245679259300232,3,full,32,1,24,3,late,0.005628304055342054,0.28823238366829496,1.25,1.05,1,linear,0.0046715456934927095,0.15,0.06,1.0,11,192,2964943,0.1078270673751831,24,484833.39065649145,0,4.493442535400391,
1141,COMPLETE,4.194659054279327,3,full,32,4,32,4,midlate,0.011562011446535495,0.05286402118805528,1.0,0.9,1,linear,0.004881718669823119,0.15,0.06,1.0,11,192,3030428,0.16087645292282104,24,266338.73207535467,2,4.494301795959473,
1142,COMPLETE,4.191155314445496,3,full,32,2,32,6,even,0.005681858266016731,0.0762438393951805,0.8164965809277261,1.0,1,linear,0.005465060434670474,0.1,0.02,0.5,11,192,3030424,0.16586118936538696,24,311213.54007795494,4,4.494194984436035,
1143,PRUNED,4.842400949059491,3,full,16,1,8,4,late,0.010472533067453115,0.22250874356438377,0.75,0.9,1,linear,0.0037634287957565254,0.15,0.06,1.0,11,192,2943920,,24,,0,,
1144,COMPLETE,4.192259907722473,3,full,16,4,32,4,late,0.012028149463075042,0.029405197506656763,1.0,1.0,1,linear,0.00514525840908725,0.1,0.06,1.0,11,192,3006140,0.16928184032440186,24,279543.8668061504,6,4.493912220001221,
1145,PRUNED,4.936845384704599,1,full,32,2,32,6,late,0.019067062465292786,0.0625464620813855,0.8164965809277261,1.05,1,linear,0.004388131223636108,0.1,0.06,1.0,16,64,3017484,,24,,0,,
1146,PRUNED,4.957856915327535,1,full,16,1,16,4,late,0.006287084201971256,0.012647519577392928,1.0,1.0,1,linear,0.0040532255106470565,0.15,0.04,1.0,16,64,2924036,,24,,1,,
1147,PRUNED,4.867600089364636,1,full,16,1,16,4,midlate,0.016909656191316493,0.032438343648126346,0.75,0.9,1,linear,0.004917956827604806,0.15,0.06,1.0,16,64,2924036,,24,,7,,
1148,PRUNED,4.393035338023308,3,lean,16,2,32,6,late,0.005771845837457133,0.1362335086835493,1.25,0.9,1,linear,0.004319140340111371,0.15,0.02,1.0,10,192,2928116,,24,,1,,
1149,PRUNED,4.78400933303275,3,full,16,1,32,4,late,0.008660463982082292,0.10408015481898727,1.0,1.0,1,one,0.004397906069105243,0.15,0.06,0.5,11,192,2955948,,24,,0,,
1150,PRUNED,4.531064537938729,3,full,16,2,32,6,midlate,0.010525999288358508,0.17060025767837386,0.75,0.9,2,linear,0.005388244782547755,0.15,0.06,1.0,11,192,3006136,,24,,7,,
1151,PRUNED,4.819587518515189,3,full,16,4,32,3,midlate,0.004919945219769398,0.02295518294956102,1.25,0.9,2,linear,0.0051487545859902955,0.15,0.06,1.0,11,192,2981176,,24,,5,,
1152,COMPLETE,4.225519955158234,3,lean,32,2,32,6,even,0.004806353166884183,0.027638363101279612,0.75,0.9,1,linear,0.004798637973282235,0.15,0.02,1.0,10,192,2950196,0.16903626918792725,24,291048.56522807165,0,4.4932861328125,
1153,COMPLETE,4.2074403166770935,3,full,32,2,24,6,even,0.0053970019173291625,0.0978585153270989,1.25,1.05,1,linear,0.0052158542238662856,0.1,0.06,1.0,11,192,3018136,0.14978015422821045,24,323915.46993789845,2,4.494057655334473,
1154,COMPLETE,4.226985156536102,3,full,32,2,32,6,late,0.010680559217575174,0.11049063573708975,0.8164965809277261,1.0,1,head_scalar,0.0054633543516558174,0.1,0.01,1.0,11,192,3029656,0.11966437101364136,24,287364.86835700646,4,4.494183540344238,
1155,PRUNED,4.7341918155547384,3,lean,32,2,8,3,late,0.0086567482683414,0.11097028479743913,1.25,0.9,1,linear,0.004847438052976335,0.15,0.06,1.0,10,192,2881838,,24,,5,,
1156,PRUNED,4.773530601842394,3,full,32,1,32,6,even,0.006050443662364416,0.10197866151611111,1.25,1.05,1,learned,0.0044706550878280595,0.15,0.06,1.0,11,192,3005458,,24,,6,,
1157,PRUNED,4.833509144350215,2,full,24,4,32,6,late,0.009601064020466366,0.126081716000355,1.25,1.0,1,linear,0.004960783496883599,0.15,0.06,1.0,13,128,3058240,,24,,5,,
1158,COMPLETE,4.234870254993439,3,full,16,8,24,3,midlate,0.00831057267857713,0.1559859133717139,0.75,0.9,1,linear,0.005014317750693346,0.1,0.04,1.0,11,192,3006532,0.12402600049972534,24,314211.53536392713,7,4.493908882141113,
1159,PRUNED,4.842047836976208,3,full,16,4,32,3,even,0.01503725066432088,0.1871484927811672,1.0,1.05,1,linear,0.004007217756250544,0.15,0.06,1.0,11,192,2981176,,24,,1,,
1160,PRUNED,4.732536117834178,2,full,32,2,32,6,late,0.005564244328414582,0.09116835725121396,0.8164965809277261,1.05,1,one,0.005321901542345184,0.15,0.06,1.0,13,128,3021880,,24,,3,,
1161,COMPLETE,4.227516293525696,3,lean,16,1,32,4,late,0.004940501668143186,0.03585659697453456,1.0,1.0,1,learned,0.005107607429214118,0.15,0.06,1.0,10,192,2878188,0.14455938339233398,24,429652.92634093016,6,4.4924726486206055,
1162,PRUNED,4.82265128064471,2,lean,24,4,32,4,midlate,0.011583081876015044,0.12018251617280269,1.25,0.9,1,linear,0.004909909456494446,0.1,0.06,1.0,12,128,2942128,,24,,2,,
1163,COMPLETE,4.240930080413818,3,full,24,4,32,6,midlate,0.005783968587508767,0.17988343645690244,0.8164965809277261,0.9,1,learned,0.004770904959619717,0.0,0.06,1.0,11,192,3068212,0.15719681978225708,24,213424.24521199724,1,4.494626998901367,
1164,PRUNED,4.7334486594906835,3,full,24,2,16,4,midlate,0.005312619304373888,0.03185481449246508,1.25,1.05,1,learned,0.005042545532405226,0.0,0.06,1.0,11,192,2968612,,24,,0,,
1165,PRUNED,4.778716382817063,3,full,32,2,32,2,late,0.016604101853274954,0.1526310633914556,1.0,1.05,1,linear,0.0045025438314734495,0.1,0.06,1.0,11,192,2963856,,24,,5,,
1166,COMPLETE,4.200842201709747,3,lean,24,2,32,2,late,0.008761861183707738,0.09827408856518575,0.8164965809277261,0.9,1,linear,0.005232910460695805,0.15,0.06,1.0,10,192,2872588,0.16330206394195557,24,465395.18078446866,3,4.492397308349609,
1167,PRUNED,4.835102355096343,3,full,32,8,32,6,even,0.009152580852050956,0.040156632289848164,1.25,1.05,1,one,0.0040935116621218254,0.05,0.06,1.0,11,192,3177100,,24,,0,,
1168,PRUNED,4.575915740165295,3,full,32,1,8,4,even,0.005378481542290093,0.03761862427683336,1.0,1.0,1,linear,0.0049590022548122,0.15,0.06,1.0,11,192,2968208,,24,,4,,
1169,PRUNED,4.48248434009659,3,lean,32,8,8,2,late,0.008253951517646666,0.01832431256098447,0.75,0.9,1,linear,0.0049995702936635866,0.15,0.06,1.0,10,192,2884408,,24,,5,,
1170,PRUNED,4.8614572394086295,3,full,24,4,32,4,even,0.005590857622500065,0.24652665031806198,1.25,0.9,1,linear,0.003772746446449164,0.15,0.01,1.0,11,192,3018284,,24,,6,,
1171,COMPLETE,4.224807381629944,3,lean,24,2,32,6,even,0.004552283692942276,0.20458963092556723,0.75,0.9,1,linear,0.004905707859520444,0.15,0.04,1.0,10,192,2939156,0.1852235198020935,24,309105.5799529651,2,4.493171691894531,
1172,PRUNED,4.83900037542683,3,full,32,2,32,6,midlate,0.009698351794521469,0.23770429478270777,1.25,1.05,1,linear,0.004245850087164153,0.05,0.04,1.0,11,192,3030424,,24,,4,,
1173,PRUNED,4.818942363009038,2,full,8,2,32,6,late,0.02018120887748866,0.2125572126923655,0.8164965809277261,1.05,1,linear,0.005029621963163731,0.1,0.04,1.0,13,128,2979604,,24,,7,,
1174,COMPLETE,4.1697394251823425,3,full,24,2,32,6,late,0.016776884063928934,0.2928786184382309,1.25,1.0,1,linear,0.0052345428926975635,0.15,0.06,1.0,11,192,3018280,0.19902265071868896,24,296460.8497257328,5,4.4940690994262695,
1175,COMPLETE,4.177863895893097,3,full,16,1,32,4,late,0.0056161689705094536,0.00966893548392919,0.75,1.0,1,linear,0.00522558718782279,0.1,0.06,1.0,11,192,2956208,0.17009150981903076,24,392741.8224990046,3,4.493357181549072,
1176,COMPLETE,4.201392889022827,3,full,24,4,32,4,midlate,0.011682797276277506,0.22180700087432056,1.25,1.05,1,linear,0.0044799095838649605,0.15,0.06,0.5,11,192,3018284,0.19715118408203125,24,289033.21216539625,6,4.494053840637207,
1177,PRUNED,4.574611274462118,3,full,24,4,8,6,late,0.00971866960651499,0.15193769425390807,0.8164965809277261,0.9,1,linear,0.005194474393537146,0.05,0.06,1.0,11,192,2994484,,24,,4,,
1178,PRUNED,4.79051640703524,3,full,32,2,32,6,midlate,0.022807573971284696,0.21188582218527482,0.75,1.05,1,linear,0.003854030920306307,0.15,0.02,1.0,11,192,3030424,,24,,7,,
1179,PRUNED,4.8307707708475505,3,full,24,4,32,4,midlate,0.011342853881947793,0.037289642099460646,1.25,0.9,2,linear,0.004655115579539639,0.1,0.06,1.0,11,192,3018284,,24,,4,,
1180,PRUNED,4.816148914742715,3,full,16,1,32,4,midlate,0.00834975273301531,0.01062120232980743,0.75,1.0,1,linear,0.00393468930058115,0.1,0.06,1.0,11,192,2956208,,24,,3,,
1181,PRUNED,4.561403343579066,3,full,16,1,8,4,late,0.005839072287057517,0.01626595496359206,0.75,1.0,1,linear,0.004896634229875433,0.1,0.06,1.0,11,192,2943920,,24,,0,,
1182,COMPLETE,4.208737552165985,3,full,32,1,32,2,late,0.00578830084089756,0.02508318358787897,1.25,1.0,1,linear,0.005321370767900996,0.1,0.06,1.0,11,192,2955534,0.12062239646911621,24,443527.92015748203,7,4.493329048156738,
1183,PRUNED,4.9320186258888725,2,full,8,8,32,3,midlate,0.011224983120842946,0.2618811624199693,0.75,0.9,1,linear,0.0039202945772038355,0.1,0.04,1.0,13,128,3004576,,24,,2,,
1184,PRUNED,4.866339248302998,2,full,32,4,8,4,midlate,0.0069705715096365405,0.06490923625725294,1.25,0.9,1,linear,0.004409923989178409,0.15,0.06,1.0,13,128,2973512,,24,,0,,
1185,PRUNED,4.888576341819323,1,lean,32,2,32,6,late,0.005943986816655838,0.17035497041469783,0.75,0.9,1,head_scalar,0.005182104966232442,0.1,0.06,1.0,15,64,2962368,,24,,3,,
1186,PRUNED,4.878941877413936,2,full,32,2,32,6,even,0.00728845831328673,0.2140572421510127,1.25,1.05,1,linear,0.004013675760877325,0.15,0.04,1.0,13,128,3022660,,24,,5,,
1187,COMPLETE,4.237384736537933,3,full,24,4,16,4,midlate,0.006240269528781496,0.014143958350980241,1.25,0.9,1,learned,0.0051524765871529534,0.15,0.06,0.5,11,192,2985516,0.08156424760818481,24,383100.1133699538,1,4.493687629699707,
1188,COMPLETE,4.1949504017829895,3,full,16,1,32,6,late,0.007012355401974222,0.02709592717501118,0.8164965809277261,1.0,1,linear,0.0051475379890047945,0.15,0.06,1.0,11,192,2981170,0.1550700068473816,24,324662.0128820115,0,4.493652820587158,
1189,COMPLETE,4.2296541929244995,3,full,16,4,32,4,midlate,0.005376094227728512,0.01847651494936777,1.0,1.05,1,learned,0.004655402686550233,0.15,0.06,1.0,11,192,3006140,0.14345848560333252,24,277422.61209050217,4,4.493912220001221,
1190,COMPLETE,4.214273989200592,3,full,24,4,32,4,midlate,0.00778597163357367,0.1280029232677704,0.8164965809277261,1.05,1,head_scalar,0.005422850665522856,0.15,0.06,1.0,11,192,3017260,0.09602361917495728,24,288666.14141052065,7,4.494040489196777,
1191,COMPLETE,4.210609138011932,3,full,32,2,32,6,even,0.0045185004991533766,0.12880416152128507,1.25,0.9,1,linear,0.005174938606386903,0.0,0.06,1.0,11,192,3030424,0.15302014350891113,24,306557.56579305424,3,4.494194984436035,
1192,PRUNED,4.789214623926885,3,full,24,2,32,6,late,0.008548692415304064,0.27025260345539365,0.8164965809277261,0.9,1,one,0.004633920739875916,0.15,0.06,1.0,11,192,3017500,,24,,6,,
1193,PRUNED,4.789237051731685,3,full,32,2,32,6,late,0.020563246333418876,0.20707052118850422,0.8164965809277261,1.05,1,linear,0.004109732318213527,0.1,0.06,1.0,11,192,3030424,,24,,2,,
1194,PRUNED,4.777795333216247,3,full,24,4,24,4,midlate,0.005175295782643823,0.05410083643703558,1.25,0.9,1,learned,0.004821975487577187,0.15,0.06,1.0,11,192,3001900,,24,,5,,
1195,PRUNED,4.843552928418798,2,full,32,8,32,3,midlate,0.005223998985244287,0.2656223641982493,0.75,0.9,1,linear,0.004974092177394088,0.1,0.06,1.0,13,128,3047632,,24,,1,,
1196,COMPLETE,4.192230045795441,3,lean,32,1,32,6,late,0.015575433338461649,0.13742614744797998,0.75,0.9,1,linear,0.005377452317494743,0.1,0.06,1.0,10,192,2925230,0.17908090353012085,24,353884.81525959645,6,4.493011474609375,
1197,PRUNED,4.852902987371616,3,full,24,4,32,6,late,0.009895446383552496,0.23133188663553358,0.8164965809277261,0.9,2,linear,0.004347734096205505,0.0,0.06,1.0,11,192,3068212,,24,,5,,
1198,PRUNED,4.772635100106816,3,full,32,2,32,6,late,0.0155128472320587,0.21947335988367436,0.8164965809277261,1.05,1,linear,0.004008948961154731,0.15,0.01,1.0,11,192,3030424,,24,,2,,
1199,PRUNED,4.785718186788145,3,lean,32,1,32,4,late,0.00663314273586133,0.08702662546005392,0.75,0.9,1,linear,0.004184650350452684,0.15,0.06,1.0,10,192,2900268,,24,,0,,
1200,COMPLETE,4.213276922702789,3,full,32,4,16,4,midlate,0.0044226022363922585,0.15614375962487467,1.25,1.05,1,linear,0.005388745543506243,0.1,0.06,1.0,11,192,2997660,0.07860493659973145,24,398307.2012272345,0,4.493813514709473,
1201,PRUNED,4.413727583739093,3,full,16,1,24,4,late,0.005465186856302442,0.012481468514001164,0.75,1.0,1,one,0.005203722041302482,0.15,0.06,1.0,11,192,2951852,,24,,1,,
1202,COMPLETE,4.222365915775299,3,full,24,2,32,4,midlate,0.005935382965021713,0.03691069491965145,1.25,1.05,1,learned,0.00512846651168233,0.15,0.04,1.0,11,192,2984996,0.1474248766899109,24,353088.09750073863,2,4.493681907653809,
1203,PRUNED,4.737090417690948,3,full,24,2,8,6,late,0.013865277875588543,0.2594336033652189,1.25,1.0,1,linear,0.004913905997493731,0.15,0.06,1.0,11,192,2981416,,24,,4,,
1204,PRUNED,4.551300016219731,3,full,24,4,32,2,midlate,0.003068335292533956,0.014880496006971085,1.25,1.05,1,head_scalar,0.00484672401732243,0.15,0.06,1.0,11,192,2967844,,24,,7,,
1205,FAIL,,3,full,24,8,32,6,late,0.019418811505728262,0.2244316626474696,1.25,1.0,1,one,0.005273474880305647,0.15,0.02,1.0,11,192,3164956,,24,,3,,oom
1206,PRUNED,4.625366128114921,3,full,24,2,32,6,late,0.018330552824086188,0.26462424647514093,1.25,1.0,1,one,0.004625029797489984,0.15,0.06,1.0,11,192,3017500,,24,,5,,
1207,PRUNED,4.821254937788301,2,full,8,1,32,2,late,0.011645361275647047,0.041937422089652544,1.0,1.0,1,linear,0.005381937528019763,0.15,0.06,1.0,13,128,2904714,,24,,4,,
1208,COMPLETE,4.1847339272499084,3,full,16,8,32,4,late,0.028131140569564506,0.009018730257168702,0.8164965809277261,0.9,1,linear,0.0050087811416245675,0.15,0.06,1.0,11,192,3072716,0.17573857307434082,24,179758.15839608046,6,4.494656085968018,
1209,PRUNED,4.88223926236579,3,full,16,4,32,6,even,0.017433960024096123,0.15605289711332532,1.25,1.0,1,linear,0.0035916192592781674,0.15,0.06,1.0,11,192,3056068,,24,,1,,
1210,PRUNED,4.8136330034813515,3,lean,24,2,32,6,late,0.015467392604642503,0.08043146355963622,0.75,0.9,1,head_scalar,0.004713783962955192,0.15,0.06,1.0,10,192,2938388,,24,,4,,
1211,PRUNED,4.783430576500026,3,full,24,2,32,4,late,0.021348264056191394,0.2256534853603713,1.25,1.0,1,linear,0.004616073023666543,0.15,0.06,1.0,11,192,2984996,,24,,0,,
1212,PRUNED,4.419894548662261,3,full,32,2,32,3,late,0.008884241766344003,0.11272965491109437,0.8164965809277261,1.05,1,linear,0.004678846605595383,0.1,0.01,1.0,11,192,2980498,,24,,7,,
1213,PRUNED,4.922732997468531,3,full,16,1,32,4,midlate,0.01501580398035428,0.22543489255983598,0.75,0.9,1,linear,0.0034473298987308196,0.1,0.02,1.0,11,192,2956208,,24,,5,,
1214,PRUNED,4.532060716189513,3,full,32,2,8,6,even,0.00861099730558581,0.1309894606886784,0.8164965809277261,0.9,1,linear,0.005426907928433687,0.15,0.06,1.0,11,192,2993560,,24,,0,,
1215,COMPLETE,4.193396747112274,3,full,24,4,32,2,midlate,0.004000280304401162,0.11556051036401016,1.0,0.9,1,linear,0.005462827185860484,0.15,0.06,1.0,11,192,2968356,0.15546828508377075,24,361625.94375074,2,4.493480682373047,
1216,COMPLETE,4.1950660943984985,3,full,32,2,32,6,late,0.012720905110167916,0.2930861327347917,0.8164965809277261,1.05,1,head_scalar,0.005255725200132218,0.15,0.06,0.5,11,192,3029656,0.12044864892959595,24,298753.05618182686,4,4.494183540344238,
1217,PRUNED,4.8389782104840275,3,full,16,2,32,6,midlate,0.012831337163768008,0.05641386889752366,0.75,0.9,1,linear,0.003380825960236093,0.15,0.02,1.0,11,192,3006136,,24,,5,,
1218,FAIL,,3,lean,32,8,32,6,late,0.012190893709061491,0.08843718183280887,0.75,0.9,1,linear,0.004764337707719751,0.15,0.06,0.5,10,192,3099992,,24,,7,,oom
1219,PRUNED,4.508884025110461,3,full,32,2,24,3,late,0.008165972164412668,0.07407431025537592,0.8164965809277261,1.0,1,head_scalar,0.004839906745302195,0.1,0.06,1.0,11,192,2973970,,24,,1,,
1220,PRUNED,4.842390716578111,3,full,16,4,32,4,midlate,0.00933968878778252,0.04110456540216573,1.25,1.05,1,linear,0.003961601358258765,0.15,0.06,1.0,11,192,3006140,,24,,0,,
1221,PRUNED,4.455140901496533,3,full,32,2,16,6,late,0.012904392365634001,0.18620268482063723,1.0,1.05,1,linear,0.004809156904338918,0.1,0.06,1.0,11,192,3005848,,24,,1,,
1222,PRUNED,4.48145883183188,3,full,32,1,32,6,late,0.02999430051103734,0.26737278523664815,1.25,1.0,2,linear,0.0050117075051371845,0.15,0.06,1.0,11,192,3005458,,24,,5,,
1223,PRUNED,4.850774562724586,3,lean,24,4,32,3,midlate,0.004426374694338556,0.02314304738013895,1.25,1.05,1,linear,0.004191718137940895,0.05,0.06,1.0,10,192,2914196,,24,,2,,
1224,COMPLETE,4.203199505805969,3,full,24,2,32,6,late,0.026696857918668614,0.1132100892035451,0.8164965809277261,1.0,1,linear,0.004662725310941932,0.15,0.06,1.0,11,192,3018280,0.1829127073287964,24,282436.47180237516,0,4.4940690994262695,
1225,PRUNED,4.925404741872443,1,full,24,4,32,6,late,0.016411494521021905,0.08459587295641036,0.8164965809277261,0.9,1,linear,0.005308346925666748,0.15,0.02,1.0,16,64,3049752,,24,,1,,
1226,PRUNED,4.772541296031446,3,full,24,2,32,6,late,0.011217628834394092,0.15797505734295791,1.25,1.0,1,linear,0.003974314560350565,0.1,0.06,1.0,11,192,3018280,,24,,4,,
1227,PRUNED,4.846888002261732,3,full,24,2,32,6,midlate,0.02797314268838667,0.24234713654247436,1.25,1.0,1,linear,0.003928038516153286,0.15,0.06,1.0,11,192,3018280,,24,,2,,
1228,PRUNED,4.863093579458406,3,full,24,4,8,4,midlate,0.006013687745265442,0.11617592531397888,0.8164965809277261,0.9,1,linear,0.004773598683800394,0.15,0.06,1.0,11,192,2969132,,24,,5,,
1229,FAIL,,3,lean,32,8,32,3,midlate,0.00484554364305827,0.09101734212995648,0.75,0.9,1,linear,0.004326013159842014,0.1,0.06,1.0,10,192,,,,,,,quota
1230,PRUNED,4.8226997340929545,3,full,32,2,16,6,late,0.012354736244840537,0.1723493682151303,1.25,1.05,1,one,0.0046288226356489765,0.15,0.04,1.0,11,192,3005068,,24,,5,,
1231,FAIL,,3,full,24,4,32,4,midlate,0.00407671805420743,0.005601894177650195,1.25,1.05,1,linear,0.005140513323903937,0.15,0.06,1.0,11,192,,,,,,,quota
1232,COMPLETE,4.160823106765747,3,full,32,4,32,6,late,0.011698591406469916,0.24969059645784533,0.8164965809277261,1.0,1,linear,0.005483318553637849,0.15,0.06,1.0,11,192,3080356,0.1988564133644104,24,213070.98566028377,6,4.494752883911133,
1233,PRUNED,4.799560517853626,2,full,16,1,32,4,late,0.00810776489901709,0.04118869990813463,1.0,1.0,1,linear,0.004692269721597306,0.0,0.06,1.0,13,128,2944028,,24,,4,,
1234,PRUNED,4.8219672516401575,3,full,32,2,32,6,even,0.0054973843951167094,0.054155400595855746,1.0,1.05,1,one,0.004283175786741634,0.15,0.06,1.0,11,192,3029644,,24,,2,,
1235,PRUNED,4.7738105130181,3,full,16,1,32,4,even,0.006938094818622177,0.14238527020292754,0.75,0.9,1,linear,0.005338220640632751,0.15,0.01,1.0,11,192,2956208,,24,,5,,
1236,FAIL,,3,lean,32,2,32,6,late,0.006492054513714221,0.03716224360515994,1.25,1.05,1,linear,0.004040727763777851,0.15,0.01,1.0,10,192,2950196,,24,,1,,oom
1237,FAIL,,3,lean,16,2,32,6,midlate,0.02103121015144929,0.09807355506938376,0.75,0.9,1,linear,0.004713994587156083,0.15,0.06,1.0,10,192,,,,,,,quota
1238,FAIL,,3,full,16,8,32,4,late,0.02121086714179782,0.07515417323506558,0.75,0.9,1,linear,0.005448172023594367,0.15,0.06,1.0,11,192,,,,,,,quota
1239,PRUNED,4.727380864708322,3,full,24,4,16,4,midlate,0.003347711065995356,0.0304172584630121,1.0,0.9,1,linear,0.004719328509068073,0.15,0.06,1.0,11,192,2985516,,24,,3,,
1240,PRUNED,4.841794974697601,3,full,8,1,32,3,late,0.00724180336151236,0.09959206927861972,0.8164965809277261,0.9,1,linear,0.0039039922718112443,0.15,0.06,1.0,11,192,2931583,,24,,4,,
1241,PRUNED,4.9356592790179015,1,lean,24,4,32,4,midlate,0.015995952547978726,0.1657710343401325,1.25,1.05,1,linear,0.004311673924025549,0.15,0.06,1.0,15,64,2946580,,24,,5,,
1242,PRUNED,4.8699686221930065,1,full,24,2,32,6,late,0.0224271301359628,0.04753887845619042,1.25,1.05,1,one,0.004772583882784168,0.05,0.06,1.0,16,64,2999040,,24,,0,,
1243,FAIL,,3,full,24,2,32,6,late,0.0189141601484096,0.14297269230391865,1.25,1.0,1,linear,0.00487912166680137,0.15,0.06,0.5,11,192,,,,,,,quota
1244,FAIL,,3,full,32,8,32,3,midlate,0.005784152346861328,0.08333292069065529,0.75,0.9,1,learned,0.005363123825436367,0.1,0.06,1.0,11,192,3055396,,24,,2,,oom
1245,COMPLETE,4.1795783042907715,3,full,24,2,32,6,late,0.008054975765951319,0.20085015413227697,1.25,1.05,1,linear,0.004980441542980988,0.15,0.06,0.5,11,192,3018280,0.19299429655075073,24,272168.7393128796,4,4.4940690994262695,
1246,FAIL,,2,full,32,4,32,3,late,0.0171183837556168,0.10322078316988131,1.0,1.05,1,learned,0.005373202908409991,0.15,0.06,1.0,13,128,2997700,,24,,3,,oom
1247,PRUNED,4.814873654392736,3,full,32,8,16,3,midlate,0.009415162097322134,0.11475994787830172,1.0,0.9,1,linear,0.004490298658807307,0.1,0.01,1.0,11,192,3006244,,24,,0,,
1248,FAIL,,3,lean,24,2,32,6,late,0.01958991680160283,0.09357279977533058,1.25,1.0,1,linear,0.004816569476794489,0.05,0.02,1.0,10,192,,,,,,,quota
1249,COMPLETE,4.205777704715729,3,full,24,4,32,3,midlate,0.004987347314378548,0.010265273925043897,1.25,1.0,1,learned,0.005025920956444021,0.15,0.06,1.0,11,192,2993320,0.15682876110076904,24,342514.75163587095,5,4.493767261505127,
1250,PRUNED,4.872786337553701,1,full,24,8,32,6,late,0.01646375777813156,0.29235356539883106,1.25,1.0,1,linear,0.004930130383031347,0.15,0.06,1.0,16,64,3149616,,24,,0,,
1251,PRUNED,4.883921087530054,3,full,32,2,32,3,midlate,0.00778198162381938,0.10408438935080688,0.75,0.9,2,linear,0.003687350786750596,0.1,0.06,1.0,11,192,2980498,,24,,7,,
1252,PRUNED,4.861632070454622,3,full,24,2,32,6,late,0.010970516943764316,0.27702698085657296,0.75,1.0,2,linear,0.003903288138344461,0.15,0.06,1.0,11,192,3018280,,24,,7,,
1253,PRUNED,4.829179508850775,3,lean,32,2,32,6,late,0.005845966200697286,0.11837182934584332,0.8164965809277261,0.9,1,linear,0.004248292205779571,0.15,0.04,1.0,10,192,2950196,,24,,4,,
1254,COMPLETE,4.179331481456757,3,full,32,4,32,6,late,0.010530255026572313,0.208915968298531,0.8164965809277261,1.0,1,linear,0.005080187493785955,0.15,0.06,1.0,11,192,3080356,0.19671422243118286,24,214044.0261763634,6,4.494752883911133,
1255,FAIL,,3,full,16,1,32,6,midlate,0.005841664511209126,0.12332556598710576,0.75,0.9,1,linear,0.004207357732488829,0.15,0.06,1.0,11,192,,,,,,,quota
1256,FAIL,,3,full,24,2,32,6,late,0.02333724266671563,0.26394572901823665,1.25,0.9,1,linear,0.0049156709623849205,0.15,0.02,1.0,11,192,,,,,,,quota
1257,PRUNED,4.843368184531386,3,full,24,1,32,6,late,0.010279180814939476,0.10779936009814937,0.8164965809277261,0.9,1,linear,0.0034557634207674852,0.15,0.06,1.0,11,192,2993314,,24,,5,,
1258,PRUNED,4.832607423468577,3,full,24,4,8,6,late,0.012627453060280555,0.03478946102465018,0.8164965809277261,0.9,1,linear,0.004026296114480702,0.15,0.04,1.0,11,192,2994484,,24,,7,,
1259,FAIL,,3,full,8,2,32,6,late,0.010356014477476477,0.23594306397992096,1.25,1.0,1,linear,0.005339732469367831,0.15,0.06,1.0,11,192,2993992,,24,,4,,oom
1260,FAIL,,3,full,32,2,16,6,late,0.0192984041319293,0.2681812327691473,0.8164965809277261,1.0,1,linear,0.004978638423277934,0.1,0.06,1.0,11,192,,,,,,,quota
1261,FAIL,,3,full,24,4,32,4,even,0.007721840706781282,0.028829906168662982,1.25,0.9,1,linear,0.00526661558597375,0.05,0.06,1.0,11,192,,,,,,,quota
1262,FAIL,,3,full,32,2,32,6,even,0.009498810900964999,0.18211584347912585,1.25,1.0,1,one,0.00530034169962973,0.15,0.01,1.0,11,192,,,,,,,quota
1263,PRUNED,4.836497072282043,3,full,32,4,32,3,late,0.018519451934498624,0.22049684454127447,1.0,0.9,2,one,0.0044811384371252865,0.15,0.06,1.0,11,192,3004684,,24,,5,,
1264,PRUNED,4.823525053252245,3,full,32,8,32,3,midlate,0.005561074864329168,0.2686930636728037,0.75,0.9,2,linear,0.0046952100983687,0.05,0.06,1.0,11,192,3055396,,24,,7,,
1265,PRUNED,4.816671951067992,3,full,32,4,32,3,midlate,0.01928742104713427,0.24754738927199849,1.0,1.05,2,linear,0.004475181123480007,0.15,0.06,1.0,11,192,3005464,,24,,0,,
1266,PRUNED,4.945174742886744,1,full,16,1,32,4,late,0.01600955114759459,0.04739121028629926,1.0,1.0,1,linear,0.005446008510004294,0.15,0.06,0.5,16,64,2932228,,24,,5,,
1267,FAIL,,3,full,16,1,32,4,late,0.008494153246008364,0.05523826745255465,1.0,1.0,1,head_scalar,0.004667235293902168,0.15,0.01,1.0,11,192,,,,,,,quota
1268,PRUNED,4.823819808304629,3,full,8,2,32,6,late,0.006991288730496937,0.021267283096092913,0.8164965809277261,1.0,1,linear,0.004907034183984026,0.1,0.06,0.5,11,192,2993992,,24,,0,,
1269,FAIL,,3,full,32,2,24,6,late,0.005890168090914604,0.044840737506538955,1.25,0.9,1,linear,0.0035192095825428956,0.15,0.06,1.0,11,192,3018136,,24,,1,,oom
1270,FAIL,,3,lean,32,2,32,4,late,0.007708475041676599,0.0978573208899452,0.75,1.0,1,linear,0.004996912962351664,0.15,0.06,0.5,10,192,,,,,,,quota
1271,FAIL,,3,full,16,4,32,3,late,0.006781046668109189,0.039275508105506625,1.0,1.0,1,linear,0.005155398352899228,0.15,0.06,1.0,11,192,,,,,,,quota
1272,FAIL,,3,lean,32,8,24,3,midlate,0.008470237860909106,0.1926371534521856,0.75,0.9,1,linear,0.004816759704059878,0.1,0.06,1.0,10,192,,,,,,,quota
1273,FAIL,,2,full,32,4,32,6,late,0.005938708065849446,0.2349284896095688,0.8164965809277261,1.0,1,linear,0.005090508927209792,0.15,0.06,0.5,13,128,3072592,,24,,5,,oom
1274,FAIL,,3,lean,32,2,32,2,even,0.009158963816625653,0.14284846252095423,1.25,1.05,1,linear,0.005265169367353555,0.15,0.06,1.0,10,192,2883628,,24,,7,,oom
1275,PRUNED,4.529700344614046,3,lean,32,4,8,3,late,0.02405113861136486,0.0939509911271317,1.0,1.05,1,linear,0.005252469488811435,0.15,0.06,1.0,10,192,2888372,,24,,2,,
1276,FAIL,,3,full,8,4,24,6,late,0.017760331784739403,0.24932800655848758,0.8164965809277261,1.0,1,learned,0.005081625549348923,0.15,0.06,1.0,11,192,3019348,,24,,0,,oom
1277,COMPLETE,4.192600250244141,3,full,32,4,32,3,midlate,0.003383823373682985,0.2539956852219197,0.8164965809277261,0.9,1,linear,0.00530632539594805,0.05,0.06,1.0,11,192,3005464,0.17772680521011353,24,321852.49284272414,3,4.493893146514893,
1278,FAIL,,3,full,24,4,16,4,midlate,0.0033964386740798166,0.04127499484082044,0.8164965809277261,1.05,1,linear,0.005061177747973127,0.15,0.06,1.0,11,192,2985516,,24,,2,,oom
1279,FAIL,,3,full,16,1,32,2,late,0.011524898376864524,0.04546859494202113,1.0,1.0,1,linear,0.005318053341070248,0.05,0.06,1.0,11,192,,,,,,,quota
1280,FAIL,,3,full,32,8,32,6,late,0.009994498607889816,0.11053537359607656,0.8164965809277261,1.0,1,linear,0.004086199314271834,0.15,0.01,1.0,11,192,,,,,,,quota
1281,PRUNED,4.934305185670852,1,full,24,2,32,6,late,0.012641970013728458,0.17451351389090225,1.25,0.9,1,head_scalar,0.004324386925710286,0.15,0.06,1.0,16,64,2999052,,24,,6,,
1282,FAIL,,3,full,32,2,32,6,midlate,0.012037577532695572,0.20365418208834338,0.8164965809277261,1.05,1,head_scalar,0.005275963100038075,0.1,0.06,1.0,11,192,,,,,,,quota
1283,PRUNED,4.697693936990686,3,full,24,4,32,4,midlate,0.004741176509233326,0.1659076866388951,1.25,0.9,1,one,0.00477315649240125,0.1,0.06,0.5,11,192,3017244,,24,,6,,
1284,FAIL,,3,full,8,4,32,6,late,0.006143356445324949,0.14319208532484373,0.8164965809277261,0.9,1,linear,0.004423591800808341,0.15,0.06,1.0,11,192,,,,,,,quota
1285,FAIL,,3,full,24,4,32,6,late,0.028465288926795732,0.26080663580383084,1.0,1.05,1,one,0.005486482056997377,0.15,0.06,1.0,11,192,3066652,,24,,3,,oom
1286,PRUNED,4.794444440113152,3,full,8,1,32,3,midlate,0.006833392814154723,0.07298397802060519,0.75,0.9,1,linear,0.004451709313310723,0.1,0.06,1.0,11,192,2931583,,24,,6,,
1287,FAIL,,3,full,16,1,32,4,midlate,0.004874503788841803,0.2574474091730323,1.25,0.9,1,linear,0.00518522515018464,0.15,0.06,1.0,11,192,2956208,,24,,4,,oom
1288,PRUNED,4.842297661301569,3,full,32,4,32,3,late,0.00936735553158438,0.12097869366051478,1.0,1.05,1,learned,0.0045618278225290415,0.15,0.02,1.0,11,192,3005464,,24,,6,,
1289,PRUNED,4.827345363420513,3,full,16,8,32,2,late,0.020945043611415363,0.009971822122606956,0.75,0.9,1,linear,0.0044020167240725865,0.15,0.01,1.0,11,192,2989500,,24,,6,,
1290,FAIL,,3,full,8,8,32,6,even,0.0037867517130638633,0.03405627965557671,1.25,1.05,1,linear,0.005352581671925011,0.15,0.06,1.0,11,192,3143788,,24,,1,,oom
1291,FAIL,,3,full,32,4,32,3,midlate,0.009177040560567187,0.039786154674280476,0.75,0.9,1,linear,0.004106482485078281,0.1,0.04,1.0,11,192,,,,,,,quota
1292,COMPLETE,4.189694404602051,3,full,24,4,32,6,even,0.006601025311513636,0.07939414681488462,0.8164965809277261,0.9,1,linear,0.005176835214853647,0.15,0.06,1.0,11,192,3068212,0.18075257539749146,24,224873.03914474294,5,4.494626998901367,
1293,COMPLETE,4.216375946998596,3,lean,24,4,32,6,midlate,0.010237058925282452,0.07827920769844134,0.8164965809277261,0.9,1,linear,0.0049543748338334494,0.15,0.04,1.0,10,192,2989088,0.1720370054244995,24,213972.49162982975,7,4.493729591369629,
1294,FAIL,,3,full,32,2,32,4,late,0.008936494923629999,0.0410768921250791,0.8164965809277261,1.0,1,learned,0.0040712699097627935,0.1,0.06,1.0,11,192,,,,,,,quota
1295,FAIL,,3,full,8,2,32,6,late,0.014077567252459325,0.1982716752332724,1.25,1.0,1,linear,0.005085092323070687,0.15,0.06,1.0,11,192,,,,,,,quota
1296,FAIL,,3,full,24,2,32,4,even,0.003762347246044414,0.027000095726153892,1.25,1.05,1,linear,0.0050013978097727865,0.15,0.06,1.0,11,192,2984996,,24,,6,,oom
1297,FAIL,,3,lean,32,2,32,6,even,0.011587785203733776,0.01434884433714172,1.25,1.05,1,linear,0.0038907667618080133,0.15,0.04,1.0,10,192,,,,,,,quota
1298,PRUNED,4.823817700132194,3,full,32,8,32,3,midlate,0.0046176925349656305,0.20193895511058818,0.75,0.9,1,head_scalar,0.004888251238378813,0.1,0.01,1.0,11,192,3053860,,24,,0,,
1299,COMPLETE,4.21287989616394,3,full,24,2,32,6,late,0.009944475414379247,0.2850540961918605,1.25,1.0,1,linear,0.005078880987185416,0.15,0.01,1.0,11,192,3018280,0.1964457631111145,24,281724.37264809397,2,4.4940690994262695,
1300,PRUNED,4.531753199608843,3,lean,32,2,8,4,late,0.0074255934700951385,0.1006669066473945,0.75,0.9,1,linear,0.005024317957085403,0.15,0.06,1.0,10,192,2892336,,24,,0,,
1301,FAIL,,3,full,16,4,8,4,late,0.0040920108991627105,0.04977515328822274,1.0,1.0,1,linear,0.005280528371802042,0.15,0.06,1.0,11,192,,,,,,,quota
1302,FAIL,,3,full,32,8,32,6,late,0.01779103381831236,0.19174432786586074,0.8164965809277261,1.0,1,linear,0.005172003399437309,0.0,0.06,1.0,11,192,3180220,,24,,0,,oom
1303,PRUNED,4.508713201838203,3,full,16,1,32,4,late,0.008783476931123017,0.03039267110505454,1.25,1.0,2,linear,0.005002283424385637,0.15,0.06,0.5,11,192,2956208,,24,,3,,
1304,COMPLETE,4.232166647911072,3,full,16,1,24,4,late,0.004285695321434659,0.035083564561511765,1.0,1.0,1,linear,0.004740499569456517,0.15,0.06,0.5,11,192,2952112,0.1140897274017334,24,459289.29521636845,2,4.493311405181885,
1305,COMPLETE,4.236846148967743,3,full,24,4,16,6,late,0.013756757750706762,0.2868733956520226,1.25,1.05,1,learned,0.005470807496969188,0.1,0.06,1.0,11,192,3019060,0.11316823959350586,24,330730.8511346901,3,4.494077682495117,
1306,PRUNED,4.55146003534524,3,lean,32,1,32,6,late,0.008656560784575515,0.04412843154270103,0.75,0.9,1,one,0.005139682764076253,0.15,0.06,1.0,10,192,2924840,,24,,7,,
1307,COMPLETE,4.189848065376282,3,full,24,4,32,4,midlate,0.005524624385781252,0.08005691564265101,0.75,1.05,1,linear,0.005101708910183965,0.05,0.06,1.0,11,192,3018284,0.17298412322998047,24,294660.4257258119,5,4.494053840637207,
1308,PRUNED,4.8362055600168254,3,full,32,4,32,4,late,0.019040506175152964,0.1985772289238183,0.8164965809277261,1.05,1,linear,0.003986509224416371,0.15,0.06,1.0,11,192,3030428,,24,,4,,
1309,PRUNED,4.851957089720481,3,full,32,4,8,3,late,0.016018962102324088,0.1569178519596759,1.0,1.05,1,linear,0.004607593866850684,0.0,0.06,1.0,11,192,2968600,,24,,2,,
1310,PRUNED,4.919322841789181,3,full,16,2,24,6,late,0.006959690073341971,0.06279426822677882,1.25,1.05,1,linear,0.0045827818938338856,0.15,0.01,1.0,11,192,2993848,,24,,7,,
1311,PRUNED,4.8112909539757185,3,full,24,2,32,6,late,0.024131074582809643,0.21898759882351324,1.0,1.0,1,learned,0.003800478341314055,0.05,0.06,1.0,11,192,3018280,,24,,4,,
1312,COMPLETE,4.177014529705048,3,full,32,4,32,6,late,0.009423088428427498,0.1350126595729608,1.0,0.9,1,linear,0.005095304438486821,0.15,0.06,1.0,11,192,3080356,0.19440025091171265,24,214097.486140312,2,4.494752883911133,
1313,PRUNED,4.811245138136941,3,full,32,4,32,2,late,0.014370908049326057,0.05225269763132843,1.0,1.05,1,linear,0.004888909744395253,0.0,0.06,1.0,11,192,2980500,,24,,1,,
1314,PRUNED,4.76636986475653,3,full,32,8,8,3,late,0.006356322143951211,0.24072904830377348,0.75,0.9,1,linear,0.004376454526553967,0.05,0.06,1.0,11,192,2981668,,24,,3,,
1315,COMPLETE,4.177866756916046,3,full,8,4,32,6,late,0.007706909957634125,0.2810081530570298,0.8164965809277261,0.9,1,learned,0.005224171318108849,0.15,0.06,1.0,11,192,3043924,0.20211976766586304,24,213746.53922371136,7,4.494359493255615,
1316,COMPLETE,4.200546681880951,3,full,32,2,32,6,late,0.023936795046484827,0.1952782694191184,1.0,1.05,1,head_scalar,0.005270101995225113,0.1,0.06,1.0,11,192,3029656,0.1173587441444397,24,291690.7683724773,4,4.494183540344238,
1317,PRUNED,4.774790260952107,3,full,32,2,32,6,late,0.007414744929349065,0.22131809954295084,0.8164965809277261,1.0,1,linear,0.004498610822072952,0.15,0.04,1.0,11,192,3030424,,24,,6,,
1318,PRUNED,4.8905695359349615,1,full,16,2,32,6,late,0.009740265717639543,0.24203744128386798,0.75,0.9,1,linear,0.004794892183637406,0.15,0.06,1.0,16,64,2982156,,24,,3,,
1319,PRUNED,4.823195282484065,3,full,24,2,32,2,late,0.022008771954928875,0.0734284865967428,1.25,1.0,1,learned,0.0048170829255673436,0.15,0.02,1.0,11,192,2951712,,24,,5,,
1320,PRUNED,4.80815368575759,3,full,16,1,32,4,midlate,0.014934823430480339,0.18366036202598396,0.75,1.05,1,learned,0.0049052172092878335,0.15,0.02,1.0,11,192,2956208,,24,,1,,
1321,COMPLETE,4.186240315437317,3,full,24,4,32,4,midlate,0.007909606220674522,0.09917228071099646,1.25,1.05,1,linear,0.0053188800523628925,0.15,0.06,1.0,11,192,3018284,0.18449312448501587,24,278793.84529501374,6,4.494053840637207,
1322,PRUNED,4.837044824494262,3,full,16,2,32,6,late,0.008435503894394375,0.18118124480464384,1.25,1.05,1,one,0.004236814432984793,0.15,0.06,1.0,11,192,3005356,,24,,3,,
1323,PRUNED,4.478038051386912,3,full,32,2,16,6,even,0.005477083352996282,0.05781202581593857,1.25,1.05,1,linear,0.005114179061970433,0.15,0.04,1.0,11,192,3005848,,24,,5,,
1324,PRUNED,4.85685177319946,3,full,16,1,32,4,midlate,0.015482529741504717,0.16071387141870064,0.8164965809277261,0.9,1,linear,0.003871956836997123,0.05,0.06,1.0,11,192,2956208,,24,,1,,
1325,COMPLETE,4.2267696261405945,3,full,32,2,32,2,late,0.022514308364623297,0.28182987723109487,0.8164965809277261,1.05,1,linear,0.0049579470994522085,0.0,0.06,1.0,11,192,2963856,0.1449044942855835,24,493355.4220403475,3,4.493420600891113,
1326,FAIL,,2,lean,32,8,32,6,late,0.005851860756821762,0.13321694861235045,0.75,1.05,1,linear,0.004992045223670941,0.15,0.06,1.0,12,128,3105168,,24,,0,,oom
1327,COMPLETE,4.2024577260017395,3,full,32,8,32,2,midlate,0.012294767887264546,0.14196882570570082,0.75,1.05,1,linear,0.005427898814444523,0.15,0.06,1.0,11,192,3013788,0.1468912959098816,24,311723.17000805924,5,4.493978500366211,
1328,PRUNED,4.48779619559908,3,lean,32,2,32,6,late,0.013815426594486363,0.17476941595669368,1.25,1.05,1,linear,0.004455706952165495,0.1,0.01,1.0,10,192,2950196,,24,,1,,
1329,PRUNED,4.528630559954523,3,full,32,4,8,2,late,0.006925716029319214,0.18380874554737625,0.75,1.05,1,linear,0.00518606282499926,0.15,0.06,1.0,11,192,2955924,,24,,4,,
1330,COMPLETE,4.21211850643158,3,full,16,4,32,3,late,0.016361498852233456,0.1669458001279142,1.0,0.9,1,linear,0.004804802860219232,0.1,0.06,1.0,11,192,2981176,0.16278839111328125,24,323216.9395562788,2,4.493625640869141,
1331,COMPLETE,4.230501115322113,3,full,32,4,24,6,late,0.006193194041194579,0.11741325522242999,1.0,0.9,1,linear,0.00430684458878717,0.15,0.06,1.0,11,192,3055780,0.16502201557159424,24,283611.0473892411,4,4.494478225708008,
1332,COMPLETE,4.247400462627411,3,full,32,4,16,2,late,0.023146082031720566,0.07912880839881738,1.0,0.9,1,linear,0.004854064924017843,0.15,0.06,1.0,11,192,2964116,0.08243167400360107,24,530512.3621386893,3,4.4934234619140625,
1333,COMPLETE,4.216724514961243,3,full,24,2,32,6,late,0.011929315996639317,0.22207627282083922,1.0,1.05,1,linear,0.004311184549441453,0.15,0.06,1.0,11,192,3018280,0.18795454502105713,24,300433.3702873856,7,4.4940690994262695,
1334,PRUNED,4.915852629977978,3,full,16,2,32,6,midlate,0.008421963166249522,0.12434590096273787,1.25,0.9,1,linear,0.00318115486998515,0.15,0.06,0.5,11,192,3006136,,24,,1,,
1335,PRUNED,4.831195742806133,3,full,32,8,32,3,midlate,0.008286269560073365,0.23538327841810677,0.75,0.9,2,linear,0.004837516661080268,0.1,0.01,1.0,11,192,3055396,,24,,6,,
1336,COMPLETE,4.247694969177246,3,full,32,2,32,6,even,0.006106079041215298,0.07432724287457139,1.25,1.05,1,head_scalar,0.005298001730953856,0.15,0.02,1.0,11,192,3029656,0.058833301067352295,24,317893.8144047888,3,4.494183540344238,
1337,COMPLETE,4.22675895690918,3,full,32,4,32,6,late,0.019066378330556914,0.1308873702225175,1.0,0.9,1,linear,0.004128871773755249,0.15,0.06,1.0,11,192,3080356,0.18087947368621826,24,205601.45586406425,5,4.494752883911133,
1338,PRUNED,4.875522262851,3,full,8,2,32,6,late,0.00825177025957021,0.25479913268935583,1.25,1.0,1,linear,0.0041527134490653254,0.15,0.06,1.0,11,192,2993992,,24,,1,,
1339,PRUNED,4.527779634634609,3,full,32,2,8,6,midlate,0.00967286862642691,0.08905912497173976,0.8164965809277261,1.05,1,linear,0.005286232246046333,0.1,0.06,1.0,11,192,2993560,,24,,2,,
1340,COMPLETE,4.22309798002243,3,full,16,1,32,4,midlate,0.0065293570681893,0.22209429809842568,0.75,0.9,1,linear,0.00525228454063437,0.15,0.02,0.5,11,192,2956208,0.17183935642242432,24,426931.58234275726,6,4.493357181549072,
1341,PRUNED,4.865451630300578,2,full,32,4,32,6,late,0.009608638216027884,0.2455914204365359,1.0,0.9,1,learned,0.003933915642138454,0.15,0.06,1.0,13,128,3072592,,24,,1,,
1342,COMPLETE,4.181455135345459,3,full,24,4,32,6,late,0.015974622167584683,0.24700600061394007,1.25,1.05,1,linear,0.00515705960170976,0.15,0.06,1.0,11,192,3068212,0.21112561225891113,24,189090.2897489554,4,4.494626998901367,
1343,PRUNED,4.627440678865429,3,lean,16,8,16,4,late,0.011549466119174796,0.009259068929244538,0.75,0.9,2,linear,0.005394384292442444,0.15,0.06,1.0,10,192,2929160,,24,,2,,
1344,PRUNED,4.845009448046907,3,full,32,2,16,6,late,0.009444536731460196,0.053678076175409796,0.8164965809277261,1.05,1,linear,0.004056114522149079,0.15,0.06,1.0,11,192,3005848,,24,,7,,
1345,COMPLETE,4.228194773197174,3,full,32,2,32,6,late,0.011118777554006594,0.20743593909174238,1.25,1.0,1,head_scalar,0.005007033556753821,0.15,0.06,1.0,11,192,3029656,0.07724779844284058,24,302716.97041086474,7,4.494183540344238,
1346,COMPLETE,4.2239590883255005,3,full,8,2,32,6,late,0.008805367615518906,0.23353290436088625,0.8164965809277261,1.05,1,linear,0.005031942409096998,0.0,0.06,1.0,11,192,2993992,0.18508285284042358,24,281675.1027399179,6,4.493801593780518,
1347,PRUNED,4.900039310657455,3,full,32,8,16,3,even,0.00493580666842898,0.1763516036408741,0.75,0.9,1,linear,0.0035782610895299704,0.1,0.06,1.0,11,192,3006244,,24,,3,,
1348,PRUNED,4.875747513081308,2,full,32,4,32,3,late,0.011089719379269329,0.12574110320171958,1.0,1.05,1,linear,0.004429641812345931,0.1,0.06,1.0,13,128,2997700,,24,,2,,
1349,PRUNED,4.410495225947222,3,full,24,2,32,6,late,0.02197989694840936,0.09508493289077076,1.25,1.0,1,head_scalar,0.005275387832487411,0.05,0.06,1.0,11,192,3017512,,24,,1,,
1350,PRUNED,4.846021364073987,3,full,32,2,8,6,late,0.005999904535136845,0.05600365340006319,0.8164965809277261,1.0,1,one,0.004453513013746572,0.1,0.06,1.0,11,192,2992780,,24,,3,,
1351,FAIL,,3,full,32,8,32,6,midlate,0.0037983538071739765,0.10243800646488753,0.75,0.9,1,linear,0.004767897849219173,0.1,0.06,1.0,11,192,3180220,,24,,0,,oom
1352,PRUNED,4.764226653115978,3,full,8,2,32,4,midlate,0.014146737809258453,0.06553922308547236,0.75,0.9,1,linear,0.004413768288818573,0.15,0.06,1.0,11,192,2960708,,24,,2,,
1353,COMPLETE,4.191886067390442,3,full,24,4,32,3,late,0.006234662854182789,0.2906178932535263,0.8164965809277261,1.05,1,linear,0.005082463219538181,0.15,0.06,1.0,11,192,2993320,0.17775797843933105,24,351546.7342072617,3,4.493767261505127,
1354,PRUNED,4.54959206650735,3,full,32,4,32,3,late,0.013821724786704397,0.2897521507993744,1.0,1.05,1,head_scalar,0.00479370099193606,0.15,0.04,1.0,11,192,3004696,,24,,2,,
1355,COMPLETE,4.187725722789764,3,full,32,2,32,6,late,0.0045399768698011315,0.036625272567003694,1.25,1.05,1,learned,0.005256328925508604,0.15,0.06,1.0,11,192,3030424,0.1585281491279602,24,255460.52290500578,5,4.494194984436035,
1356,PRUNED,4.774969929931412,3,full,32,4,16,3,midlate,0.01956064585844392,0.10001469504967721,1.0,1.05,1,learned,0.005072659076553214,0.15,0.06,1.0,11,192,2980888,,24,,7,,
1357,COMPLETE,4.185292541980743,3,full,16,4,32,6,late,0.011241709077741838,0.2123157744326573,0.8164965809277261,1.0,1,linear,0.005381499137803765,0.05,0.06,1.0,11,192,3056068,0.19304364919662476,24,215844.78887599352,6,4.494485378265381,
1358,COMPLETE,4.207663893699646,3,full,32,2,24,4,late,0.006595466563945343,0.1739214400523799,0.8164965809277261,1.0,1,linear,0.0049752670587442024,0.1,0.06,1.0,11,192,2988948,0.14029109477996826,24,371304.7640118366,1,4.493716239929199,
1359,PRUNED,5.006614503295246,1,full,8,2,32,6,even,0.005167104030786271,0.07989377295364099,1.25,1.05,1,linear,0.0036988440670805015,0.15,0.06,1.0,16,64,2964492,,24,,4,,
1360,FAIL,,3,lean,32,8,32,6,late,0.003988155691528973,0.01973018872917772,0.75,0.9,1,linear,0.004287007046588426,0.15,0.06,1.0,10,192,3099992,,24,,7,,oom
1361,PRUNED,4.777069971856939,3,full,16,1,32,4,even,0.01179953302113749,0.010221834716481661,1.25,1.0,1,linear,0.004620277250861655,0.15,0.01,1.0,11,192,2956208,,24,,2,,
1362,PRUNED,4.743408002981623,3,lean,32,2,8,6,even,0.008330827503323415,0.15657358354413756,1.25,1.05,1,linear,0.004405182755142518,0.15,0.06,1.0,10,192,2913332,,24,,3,,
1363,PRUNED,4.696541279237574,3,full,24,4,8,6,late,0.004544909685424981,0.2179307452999381,1.0,0.9,1,linear,0.005330052093917425,0.15,0.06,1.0,11,192,2994484,,24,,2,,
1364,COMPLETE,4.218676865100861,3,full,24,4,32,6,late,0.010391499265713585,0.054903929177278786,0.8164965809277261,0.9,1,linear,0.0051064219326507725,0.0,0.04,1.0,11,192,3068212,0.17763984203338623,24,213566.96131244817,3,4.494626998901367,
1365,PRUNED,4.82167182191683,3,full,32,4,32,6,late,0.01274910361987484,0.08145875333144291,1.0,0.9,2,head_scalar,0.00437717265946385,0.15,0.02,1.0,11,192,3078820,,24,,4,,
1366,PRUNED,4.874939779996852,3,full,32,4,32,4,late,0.004038437792935263,0.14487493928744147,1.25,0.9,1,linear,0.0036533089259106473,0.15,0.06,1.0,11,192,3030428,,24,,1,,
1367,COMPLETE,4.235079348087311,3,full,24,1,32,4,midlate,0.015110359049708082,0.20380722174143334,0.8164965809277261,0.9,1,head_scalar,0.004937955471064958,0.15,0.06,1.0,11,192,2968096,0.08843374252319336,24,388726.5980846358,2,4.493491172790527,
1368,PRUNED,4.839325709313995,3,full,32,8,32,4,late,0.006641490561348459,0.05310295712273224,0.8164965809277261,1.0,1,linear,0.003781016560426961,0.1,0.06,1.0,11,192,3097004,,24,,5,,
1369,COMPLETE,4.1990920305252075,3,full,32,4,32,3,late,0.01255757371941289,0.2447758577387475,0.8164965809277261,1.0,1,linear,0.004887612738540227,0.1,0.06,1.0,11,192,3005464,0.17188239097595215,24,327729.53873814584,1,4.493893146514893,
1370,PRUNED,4.819294456298359,3,full,24,1,32,4,midlate,0.004769352202176759,0.08409238909854173,1.25,0.9,2,linear,0.005171919702066488,0.15,0.06,1.0,11,192,2968352,,24,,4,,
1371,PRUNED,4.830694818414813,3,full,32,8,8,4,midlate,0.008594719767129238,0.12079420537494914,0.75,0.9,1,linear,0.004111582699749818,0.1,0.06,1.0,11,192,2998700,,24,,2,,
1372,PRUNED,4.82028500214449,3,full,8,2,32,6,midlate,0.010549486667508667,0.15635964260343924,0.8164965809277261,0.9,1,linear,0.0043232741596859565,0.1,0.06,1.0,11,192,2993992,,24,,4,,
1373,PRUNED,4.777672899549568,3,full,32,4,16,6,late,0.006696245736403277,0.19735345153209713,0.8164965809277261,1.0,1,learned,0.004459077714727186,0.15,0.06,1.0,11,192,3031204,,24,,5,,
1374,PRUNED,4.6609557751306685,3,full,32,4,32,6,late,0.004922360074059528,0.07297880489472947,1.0,0.9,2,linear,0.00485726677271233,0.15,0.06,1.0,11,192,3080356,,24,,2,,
1375,PRUNED,4.775449288273807,3,full,16,1,32,4,midlate,0.004822739919391839,0.05032876780934625,1.0,1.0,1,linear,0.004293207808740371,0.15,0.06,1.0,11,192,2956208,,24,,6,,
1376,FAIL,,3,full,32,2,32,6,even,0.005650268466096034,0.06221710086291951,0.8164965809277261,1.05,2,linear,0.00458568000902715,0.15,0.06,1.0,11,192,3030424,,24,,0,,oom
1377,COMPLETE,4.208272218704224,3,lean,32,4,32,3,late,0.00874874362038098,0.1634027941529044,1.25,1.05,1,linear,0.004935027208308637,0.15,0.06,0.5,10,192,2925236,0.18195104598999023,24,285116.438241243,5,4.492984294891357,
1378,COMPLETE,4.212418913841248,3,full,32,4,32,4,late,0.007519539874410395,0.2662567965380578,0.8164965809277261,1.0,1,linear,0.005363996036596732,0.15,0.02,1.0,11,192,3030428,0.20380491018295288,24,254364.1190471637,6,4.494179725646973,
1379,PRUNED,4.91741767976294,1,full,32,8,32,6,late,0.004581119267250166,0.24855007641600216,1.0,0.9,1,linear,0.005092343920657438,0.15,0.06,1.0,16,64,3167280,,24,,4,,
1380,PRUNED,4.941454564217732,1,full,16,1,32,4,midlate,0.006151281295694867,0.19080474615024365,0.75,0.9,1,linear,0.00536202618843335,0.15,0.06,1.0,16,64,2932228,,24,,1,,
1381,PRUNED,4.814229422057629,3,full,24,2,32,2,late,0.0069270481582583985,0.04275217370280211,0.8164965809277261,1.0,1,one,0.00387443744906855,0.1,0.06,1.0,11,192,2951452,,24,,3,,
1382,COMPLETE,4.191672742366791,3,full,32,2,32,4,even,0.010004603329497324,0.15471738844561175,1.25,0.9,1,linear,0.0052730894713915255,0.15,0.06,1.0,11,192,2997140,0.1549108624458313,24,368409.7825336407,1,4.493807792663574,
1383,PRUNED,4.81891891196589,2,lean,24,4,32,6,late,0.010510484528320109,0.09906961527452826,0.8164965809277261,0.9,1,linear,0.004965308591350387,0.15,0.06,1.0,12,128,2992056,,24,,2,,
1384,FAIL,,3,full,8,8,32,6,late,0.012792493243429385,0.10900228837291728,0.8164965809277261,0.9,1,linear,0.005416875669269939,0.15,0.06,1.0,11,192,3143788,,24,,3,,oom
1385,PRUNED,4.848736382874632,2,full,32,2,32,2,even,0.011625958693981198,0.04116832218443442,1.0,1.05,1,linear,0.005270430812245303,0.15,0.06,1.0,13,128,2956092,,24,,7,,
1386,PRUNED,4.875345575492131,3,full,32,2,32,6,late,0.008225527391740576,0.1147671614778509,1.0,0.9,1,linear,0.0034471034294665604,0.15,0.06,0.5,11,192,3030424,,24,,5,,
1387,PRUNED,4.94243708281177,1,full,32,4,24,3,late,0.011407294231361467,0.07534183160925009,1.0,1.05,1,learned,0.004449350959131528,0.15,0.06,1.0,16,64,2980236,,24,,7,,
1388,COMPLETE,4.208345353603363,3,full,16,8,32,3,midlate,0.005259713929775233,0.1798457023433566,0.75,0.9,1,linear,0.005045906732450093,0.1,0.06,1.0,11,192,3031108,0.14800167083740234,24,238035.00721696325,4,4.494183540344238,
1389,PRUNED,4.818538187690859,3,lean,32,2,32,6,even,0.00391361088057462,0.03522757872978886,1.25,1.05,1,head_scalar,0.004167669427450494,0.05,0.06,1.0,10,192,2949428,,24,,2,,
1390,PRUNED,4.768614502481828,3,lean,16,4,32,3,late,0.01812771010882239,0.0973875475741755,1.0,1.05,1,linear,0.004313877463404861,0.15,0.06,1.0,10,192,2903156,,24,,6,,
1391,PRUNED,4.860216331563714,3,full,24,4,8,4,midlate,0.005547908366361904,0.058814158708435024,1.25,0.9,1,head_scalar,0.0038117978634498013,0.0,0.06,1.0,11,192,2968108,,24,,1,,
1392,COMPLETE,4.219709396362305,3,full,24,4,32,3,midlate,0.009301619305047342,0.018760619775856743,1.25,0.9,1,linear,0.005260716707282023,0.05,0.06,1.0,11,192,2993320,0.14191877841949463,24,292452.34308087325,5,4.493767261505127,
1393,PRUNED,4.992279175150003,1,full,32,8,32,6,late,0.010703312126957847,0.14132224645546348,1.25,1.05,1,linear,0.003206332394980419,0.0,0.06,1.0,16,64,3167280,,24,,1,,
1394,FAIL,,3,full,32,8,32,6,midlate,0.009238716836852293,0.12589792162389532,1.25,0.9,1,linear,0.005072650441659906,0.1,0.06,1.0,11,192,3180220,,24,,6,,oom
1395,PRUNED,4.908212015765196,3,full,32,8,32,6,late,0.009173544546141619,0.21704727105492846,1.0,0.9,1,linear,0.003469461126176777,0.1,0.06,1.0,11,192,3180220,,24,,2,,
1396,PRUNED,4.839321681392946,3,full,32,2,8,6,even,0.011889835811045444,0.24761634530017676,1.25,1.05,1,linear,0.003947322841124244,0.15,0.01,1.0,11,192,2993560,,24,,7,,
1397,PRUNED,4.767688853811532,3,full,24,2,24,2,late,0.026184272017456114,0.09643493419053854,1.25,1.05,1,linear,0.005100366223427519,0.15,0.06,1.0,11,192,2947616,,24,,7,,
1398,PRUNED,4.767075762323023,3,full,32,2,32,6,late,0.012112780838344028,0.04958359787135174,1.25,1.05,1,linear,0.004177180748025223,0.05,0.06,0.5,11,192,3030424,,24,,7,,
1399,PRUNED,4.813168432634696,3,full,32,2,24,6,late,0.004702609852210731,0.017816982336577365,1.25,0.9,1,linear,0.004849354615706605,0.15,0.06,1.0,11,192,3018136,,24,,0,,
1400,PRUNED,4.836965525849426,3,full,32,4,32,6,late,0.004486498521367911,0.20396882583814258,1.0,0.9,1,linear,0.00374702104316259,0.05,0.06,1.0,11,192,3080356,,24,,5,,
1401,PRUNED,4.820988621432534,3,full,24,2,32,6,late,0.02229517517559596,0.15697280654011225,0.75,1.05,2,linear,0.005157855502326923,0.15,0.02,1.0,11,192,3018280,,24,,1,,
1402,COMPLETE,4.218956291675568,3,lean,8,2,24,6,late,0.0048974684341136785,0.13898379388871357,0.75,0.9,1,linear,0.005349996901886448,0.05,0.06,1.0,10,192,2904788,0.18034231662750244,24,362311.0514112682,7,4.492791175842285,
1403,PRUNED,4.624926361906188,3,full,16,1,32,2,late,0.006361483834119744,0.020136994287862503,1.0,1.0,1,one,0.005225599051349117,0.15,0.06,1.0,11,192,2931116,,24,,0,,
1404,COMPLETE,4.210063636302948,3,full,16,2,32,6,late,0.013818684156870225,0.11280506758398892,1.25,1.05,1,linear,0.004906158506659589,0.1,0.06,1.0,11,192,3006136,0.1785038709640503,24,297637.2341124666,2,4.493927478790283,
1405,COMPLETE,4.192084848880768,3,full,16,1,32,4,midlate,0.006837873252020956,0.24155927643688085,0.75,1.05,1,linear,0.005204335094692597,0.15,0.06,1.0,11,192,2956208,0.1856757402420044,24,381398.7691914917,4,4.493357181549072,
1406,COMPLETE,4.193158268928528,2,full,32,4,32,6,late,0.006192563861417158,0.09315062315989094,1.25,1.05,1,linear,0.005448455895512543,0.15,0.06,1.0,13,128,3072592,0.18367940187454224,24,214910.2190587286,0,4.494692325592041,
1407,PRUNED,4.566573016636561,3,full,32,2,24,4,late,0.01190554569754385,0.16258590088200747,1.25,1.05,2,linear,0.0049308529664234615,0.15,0.06,1.0,11,192,2988948,,24,,1,,
1408,PRUNED,4.59653405854679,3,full,32,2,32,6,even,0.005937736187485154,0.02390806556567425,0.8164965809277261,1.0,1,head_scalar,0.004575671309114964,0.1,0.06,1.0,11,192,3029656,,24,,5,,
1409,PRUNED,4.862495778321162,3,full,16,1,32,6,midlate,0.003147049454786648,0.09630859295904583,0.75,0.9,1,head_scalar,0.0040457964064349655,0.15,0.06,1.0,11,192,2980786,,24,,3,,
1410,PRUNED,4.842160014007387,2,full,16,2,32,6,late,0.008158047630982754,0.13808337816339514,1.25,1.05,1,linear,0.005032325109107884,0.15,0.06,1.0,13,128,2993956,,24,,1,,
1411,PRUNED,4.846179981796898,3,full,32,4,24,6,late,0.018386514906074507,0.15061355798744275,0.8164965809277261,1.0,1,linear,0.003929869335100978,0.1,0.04,1.0,11,192,3055780,,24,,4,,
1412,COMPLETE,4.176839053630829,3,lean,32,2,32,6,late,0.0065299779262567486,0.02423810436425806,1.0,0.9,1,linear,0.005410650591465071,0.15,0.06,1.0,10,192,2950196,0.1933557391166687,24,312778.532888194,7,4.4932861328125,
1413,PRUNED,4.8121811857986945,3,full,32,1,32,4,midlate,0.012669581498169935,0.14345246902239975,1.0,0.9,1,linear,0.005179107988829233,0.1,0.04,1.0,11,192,2980496,,24,,5,,
1414,PRUNED,4.866629299392742,3,full,24,2,32,2,late,0.01474143517216542,0.06891565465544168,1.25,1.0,1,linear,0.003333581369005544,0.15,0.06,1.0,11,192,2951712,,24,,1,,
1415,FAIL,,3,lean,32,8,32,3,midlate,0.008170527728845484,0.09637778624083201,0.75,0.9,1,linear,0.004342952347530506,0.1,0.04,1.0,10,192,2975168,,24,,3,,oom
1416,PRUNED,4.874185365316882,3,full,16,8,32,4,late,0.02301894361496698,0.008554358304063132,0.75,0.9,2,linear,0.003806196714411911,0.15,0.06,1.0,11,192,3072716,,24,,4,,
1417,COMPLETE,4.190186440944672,3,lean,8,4,32,6,late,0.006390280581121609,0.08947946616473058,0.75,0.9,1,linear,0.005272442023702991,0.15,0.06,1.0,10,192,2967008,0.20606011152267456,24,215784.35447685816,2,4.493486404418945,
1418,COMPLETE,4.229189455509186,3,full,16,1,24,4,midlate,0.01044571479071979,0.20627515800941074,0.8164965809277261,0.9,1,linear,0.00505032210134805,0.15,0.06,1.0,11,192,2952112,0.13323253393173218,24,372937.6301709853,5,4.493311405181885,
1419,PRUNED,4.863921259271254,2,full,32,2,24,6,even,0.008560275612558448,0.04205220036643536,1.25,1.05,1,linear,0.003656626174569585,0.15,0.06,1.0,13,128,3010372,,24,,1,,
1420,PRUNED,4.81838108748362,3,lean,32,2,32,6,late,0.01569920638067894,0.18864105041169005,1.25,1.0,1,linear,0.0040762797551818705,0.15,0.06,1.0,10,192,2950196,,24,,6,,
1421,PRUNED,4.803724031078266,3,full,32,2,32,6,even,0.005324064990850151,0.04817902105746106,1.25,1.05,1,linear,0.004346166117588501,0.0,0.01,1.0,11,192,3030424,,24,,1,,
1422,PRUNED,4.868345674234981,2,full,32,4,32,6,late,0.016065864584250637,0.11540930480775984,0.75,1.0,1,linear,0.0039474192717880024,0.1,0.06,1.0,13,128,3072592,,24,,5,,
1423,PRUNED,4.841044615061413,3,full,32,8,32,2,even,0.005567211798077946,0.16003513225773547,0.75,0.9,1,one,0.004475634629503224,0.1,0.06,1.0,11,192,3012748,,24,,7,,
1424,COMPLETE,4.214546740055084,3,lean,32,2,32,6,late,0.008021019854284186,0.06071515374911438,1.0,0.9,1,linear,0.00470824858578478,0.15,0.06,1.0,10,192,2950196,0.18456357717514038,24,295170.48417004506,0,4.4932861328125,
1425,PRUNED,4.843923448944189,3,full,16,1,16,4,even,0.006807657399596924,0.03486975759798127,1.0,1.0,1,linear,0.0033732472730612236,0.15,0.02,1.0,11,192,2948016,,24,,4,,
1426,PRUNED,4.852876657276013,2,full,32,2,32,2,late,0.010227598121134353,0.18356066726463302,1.25,1.05,1,linear,0.003804349177768596,0.15,0.06,1.0,13,128,2956092,,24,,1,,
1427,PRUNED,4.565634238060767,3,full,32,2,32,6,late,0.006273354748826576,0.06273126571023893,0.8164965809277261,1.0,2,one,0.0050808048918467895,0.1,0.06,1.0,11,192,3029644,,24,,4,,
1428,COMPLETE,4.196514248847961,3,lean,32,4,32,6,late,0.007058041907337589,0.011115193577087635,1.0,0.9,1,learned,0.005224450781080464,0.15,0.06,1.0,10,192,3000128,0.1903778314590454,24,199450.12471338984,7,4.493844032287598,
1429,PRUNED,4.872987879224095,3,full,32,4,32,6,midlate,0.008463105042472573,0.12186684649301151,0.8164965809277261,1.0,1,linear,0.00358868482572265,0.15,0.01,0.5,11,192,3080356,,24,,1,,
1430,PRUNED,4.8661687558488484,3,full,24,4,32,3,midlate,0.006151687798301592,0.24616147456601234,0.8164965809277261,0.9,2,head_scalar,0.004079892531514545,0.15,0.06,1.0,11,192,2992552,,24,,6,,
1431,COMPLETE,4.228084564208984,3,full,16,8,32,2,late,0.0159030079007177,0.026230494869679388,0.75,1.0,1,linear,0.004851795218424354,0.15,0.06,1.0,11,192,2989500,0.15218770503997803,24,315505.0747455517,5,4.493710994720459,
1432,COMPLETE,4.2107250690460205,3,lean,32,2,32,6,late,0.003918298900486269,0.005044125962583798,1.0,0.9,1,linear,0.005497333522733572,0.15,0.02,1.0,10,192,2950196,0.17996340990066528,24,291604.33139268437,6,4.4932861328125,
1433,COMPLETE,4.180647075176239,3,full,24,4,32,4,midlate,0.0039078823470763465,0.008417502719448374,1.0,1.05,1,linear,0.005277165602082764,0.15,0.06,1.0,11,192,3018284,0.17861396074295044,24,283157.04128855566,4,4.494053840637207,
1434,COMPLETE,4.207607388496399,3,full,24,2,32,3,late,0.010795124580042453,0.20602714262059277,1.25,0.9,1,linear,0.004843236705422591,0.15,0.06,1.0,11,192,2968354,0.1626775860786438,24,416155.47855014657,2,4.493488311767578,
1435,COMPLETE,4.237274348735809,3,lean,32,4,32,3,late,0.014218173983844383,0.131247999615849,1.0,1.05,1,head_scalar,0.005468045100397147,0.1,0.06,1.0,10,192,2924468,0.07362020015716553,24,355304.060293228,1,4.492974281311035,
1436,PRUNED,4.851617868820356,2,full,24,2,32,6,late,0.018257468578724706,0.24803424369715538,1.25,1.0,1,linear,0.004614149031794705,0.15,0.06,1.0,13,128,3008308,,24,,0,,
1437,PRUNED,4.885419501985811,1,lean,32,1,32,6,late,0.008222474339683525,0.028287239035412,1.0,0.9,1,linear,0.005479916068902969,0.15,0.06,1.0,15,64,2938170,,24,,0,,
1438,FAIL,,3,lean,32,8,32,6,late,0.019723836905060316,0.0956029795092957,1.0,1.05,1,linear,0.004865009875314185,0.15,0.06,1.0,10,192,3099992,,24,,2,,oom
1439,PRUNED,4.793196620773015,3,full,24,2,32,3,late,0.01931410075391357,0.2758134376022024,1.25,1.0,1,linear,0.004238287697132546,0.0,0.06,1.0,11,192,2968354,,24,,5,,
1440,PRUNED,4.894051947250624,3,full,32,2,32,6,late,0.0076362913970800615,0.14487254317848214,1.25,1.05,2,linear,0.0033997406275663913,0.15,0.01,1.0,11,192,3030424,,24,,3,,
1441,PRUNED,4.834154788861323,3,full,32,2,32,6,late,0.005633420026830405,0.18293716442592742,0.8164965809277261,1.05,1,one,0.0035554768743145896,0.1,0.06,1.0,11,192,3029644,,24,,0,,
1442,PRUNED,4.787128957113541,3,full,24,4,8,6,midlate,0.012913659836955235,0.23822115243722072,0.8164965809277261,0.9,1,head_scalar,0.004347694879650301,0.15,0.06,1.0,11,192,2992948,,24,,5,,
1443,COMPLETE,4.17033314704895,3,full,32,4,32,3,midlate,0.006638621581949763,0.2965088879583216,0.75,0.9,1,linear,0.005491549596008794,0.1,0.06,1.0,11,192,3005464,0.17530453205108643,24,324653.8325506685,6,4.493893146514893,
1444,PRUNED,4.8179967868953,3,full,16,2,24,6,midlate,0.00664100676786102,0.11623260136977956,0.75,0.9,1,learned,0.004868023413885879,0.15,0.06,1.0,11,192,2993848,,24,,7,,
1445,PRUNED,4.692481287323445,3,full,32,2,32,6,late,0.006497443406325998,0.14297888502542974,1.25,1.05,2,linear,0.0051181858975991425,0.1,0.06,1.0,11,192,3030424,,24,,1,,
1446,COMPLETE,4.2088810205459595,3,full,32,2,32,6,even,0.00796083156906752,0.052217909996582684,0.8164965809277261,1.05,1,linear,0.004751560208220952,0.15,0.04,1.0,11,192,3030424,0.15208220481872559,24,309586.7043211221,4,4.494194984436035,
1447,COMPLETE,4.199942767620087,3,full,8,4,32,3,midlate,0.009256281244037864,0.18351361093482813,0.8164965809277261,1.05,1,linear,0.004962119956558911,0.15,0.06,1.0,11,192,2969032,0.17795789241790771,24,301941.5301768076,3,4.493499755859375,
1448,PRUNED,4.816323119047363,3,full,24,8,32,3,late,0.004113610636501815,0.09190517008303356,0.8164965809277261,0.9,1,linear,0.004684473728624386,0.15,0.06,1.0,11,192,3043252,,24,,5,,
1449,COMPLETE,4.234173774719238,3,full,24,4,32,4,late,0.008085709148435923,0.07488880563001449,0.8164965809277261,0.9,1,one,0.005219461208483211,0.15,0.06,1.0,11,192,3017244,0.0799788236618042,24,272378.3813313163,0,4.494032859802246,
1450,PRUNED,4.8255937899277805,3,full,16,8,32,4,late,0.01428644998952011,0.02598525400614156,0.75,1.05,1,linear,0.004056179002914291,0.0,0.06,1.0,11,192,3072716,,24,,7,,
1451,PRUNED,4.834906168637348,3,full,32,4,32,3,late,0.018431427048720812,0.03647075414888515,1.25,1.05,1,linear,0.0038656435674798823,0.15,0.02,1.0,11,192,3005464,,24,,1,,
1452,PRUNED,4.77207000908781,3,full,16,1,16,4,late,0.005225124529699956,0.04971541641195643,1.0,1.0,2,linear,0.005023040368961809,0.15,0.06,1.0,11,192,2948016,,24,,5,,
1453,COMPLETE,4.220306098461151,3,full,32,4,32,3,midlate,0.0033060856466626608,0.09338636681208137,0.75,0.9,1,linear,0.004707882964640289,0.1,0.06,1.0,11,192,3005464,0.14689576625823975,24,338678.640885539,6,4.493893146514893,
1454,COMPLETE,4.190126538276672,3,lean,24,4,24,6,late,0.014710632194446472,0.07556506213385053,0.8164965809277261,1.0,1,linear,0.005414705968709352,0.15,0.06,1.0,10,192,2964512,0.16835874319076538,24,267636.3801929915,1,4.493454933166504,
1455,PRUNED,4.732030215042444,3,full,32,2,16,2,late,0.020981735625401614,0.07002283582102073,0.8164965809277261,1.05,1,linear,0.004929769413689199,0.1,0.04,1.0,11,192,2955664,,24,,5,,
1456,PRUNED,4.868466262995132,3,full,8,4,32,3,midlate,0.008565827279236743,0.1503192496725946,0.75,0.9,1,linear,0.0039861668737649,0.1,0.06,0.5,11,192,2969032,,24,,3,,
1457,COMPLETE,4.207047343254089,3,full,32,2,32,6,late,0.008807908601357538,0.02920971044219803,0.8164965809277261,1.0,1,linear,0.005363667095145946,0.0,0.06,1.0,11,192,3030424,0.15140515565872192,24,261470.8994193085,7,4.494194984436035,
1458,PRUNED,4.808772605145699,3,full,32,2,8,6,late,0.017491801054694656,0.20824524301679492,0.8164965809277261,1.05,1,head_scalar,0.004900863879966987,0.1,0.06,1.0,11,192,2992792,,24,,5,,
1459,PRUNED,4.814374625447968,3,full,16,4,32,3,late,0.013797199835627784,0.18765918796666822,0.75,1.05,1,linear,0.004461714963272347,0.15,0.06,1.0,11,192,2981176,,24,,4,,
1460,PRUNED,4.449542786612581,3,full,24,4,32,4,midlate,0.00523232642973161,0.10803198598189179,1.25,0.9,2,linear,0.005397172617219352,0.15,0.06,0.5,11,192,3018284,,24,,5,,
1461,PRUNED,4.663263365196083,3,lean,32,2,32,2,late,0.0045777665992022465,0.024366211968300282,1.0,0.9,1,head_scalar,0.005256728628561469,0.15,0.06,1.0,10,192,2883372,,24,,0,,
1462,COMPLETE,4.216660499572754,3,full,32,8,24,3,midlate,0.006253331731454265,0.23001002040576968,0.75,0.9,1,linear,0.005031586574481633,0.1,0.06,1.0,11,192,3030820,0.12085062265396118,24,304388.1335679947,3,4.494176387786865,
1463,PRUNED,4.9054683387153535,1,full,32,8,32,3,even,0.007499171570852637,0.1289031607724266,0.75,0.9,1,linear,0.004905885801179563,0.1,0.06,1.0,16,64,3042456,,24,,4,,
1464,PRUNED,4.838474345205356,3,full,8,4,32,2,late,0.010112856126285713,0.09368826233074028,0.8164965809277261,1.0,1,linear,0.0043989709105099195,0.15,0.06,1.0,11,192,2944068,,24,,0,,
1465,PRUNED,4.522984375269834,2,lean,32,2,32,6,late,0.0082620384970296,0.011658538929634558,1.0,0.9,1,head_scalar,0.005404339926422624,0.15,0.06,1.0,12,128,2954604,,24,,6,,
1466,PRUNED,4.778274119430946,3,full,32,4,8,6,late,0.01716063681645087,0.1421416506381781,0.75,1.0,1,linear,0.004780026844025626,0.15,0.06,1.0,11,192,3006628,,24,,0,,
1467,PRUNED,4.691870869563269,3,full,24,4,8,3,midlate,0.014246622745268445,0.23196568326719602,0.75,0.9,1,linear,0.005262977977590967,0.1,0.06,1.0,11,192,2956456,,24,,2,,
1468,PRUNED,4.847451755601645,3,full,8,2,32,6,midlate,0.0037935856227367276,0.04610119998916825,0.75,0.9,1,linear,0.005250708002258788,0.15,0.04,1.0,11,192,2993992,,24,,1,,
1469,COMPLETE,4.213592827320099,3,full,32,4,32,2,midlate,0.022141347451437296,0.16120503961212948,0.75,0.9,1,linear,0.004998753851068772,0.1,0.06,1.0,11,192,2980500,0.14870989322662354,24,414321.3470932371,7,4.4936065673828125,
1470,COMPLETE,4.217322111129761,3,full,24,8,32,2,midlate,0.004299654234377878,0.19143562349007084,1.25,0.9,1,linear,0.0050695582183361175,0.15,0.06,1.0,11,192,3001644,0.1618472933769226,24,320734.3687602097,4,4.493852615356445,
1471,PRUNED,4.878385580849421,3,lean,32,4,16,6,late,0.004443688133373616,0.013558201451146779,1.0,0.9,1,linear,0.003866213435917288,0.15,0.06,1.0,10,192,2950976,,24,,5,,
1472,PRUNED,4.705958135769132,3,full,24,4,8,4,midlate,0.009425180508823724,0.10851109984698896,1.25,1.05,1,linear,0.0052232700231528316,0.15,0.02,1.0,11,192,2969132,,24,,0,,
1473,PRUNED,4.972780560336616,1,full,24,4,32,3,even,0.009585395179642606,0.2582641668774581,0.8164965809277261,0.9,1,linear,0.0037208541773777176,0.15,0.06,1.0,16,64,2974860,,24,,6,,
1474,COMPLETE,4.214497089385986,3,full,32,2,32,6,even,0.017746142275535618,0.061557486384997626,1.25,1.05,1,learned,0.005083876705938811,0.05,0.06,1.0,11,192,3030424,0.13426846265792847,24,306056.2669313157,0,4.494194984436035,
1475,COMPLETE,4.1894810795784,3,full,32,4,32,3,late,0.02111626180968451,0.03480878357860287,1.0,1.05,1,linear,0.0051883209833883314,0.1,0.06,0.5,11,192,3005464,0.146886944770813,24,344575.1155704311,5,4.493893146514893,
1476,FAIL,,2,full,32,8,32,6,late,0.008830977094289389,0.1378983612331627,0.8164965809277261,1.0,1,linear,0.004735471244662146,0.1,0.06,1.0,13,128,3172456,,24,,2,,oom
1477,COMPLETE,4.21755063533783,3,full,32,2,32,2,late,0.00606220121964286,0.03962942741635905,1.25,1.05,1,linear,0.005031385256393878,0.15,0.04,1.0,11,192,2963856,0.15406817197799683,24,453667.77034764737,1,4.493420600891113,
1478,PRUNED,4.845842584409033,3,full,16,4,32,6,late,0.02165996931506182,0.08392927489561443,0.8164965809277261,1.05,1,linear,0.0038974298297188193,0.1,0.04,1.0,11,192,3056068,,24,,3,,
1479,COMPLETE,4.240048706531525,3,full,32,2,16,3,late,0.006149432863504911,0.10690286122990218,1.25,1.05,1,linear,0.0048623659524539824,0.15,0.06,1.0,11,192,2968210,0.06628334522247314,24,449030.9804723617,6,4.493476867675781,
1480,PRUNED,5.023103010830036,3,full,24,2,32,6,late,0.022924259805950774,0.21773626887365016,1.25,1.0,1,linear,0.0026745882680837465,0.15,0.06,0.5,11,192,3018280,,24,,7,,
1481,COMPLETE,4.206007540225983,3,full,32,2,32,6,late,0.016442838253712386,0.11209518302203313,1.25,0.9,1,linear,0.004677549610533823,0.0,0.06,1.0,11,192,3030424,0.16413664817810059,24,305593.5189963483,1,4.494194984436035,
1482,COMPLETE,4.213970839977264,3,full,32,4,32,3,midlate,0.007677160574828807,0.2701635538036693,0.75,0.9,1,linear,0.005128322686365117,0.1,0.01,1.0,11,192,3005464,0.16853201389312744,24,367565.07714361104,3,4.493893146514893,
1483,PRUNED,4.545135294479508,3,full,16,1,32,6,late,0.013492167149885537,0.025926196019873875,1.0,1.0,2,linear,0.00546812084457136,0.15,0.06,1.0,11,192,2981170,,24,,6,,
1484,COMPLETE,4.203412234783173,3,full,16,1,32,6,midlate,0.007281483805801685,0.009935331202357789,0.75,0.9,1,linear,0.004932465491188255,0.15,0.06,1.0,11,192,2981170,0.16345036029815674,24,336315.86494081066,4,4.493652820587158,
1485,PRUNED,4.846959518888887,3,full,32,2,24,6,late,0.01677959037928643,0.1861675328029929,1.25,1.05,1,learned,0.00421495097592383,0.15,0.01,1.0,11,192,3018136,,24,,7,,
1486,PRUNED,4.520789087161944,3,full,32,8,32,4,midlate,0.008630750177977443,0.15184003836655985,0.75,0.9,1,one,0.004963568097909729,0.1,0.06,1.0,11,192,3094924,,24,,5,,
1487,COMPLETE,4.214863061904907,3,full,32,8,32,3,midlate,0.006458364755591202,0.17497726606021,0.75,1.0,1,linear,0.004685290386546891,0.1,0.06,1.0,11,192,3055396,0.16892623901367188,24,237628.38953325193,0,4.49445104598999,
1488,COMPLETE,4.216372191905975,3,full,16,1,32,4,late,0.00871302461046764,0.015883887241328748,1.0,1.0,1,linear,0.005425115720248263,0.1,0.01,1.0,11,192,2956208,0.15761160850524902,24,412056.44074544887,7,4.493357181549072,
1489,PRUNED,4.801602047207316,3,full,16,4,8,6,late,0.01924972050543532,0.18801006459877417,0.8164965809277261,0.9,1,linear,0.004628077851951727,0.15,0.01,1.0,11,192,2982340,,24,,6,,
1490,COMPLETE,4.228724777698517,3,full,32,2,32,3,midlate,0.0066346748419985856,0.2746626801191878,0.75,0.9,1,one,0.005328724992421583,0.1,0.06,1.0,11,192,2980108,0.09090691804885864,24,396952.0378855635,6,4.493602752685547,
1491,COMPLETE,4.176212966442108,3,full,32,2,32,4,late,0.00993705979025482,0.08207817252002246,0.8164965809277261,1.0,1,linear,0.0054287934287503125,0.1,0.06,0.5,11,192,2997140,0.17991560697555542,24,372361.7047706949,4,4.493807792663574,
1492,COMPLETE,4.20863801240921,3,lean,24,2,32,3,late,0.006409560627839852,0.020770358166652875,1.0,0.9,1,linear,0.005344175915858339,0.15,0.06,1.0,10,192,2889230,0.16782236099243164,24,425366.6849433779,3,4.49259090423584,
1493,PRUNED,4.7282338953261975,3,lean,32,2,32,4,late,0.004825937601043486,0.012751435519518992,1.0,0.9,2,linear,0.005154973755378832,0.15,0.06,1.0,10,192,2916912,,24,,1,,
1494,COMPLETE,4.213158965110779,3,full,32,4,32,3,midlate,0.006167075016505837,0.2986491658186521,0.75,0.9,1,head_scalar,0.005394362769919272,0.1,0.06,1.0,11,192,3004696,0.11497348546981812,24,345811.1514008847,7,4.49388313293457,
1495,PRUNED,4.782613437218399,3,full,32,2,32,4,even,0.006991869087912053,0.036886499598293536,1.25,1.05,1,linear,0.004848848244399985,0.15,0.02,1.0,11,192,2997140,,24,,1,,
1496,PRUNED,4.829746259376787,3,full,24,4,16,3,late,0.020418606036994753,0.17866368266546906,1.0,1.05,1,linear,0.00368164844773129,0.05,0.06,1.0,11,192,2968744,,24,,5,,
1497,PRUNED,4.520392362026627,3,full,32,4,32,6,late,0.01253776549397156,0.22723694986927376,0.75,1.0,1,one,0.004967081658322665,0.15,0.06,1.0,11,192,3078796,,24,,6,,
1498,PRUNED,4.822851273284581,3,full,16,2,32,6,midlate,0.010863703677998536,0.038561230330034765,0.75,0.9,1,linear,0.004422754187576886,0.15,0.06,1.0,11,192,3006136,,24,,3,,
1499,PRUNED,4.776867521112415,3,full,24,2,32,4,midlate,0.004247698762198358,0.10427353993575363,1.25,0.9,1,head_scalar,0.004856665224453702,0.15,0.06,1.0,11,192,2984484,,24,,1,,
1500,PRUNED,4.853689391266384,3,full,8,2,32,6,late,0.021366532957453027,0.13314073638403656,1.25,1.05,1,linear,0.0050583124418281744,0.15,0.01,1.0,11,192,2993992,,24,,5,,
1501,PRUNED,4.593053830533705,3,full,32,4,32,6,late,0.015785260658046314,0.10289456712684639,0.8164965809277261,1.0,2,linear,0.005046793583217433,0.0,0.06,0.5,11,192,3080356,,24,,4,,
1502,PRUNED,4.770090261505562,3,full,32,2,32,4,late,0.008306865676969005,0.2481781734378578,0.8164965809277261,1.0,1,linear,0.004274327779650851,0.1,0.06,0.5,11,192,2997140,,24,,2,,
1503,PRUNED,4.8271160334553205,3,full,16,4,32,3,midlate,0.0061672838694677,0.24781338420993917,0.75,0.9,1,linear,0.004747043773011757,0.1,0.02,1.0,11,192,2981176,,24,,0,,
1504,COMPLETE,4.229608476161957,3,full,24,2,16,6,midlate,0.01481603741688744,0.055349544430838685,1.25,1.05,1,linear,0.005123565588413799,0.15,0.06,1.0,11,192,2993704,0.10024267435073853,24,363773.79402051977,1,4.4937944412231445,
1505,PRUNED,4.803261545798355,3,full,24,2,32,4,late,0.017753043107967097,0.14847024431457667,1.25,1.05,1,one,0.004411881779937269,0.15,0.06,1.0,11,192,2984476,,24,,3,,
1506,PRUNED,4.814163015516883,3,full,32,2,8,4,late,0.007861670015304401,0.02699709506928243,0.8164965809277261,1.0,1,linear,0.004723519572967286,0.1,0.02,0.5,11,192,2972564,,24,,2,,
1507,COMPLETE,4.234344959259033,3,full,24,8,24,4,even,0.019191318471410278,0.02600923087196127,0.75,0.9,1,one,0.005404394154548485,0.15,0.06,1.0,11,192,3050012,0.0598638653755188,24,267907.31579672365,7,4.494399070739746,
1508,PRUNED,4.521383938983254,3,full,24,8,32,3,midlate,0.009812690663661684,0.19245599176895026,1.0,0.9,1,head_scalar,0.005205870455158297,0.1,0.06,1.0,11,192,3041716,,24,,5,,
1509,PRUNED,4.656469034261281,3,full,24,2,8,2,late,0.008844238283324922,0.04688736345052101,0.8164965809277261,1.0,1,linear,0.005280541175157306,0.1,0.06,0.5,11,192,2939424,,24,,2,,
1510,COMPLETE,4.172199904918671,3,full,32,2,32,6,midlate,0.012195087783544598,0.09709558414182394,0.75,0.9,1,linear,0.005479165091366629,0.1,0.06,1.0,11,192,3030424,0.1839333176612854,24,301883.83066788793,0,4.494194984436035,
1511,COMPLETE,4.209488928318024,3,full,32,4,32,3,midlate,0.01047839640332342,0.2573843556649839,0.75,0.9,1,linear,0.004500610506793309,0.15,0.06,1.0,11,192,3005464,0.17229551076889038,24,324389.21685275866,3,4.493893146514893,
1512,COMPLETE,4.230271697044373,3,full,16,1,32,3,midlate,0.012928449555347358,0.2280622819525715,1.0,0.9,1,linear,0.005466095648838063,0.15,0.01,1.0,11,192,2943727,0.1629377007484436,24,414496.6985536939,2,4.493209362030029,
1513,PRUNED,4.821728320803232,3,full,32,8,32,6,late,0.012400829942313323,0.1283869275986607,0.8164965809277261,1.0,1,linear,0.003968460695090876,0.15,0.06,0.5,11,192,3180220,,24,,6,,
1514,PRUNED,4.419461177609562,3,lean,32,2,16,2,late,0.005972090554545674,0.027916796772789354,1.0,0.9,1,linear,0.0053345759214064115,0.15,0.06,1.0,10,192,2875436,,24,,1,,
1515,COMPLETE,4.1746527552604675,3,full,24,2,32,6,late,0.019505302603319053,0.22927640222313814,1.25,1.0,1,linear,0.005160829716189664,0.15,0.06,1.0,11,192,3018280,0.19380581378936768,24,290138.6179720963,4,4.4940690994262695,
1516,PRUNED,4.596551123397202,3,full,24,4,16,3,late,0.015927733618430057,0.23135511222013463,1.0,1.05,1,one,0.005114654025360683,0.15,0.06,1.0,11,192,2967964,,24,,1,,
1517,COMPLETE,4.200459897518158,3,full,32,4,32,3,midlate,0.009068529563305023,0.19421421042309833,1.25,0.9,1,linear,0.005259868294505959,0.1,0.06,1.0,11,192,3005464,0.17899829149246216,24,331549.42997701844,2,4.493893146514893,
1518,PRUNED,4.3708672456420095,3,full,32,4,24,3,midlate,0.009816654131082684,0.184656549316359,0.75,0.9,1,linear,0.004784399593329318,0.05,0.06,1.0,11,192,2993176,,24,,5,,
1519,PRUNED,4.87687559223059,3,full,32,8,32,6,late,0.006364143274431176,0.08091084403457716,0.75,1.0,1,head_scalar,0.0035807236923039217,0.1,0.06,1.0,11,192,3177148,,24,,1,,
1520,COMPLETE,4.207094788551331,3,full,24,4,32,2,late,0.013680424677995521,0.06234886140422145,0.8164965809277261,0.9,1,linear,0.005232691341581527,0.1,0.06,1.0,11,192,2968356,0.1459084153175354,24,424914.2945051955,3,4.493480682373047,
1521,COMPLETE,4.171216309070587,3,full,32,2,32,6,midlate,0.013391022649517439,0.10251950842894421,0.75,0.9,1,linear,0.005379029602720128,0.1,0.06,1.0,11,192,3030424,0.17371922731399536,24,282331.84406990424,0,4.494194984436035,
1522,COMPLETE,4.231451869010925,3,full,16,8,32,4,late,0.006073247335150625,0.017210898296802803,1.0,1.0,1,linear,0.004691692049363183,0.15,0.02,1.0,11,192,3072716,0.16541039943695068,24,192809.550213307,7,4.494656085968018,
1523,PRUNED,4.542188173089377,3,full,32,4,32,6,midlate,0.009241884600998044,0.22083272937187237,1.0,0.9,1,one,0.005068616439274841,0.1,0.06,1.0,11,192,3078796,,24,,6,,
1524,COMPLETE,4.1747554540634155,3,full,16,8,32,4,late,0.025470981276612743,0.01553344188131465,0.75,0.9,1,linear,0.005295993586032334,0.15,0.06,1.0,11,192,3072716,0.1783326268196106,24,186358.32416163653,5,4.494656085968018,
1525,PRUNED,4.8066733329816795,2,full,32,4,32,3,midlate,0.009982764270313636,0.16517482951143236,0.75,1.05,1,one,0.004418567067152158,0.1,0.06,1.0,13,128,2996920,,24,,4,,
1526,COMPLETE,4.206787467002869,3,full,16,2,24,6,late,0.021038074274594993,0.12604874570801813,0.8164965809277261,1.05,1,linear,0.005112961057294216,0.1,0.06,1.0,11,192,2993848,0.1548052430152893,24,322527.21806892083,2,4.493790149688721,
1527,PRUNED,4.87968899874855,1,full,32,1,32,3,midlate,0.010183835954806566,0.29182417032766145,0.75,0.9,1,linear,0.004227750085801958,0.1,0.06,1.0,16,64,2955075,,24,,3,,
1528,PRUNED,4.800719608414209,2,full,32,2,32,6,midlate,0.018486497785090494,0.06944079251942151,0.8164965809277261,0.9,1,linear,0.004204835728050563,0.1,0.06,1.0,13,128,3022660,,24,,4,,
1529,PRUNED,4.819594678619786,2,full,24,4,32,6,late,0.018448848785973852,0.13020207704635348,1.25,1.05,1,head_scalar,0.005116237629086806,0.15,0.06,1.0,13,128,3056704,,24,,1,,
1530,COMPLETE,4.232445120811462,2,full,32,2,32,6,midlate,0.019372123195277258,0.18041505347575973,0.75,0.9,1,head_scalar,0.0052633067567065435,0.1,0.06,1.0,13,128,3021892,0.09869462251663208,24,279122.99554220284,3,4.4941229820251465,
1531,PRUNED,4.847660051919312,3,full,32,2,32,6,midlate,0.011638248090771746,0.1804560883657454,0.75,0.9,1,linear,0.004090547439024964,0.1,0.06,1.0,11,192,3030424,,24,,0,,
1532,PRUNED,4.844361643299478,3,full,24,4,24,4,midlate,0.003777238287690649,0.023249715587318715,1.25,1.05,1,linear,0.004027060602792033,0.05,0.06,1.0,11,192,3001900,,24,,6,,
1533,COMPLETE,4.218127965927124,3,full,24,4,32,6,late,0.009219920110030854,0.03239746916612501,0.8164965809277261,1.0,1,linear,0.004419377707753435,0.1,0.06,1.0,11,192,3068212,0.17867004871368408,24,206977.3360380345,4,4.494626998901367,
1534,PRUNED,4.591863895558289,3,full,16,2,32,6,midlate,0.02386553936473173,0.2505339881781885,0.8164965809277261,1.05,1,one,0.004754874921550215,0.1,0.06,1.0,11,192,3005356,,24,,2,,
1535,PRUNED,4.820919831054402,3,full,32,2,32,6,midlate,0.005498156292205628,0.0690457981316328,1.25,1.05,2,linear,0.005043997917200298,0.15,0.06,1.0,11,192,3030424,,24,,6,,
1536,COMPLETE,4.236127972602844,3,full,32,2,16,4,midlate,0.01371007302893882,0.0583059638010272,0.75,0.9,1,linear,0.005093561347711388,0.1,0.06,1.0,11,192,2980756,0.08931869268417358,24,468162.5687550882,1,4.493624687194824,
1537,PRUNED,4.855396907706063,3,full,32,4,32,6,midlate,0.014705328835873407,0.0130229970042041,0.75,0.9,1,linear,0.0037352766433863213,0.1,0.06,1.0,11,192,3080356,,24,,0,,
1538,FAIL,,3,full,32,8,32,6,midlate,0.006768817790688382,0.11285234915793875,0.75,0.9,1,linear,0.0049502325731267,0.1,0.06,0.5,11,192,3180220,,24,,6,,oom
1539,COMPLETE,4.194368541240692,3,lean,32,8,32,3,midlate,0.0037515159212792777,0.12647151624374095,0.75,0.9,1,linear,0.005415157519407655,0.1,0.06,1.0,10,192,2975168,0.1822357177734375,24,243889.18456090207,2,4.493542194366455,
1540,COMPLETE,4.221256971359253,3,full,32,2,32,6,late,0.008187462176950462,0.08106256942388002,0.75,0.9,1,linear,0.005030849488739129,0.1,0.01,1.0,11,192,3030424,0.1629686951637268,24,289748.78017167776,3,4.494194984436035,
1541,PRUNED,4.471063809461933,3,full,32,2,24,6,midlate,0.020293229681952307,0.10243235249050359,0.75,0.9,1,linear,0.004706609405077138,0.1,0.01,1.0,11,192,3018136,,24,,1,,
1542,PRUNED,4.92200154818819,1,full,16,2,32,4,late,0.010882750017912668,0.02007887864687279,1.0,1.0,1,head_scalar,0.004259792726038887,0.15,0.06,1.0,16,64,2948360,,24,,7,,
1543,COMPLETE,4.214735984802246,3,full,24,2,32,6,late,0.02064412891378803,0.16666284644520457,1.25,1.0,1,linear,0.004513045518301437,0.15,0.06,1.0,11,192,3018280,0.1807892918586731,24,294543.3909866121,0,4.4940690994262695,
1544,PRUNED,4.815780018592355,3,full,8,8,16,4,late,0.017012503082602565,0.03723901368390011,1.25,0.9,1,linear,0.004311505810792996,0.15,0.06,1.0,11,192,2995036,,24,,5,,
1545,PRUNED,4.912179835048526,1,full,32,2,16,6,midlate,0.016450746815098977,0.153348287222113,0.75,0.9,1,linear,0.00532764100660659,0.1,0.06,1.0,16,64,2992908,,24,,7,,
1546,PRUNED,4.805824875082683,3,full,32,2,32,6,late,0.007900655122190839,0.16936827600082455,0.75,1.0,1,linear,0.004609622565402861,0.1,0.02,1.0,11,192,3030424,,24,,1,,
1547,PRUNED,4.785319935174207,3,full,32,2,32,4,midlate,0.02898705292243347,0.1334774876569293,1.0,0.9,1,linear,0.004628192896059571,0.1,0.06,1.0,11,192,2997140,,24,,7,,
1548,PRUNED,4.857130043069773,3,full,24,2,32,6,midlate,0.015351564721651959,0.06671728039587031,0.75,1.0,1,learned,0.003528978799334547,0.1,0.06,1.0,11,192,3018280,,24,,5,,
1549,FAIL,,3,full,32,8,32,6,late,0.008839408505110117,0.04485462164011533,1.25,1.05,1,linear,0.0053012456674897115,0.15,0.06,1.0,11,192,3180220,,24,,4,,oom
1550,COMPLETE,4.194402992725372,3,full,8,4,32,3,even,0.004497633273075714,0.2580314738630255,0.75,0.9,1,linear,0.00534874425689121,0.1,0.06,1.0,11,192,2969032,0.1711459755897522,24,333185.6109912008,7,4.493499755859375,
1551,PRUNED,4.658689285008268,3,full,24,4,32,4,even,0.005192183437819081,0.018698924774265047,1.25,1.05,2,one,0.005009067056482822,0.15,0.06,1.0,11,192,3017244,,24,,1,,
1552,COMPLETE,4.2133594155311584,3,full,16,8,32,3,late,0.020193057098029207,0.017802042953965435,0.75,0.9,1,linear,0.0052768881683749784,0.05,0.06,1.0,11,192,3031108,0.17310315370559692,24,236166.17698851464,3,4.494183540344238,
1553,COMPLETE,4.2314841747283936,3,full,32,4,32,6,late,0.012535170453612417,0.2596100639745696,1.0,1.0,1,linear,0.004364470027961222,0.0,0.06,1.0,11,192,3080356,0.18123430013656616,24,218328.15047982044,5,4.494752883911133,
1554,COMPLETE,4.207426488399506,3,full,16,8,32,4,late,0.02504193616918033,0.036141980252840204,0.75,0.9,1,linear,0.004577496410919381,0.15,0.06,1.0,11,192,3072716,0.18632572889328003,24,185213.63850453403,0,4.494656085968018,
1555,COMPLETE,4.162708938121796,3,full,32,2,32,6,late,0.029561792016220292,0.27280426832950233,0.8164965809277261,0.9,1,linear,0.0052456155740117924,0.1,0.06,1.0,11,192,3030424,0.18497800827026367,24,284302.9280804373,2,4.494194984436035,
1556,PRUNED,4.83491748635827,3,full,32,2,24,6,late,0.0051449537489810255,0.13497645183256918,0.8164965809277261,1.0,1,learned,0.004249156111599255,0.05,0.06,1.0,11,192,3018136,,24,,1,,
1557,COMPLETE,4.23056960105896,3,full,16,2,32,6,midlate,0.010411318496581686,0.10308037842401371,0.75,0.9,1,head_scalar,0.005120049130501481,0.1,0.06,1.0,11,192,3005368,0.11230140924453735,24,309273.2117313491,7,4.493916034698486,
1558,COMPLETE,4.166902840137482,3,full,32,2,32,6,midlate,0.017259696814854685,0.07106025784479661,1.0,0.9,1,linear,0.005401461812287792,0.1,0.06,0.5,11,192,3030424,0.17846941947937012,24,306098.30113555375,1,4.494194984436035,
1559,PRUNED,4.779431205848416,3,full,24,1,8,4,midlate,0.01737268494013502,0.2883547388501079,0.75,0.9,1,linear,0.004613607596338671,0.15,0.06,1.0,11,192,2956064,,24,,6,,
1560,PRUNED,4.763390663350509,3,lean,16,1,32,4,midlate,0.01642091987546317,0.15528137719115365,0.75,0.9,1,head_scalar,0.0054508792015281115,0.15,0.04,1.0,10,192,2877932,,24,,2,,
1561,PRUNED,4.657965629340147,3,full,32,2,8,6,late,0.024714800346316974,0.28737893398426795,0.8164965809277261,0.9,1,linear,0.0048891060467308,0.1,0.06,1.0,11,192,2993560,,24,,3,,
1562,FAIL,,1,full,32,2,32,6,midlate,0.007850306561298231,0.06843638602125934,0.75,0.9,1,linear,0.004708798559186791,0.1,0.06,1.0,16,64,3017484,,24,,6,,oom
1563,COMPLETE,4.21053409576416,3,full,32,2,32,6,late,0.02386610332473913,0.2290638542946134,0.8164965809277261,0.9,1,linear,0.005258577219436998,0.1,0.01,1.0,11,192,3030424,0.17132550477981567,24,290906.26006083173,2,4.494194984436035,
1564,COMPLETE,4.240213751792908,3,full,32,2,32,6,even,0.02312981481656846,0.10684284194971949,0.75,0.9,2,linear,0.0054348236408399255,0.1,0.06,1.0,11,192,3030424,0.03884392976760864,24,298146.23277015914,5,4.494194984436035,
1565,PRUNED,4.417582063434908,3,full,32,4,32,3,midlate,0.010530381589767173,0.12368406843682346,0.75,0.9,2,linear,0.005394737896375073,0.1,0.06,0.5,11,192,3005464,,24,,3,,
1566,PRUNED,4.807062424054234,3,lean,32,2,32,6,late,0.010692362896325143,0.1316297196964867,1.25,1.05,1,head_scalar,0.004237379483030052,0.15,0.04,1.0,10,192,2949428,,24,,7,,
1567,COMPLETE,4.201868057250977,3,full,8,2,32,6,even,0.01035097005004185,0.14633772228975125,0.75,0.9,1,linear,0.005164955405606609,0.1,0.06,0.5,11,192,2993992,0.2059093713760376,24,283270.8443681697,1,4.493801593780518,
1568,COMPLETE,4.176179468631744,3,full,32,2,32,6,midlate,0.009333633569225674,0.06737330174956446,1.0,0.9,1,linear,0.005312119289971277,0.1,0.06,0.5,11,192,3030424,0.16591638326644897,24,295835.4843245175,0,4.494194984436035,
1569,COMPLETE,4.171965003013611,3,full,32,2,32,6,late,0.023610460379210465,0.2016293484634183,0.8164965809277261,0.9,1,linear,0.0054606115749770015,0.05,0.06,0.5,11,192,3030424,0.1727162003517151,24,271490.9666381996,4,4.494194984436035,
1570,PRUNED,4.908390251889051,1,full,24,2,32,6,late,0.014877625540759476,0.23587087889171812,1.25,1.0,1,linear,0.00520570834334903,0.15,0.02,1.0,16,64,2999820,,24,,7,,
1571,COMPLETE,4.204564154148102,3,lean,32,4,32,3,late,0.005721767508314872,0.21793472223669924,0.75,0.9,1,linear,0.005145110357640497,0.1,0.06,1.0,10,192,2925236,0.1758671998977661,24,332300.817392734,3,4.492984294891357,
1572,PRUNED,4.812532945059177,3,full,32,2,8,6,midlate,0.025292902330053546,0.07991910550969974,1.0,0.9,1,learned,0.0038794707012642466,0.1,0.06,0.5,11,192,2993560,,24,,7,,
1573,COMPLETE,4.210785329341888,3,lean,32,2,32,6,midlate,0.007699822943418195,0.09434283059545912,1.25,0.9,1,linear,0.005025747998711747,0.1,0.06,1.0,10,192,2950196,0.182081401348114,24,320458.91478690703,2,4.4932861328125,
1574,PRUNED,4.854867812570355,3,full,16,1,32,3,midlate,0.009441445512931183,0.21238403317518345,0.75,0.9,1,one,0.0036061123756648585,0.15,0.06,1.0,11,192,2943532,,24,,5,,
1575,PRUNED,4.76447385596265,3,full,8,2,8,6,late,0.006508803809056883,0.09589642974150599,1.25,1.05,1,linear,0.004538519744365656,0.15,0.04,1.0,11,192,2957128,,24,,7,,
1576,PRUNED,4.782548384814275,3,full,32,2,32,6,midlate,0.008806365302228749,0.03565636352143906,0.75,0.9,1,linear,0.004627387191137812,0.05,0.06,1.0,11,192,3030424,,24,,1,,
1577,PRUNED,4.760789519737845,3,full,24,2,32,3,midlate,0.011214508263819511,0.23586880185193337,0.8164965809277261,0.9,1,head_scalar,0.004431740418458442,0.15,0.06,1.0,11,192,2967970,,24,,5,,
1578,COMPLETE,4.196671724319458,3,full,32,2,32,6,late,0.01995455698118381,0.12510133974948742,0.8164965809277261,0.9,1,head_scalar,0.005417646350922913,0.1,0.06,1.0,11,192,3029656,0.10846275091171265,24,290978.7300042343,7,4.494183540344238,
1579,COMPLETE,4.22307550907135,3,full,32,2,16,6,midlate,0.01414456796396791,0.0841372029583859,0.75,1.0,1,linear,0.005493938888310537,0.1,0.06,1.0,11,192,3005848,0.09566587209701538,24,392333.360689291,0,4.49392032623291,
1580,PRUNED,4.814137806303851,2,full,32,4,32,6,midlate,0.02341829720214739,0.025176966699597087,1.0,0.9,1,linear,0.004886504763439939,0.0,0.06,0.5,13,128,3072592,,24,,5,,
1581,PRUNED,4.854598134940505,3,full,32,2,32,2,even,0.01444645155231809,0.12333110053111779,1.25,1.05,1,linear,0.0034589947808327435,0.15,0.06,0.5,11,192,2963856,,24,,1,,
1582,RUNNING,,3,full,32,8,32,6,midlate,0.003975594857444103,0.09306420230132231,0.75,0.9,1,linear,0.004746340376133317,0.1,0.06,1.0,11,192,3180220,,24,,3,,
1583,PRUNED,4.480124676075439,3,full,32,1,32,3,late,0.015577676376640884,0.1051902522199698,0.8164965809277261,1.05,1,one,0.005277263801903399,0.1,0.06,1.0,11,192,2967820,,24,,1,,
1584,PRUNED,4.844556983838244,3,full,8,2,24,6,midlate,0.010852044803163196,0.06108358366606378,0.75,0.9,1,linear,0.0048791219354719926,0.1,0.06,1.0,11,192,2981704,,24,,4,,
1585,RUNNING,,3,full,32,1,32,6,late,0.02809751571594811,0.259697687527047,0.8164965809277261,0.9,1,linear,0.004986067635843407,0.05,0.06,0.5,11,192,3005458,,24,,2,,
1586,RUNNING,,3,full,32,2,32,6,midlate,0.02000405008611557,0.2603392113958618,0.8164965809277261,0.9,1,linear,0.005421634156391095,0.05,0.06,0.5,11,192,3030424,,24,,0,,
1587,RUNNING,,3,full,32,2,32,6,late,0.022809893529090366,0.280119294801733,0.8164965809277261,0.9,1,linear,0.0054669084552257784,0.05,0.02,0.5,11,192,3030424,,24,,1,,
1588,RUNNING,,3,full,16,8,24,4,late,0.01764124636883679,0.006882795989674399,0.75,0.9,1,linear,0.005093967016837021,0.15,0.02,1.0,11,192,3039948,,24,,5,,
1589,RUNNING,,3,lean,32,8,32,6,midlate,0.01592772615256951,0.08208194792917388,0.75,0.9,1,linear,0.005447824792177138,0.1,0.02,1.0,10,192,3099992,,24,,6,,
1590,RUNNING,,3,full,32,2,32,3,late,0.02230928626456495,0.12465412770105842,0.8164965809277261,0.9,1,linear,0.004167413694283074,0.05,0.06,0.5,11,192,2980498,,24,,4,,
1591,RUNNING,,3,full,32,2,16,6,late,0.024056224837581908,0.17520292429171025,1.0,0.9,1,linear,0.004419818353150292,0.05,0.04,0.5,11,192,3005848,,24,,7,,
1592,PRUNED,4.653949160024339,3,full,32,2,32,2,midlate,0.005159020561121666,0.15452405082821763,0.75,1.0,1,head_scalar,0.004678094147817565,0.1,0.06,1.0,11,192,2963600,,24,,0,,
1593,COMPLETE,4.197344899177551,3,full,32,2,32,2,late,0.02512381235837661,0.09836245845278949,0.8164965809277261,0.9,1,linear,0.005264014212326474,0.1,0.06,1.0,11,192,2963856,0.1482962965965271,24,313375.21664111683,7,4.493420600891113,
1594,PRUNED,4.868571728856016,3,full,32,4,32,6,late,0.015654868232143335,0.16050527888946722,0.8164965809277261,1.0,1,learned,0.00358799255793879,0.15,0.02,1.0,11,192,3080356,,24,,2,,
1595,PRUNED,4.810333834984312,3,full,16,2,32,6,late,0.019418886014457095,0.10066915906070695,0.8164965809277261,0.9,1,linear,0.005050296054849981,0.1,0.06,1.0,11,192,3006136,,24,,1,,
1596,PRUNED,4.881846353394538,3,full,8,2,32,6,midlate,0.014397229570632834,0.09210463571937952,0.75,0.9,1,linear,0.004858473689391329,0.1,0.04,1.0,11,192,2993992,,24,,5,,
1597,PRUNED,4.848154460977059,3,full,32,2,32,6,late,0.02122573549632023,0.1331400742437086,0.8164965809277261,0.9,1,one,0.003832065789362272,0.15,0.06,0.5,11,192,3029644,,24,,3,,
1598,PRUNED,4.913028084684292,1,full,32,2,32,6,midlate,0.010448189239789204,0.088900043085361,0.75,1.05,1,linear,0.005078486322171324,0.1,0.06,1.0,16,64,3017484,,24,,6,,
1599,PRUNED,4.844532538575052,3,full,32,2,32,6,midlate,0.012792850702792282,0.022403932827234036,0.75,0.9,1,learned,0.0039085668096917854,0.1,0.01,1.0,11,192,3030424,,24,,4,,
1600,COMPLETE,4.214932978153229,3,full,24,4,32,4,late,0.003833459091150338,0.008480906915222844,1.25,1.05,1,linear,0.004810270735152047,0.15,0.06,1.0,11,192,3018284,0.14758121967315674,24,257483.03942208257,0,4.494053840637207,
1601,COMPLETE,4.216894745826721,3,full,32,2,32,6,late,0.025509577194350028,0.23027777523127005,0.8164965809277261,0.9,1,linear,0.00437400787379132,0.15,0.06,1.0,11,192,3030424,0.19250833988189697,24,296751.6704039199,5,4.494194984436035,
1602,COMPLETE,4.1823097467422485,3,full,32,2,32,6,late,0.015239602526639378,0.17754255820349044,0.8164965809277261,0.9,1,linear,0.005138059008809706,0.05,0.06,0.5,11,192,3030424,0.17631244659423828,24,295364.3803661996,6,4.494194984436035,
1603,PRUNED,4.8330084822534385,3,full,32,2,32,6,midlate,0.02298271039604923,0.19513074356095947,1.25,0.9,1,linear,0.00376958264750487,0.1,0.06,0.5,11,192,3030424,,24,,4,,
1604,PRUNED,4.848374284729198,1,full,32,2,32,6,midlate,0.01465074734018508,0.04010854003638764,1.0,1.05,1,linear,0.005388242265681075,0.15,0.06,0.5,16,64,3017484,,24,,1,,
1605,PRUNED,4.837879096843255,3,full,8,8,32,4,late,0.027048049090721137,0.010913871950109719,0.75,0.9,1,linear,0.004392437292019425,0.15,0.01,1.0,11,192,3060572,,24,,3,,
1606,PRUNED,4.783011177155043,3,full,32,1,32,6,even,0.004856471917964969,0.07239676264232539,1.25,1.05,1,linear,0.004229897148549698,0.05,0.06,1.0,11,192,3005458,,24,,7,,
1607,COMPLETE,4.204124569892883,3,full,8,1,32,4,midlate,0.013528257361134255,0.18031300437725226,1.25,0.9,1,linear,0.005230294848858711,0.15,0.06,1.0,11,192,2944064,0.1519271731376648,24,297099.9963366611,2,4.493231296539307,
1608,COMPLETE,4.211162567138672,3,full,32,2,32,6,even,0.02541250872740578,0.2247886055658321,0.8164965809277261,0.9,1,linear,0.004657960469445065,0.1,0.06,1.0,11,192,3030424,0.16481363773345947,24,298500.86760511174,7,4.494194984436035,
1609,COMPLETE,4.2265307903289795,3,full,32,2,32,4,even,0.006800471102730855,0.03603853710236558,0.75,1.05,1,linear,0.004414114580393902,0.15,0.06,1.0,11,192,2997140,0.14871901273727417,24,369951.82695253094,4,4.493807792663574,
1610,COMPLETE,4.206875026226044,3,full,32,2,32,6,late,0.02662401623332096,0.1105402092362886,0.75,0.9,1,linear,0.004612684097808403,0.1,0.06,1.0,11,192,3030424,0.16109102964401245,24,308652.5173023241,1,4.494194984436035,
1611,PRUNED,4.835553709836988,2,full,32,2,32,6,even,0.016538054461133947,0.06867298030165221,0.75,0.9,1,linear,0.005066173769602054,0.1,0.06,1.0,13,128,3022660,,24,,3,,
1612,COMPLETE,4.2149317264556885,3,full,32,2,24,3,midlate,0.009827858498635588,0.18249775760951126,0.75,1.05,1,linear,0.004921216984138367,0.1,0.06,1.0,11,192,2974354,0.14497268199920654,24,455346.1620360861,2,4.4935455322265625,
1613,COMPLETE,4.198186814785004,3,lean,32,2,32,6,late,0.02023848995858686,0.21184149454462733,0.8164965809277261,0.9,1,linear,0.00527363589894995,0.05,0.06,1.0,10,192,2950196,0.1932525634765625,24,310054.40613135154,0,4.4932861328125,
1614,PRUNED,4.907731817602492,2,full,32,2,24,6,late,0.013867819176921736,0.06974710141744664,0.8164965809277261,1.0,1,learned,0.004065820725040038,0.1,0.06,1.0,13,128,3010372,,24,,5,,
1615,PRUNED,4.867248249446906,3,full,32,2,32,6,even,0.003407532510006887,0.023732687855784924,1.25,1.0,2,linear,0.0039361398188499435,0.15,0.06,0.5,11,192,3030424,,24,,6,,
1616,FAIL,,3,full,32,8,32,6,even,0.025169956807553955,0.08079127006608336,0.8164965809277261,0.9,1,learned,0.005294627737307469,0.05,0.06,0.5,11,192,3180220,,24,,3,,oom
1617,COMPLETE,4.232412159442902,3,full,32,2,32,6,late,0.023166705698458735,0.04265466346442223,1.0,0.9,1,linear,0.004331802663174202,0.1,0.02,0.5,11,192,3030424,0.16621428728103638,24,260048.7156187462,4,4.494194984436035,
1618,PRUNED,4.924307452768897,1,full,32,2,32,6,midlate,0.020999752014957743,0.042880932075392626,1.0,0.9,1,one,0.0053320300799204615,0.1,0.04,0.5,16,64,3016704,,24,,2,,
1619,PRUNED,4.839178839568742,3,full,32,2,24,6,even,0.0073139823981796335,0.11476725083722765,0.8164965809277261,1.0,1,linear,0.004136384978517801,0.1,0.06,1.0,11,192,3018136,,24,,5,,
1620,PRUNED,4.8662235215806176,3,full,24,2,16,6,late,0.019776135155568128,0.11614368363483338,1.25,1.0,1,head_scalar,0.0038979665691369855,0.15,0.06,1.0,11,192,2992936,,24,,7,,
1621,COMPLETE,4.1979159116744995,3,full,32,2,32,6,late,0.023128309563102682,0.20397009801127244,0.8164965809277261,1.0,1,one,0.005477449112421873,0.1,0.06,1.0,11,192,3029644,0.11264008283615112,24,298853.09786730685,6,4.494172096252441,
1622,COMPLETE,4.204296946525574,3,full,24,4,24,2,midlate,0.005815790824016159,0.02188060347979165,1.25,1.05,1,linear,0.005490232307093228,0.15,0.06,1.0,11,192,2960164,0.13189876079559326,24,420924.772003471,1,4.493389129638672,
1623,COMPLETE,4.233341336250305,3,full,32,4,32,6,late,0.022939281211026348,0.19316773734535284,0.8164965809277261,0.9,1,head_scalar,0.0047477077797963415,0.1,0.06,0.5,11,192,3078820,0.10745060443878174,24,217116.17500227745,5,4.494732856750488,
1624,PRUNED,4.920056822253656,1,full,32,2,32,6,even,0.004444305283976235,0.0497058197020391,1.25,1.05,1,one,0.004974797519305895,0.15,0.06,0.5,16,64,3016704,,24,,7,,
1625,PRUNED,4.813800160479794,3,full,32,2,8,6,midlate,0.009015325940898834,0.055715809904453045,1.0,0.9,1,linear,0.0038499809989064756,0.1,0.06,1.0,11,192,2993560,,24,,2,,
1626,COMPLETE,4.196541368961334,3,full,32,2,32,6,midlate,0.029477363333390315,0.03559274557282211,1.0,0.9,1,linear,0.005470287104721025,0.0,0.06,0.5,11,192,3030424,0.17291176319122314,24,270003.2679445295,2,4.494194984436035,
1627,PRUNED,4.7680506411430725,3,full,32,4,8,6,midlate,0.006950926450461713,0.27534345065292676,0.75,0.9,1,linear,0.004654991464347573,0.1,0.06,1.0,11,192,3006628,,24,,1,,
1628,PRUNED,4.869984143634089,2,lean,32,2,32,6,midlate,0.01072881276879468,0.14334908542555186,0.75,0.9,1,linear,0.004189279512619938,0.1,0.04,1.0,12,128,2955372,,24,,0,,
1629,COMPLETE,4.196555018424988,3,full,32,4,24,2,late,0.011835672896363732,0.17062539709065788,0.8164965809277261,1.0,1,linear,0.005275807604546975,0.15,0.06,1.0,11,192,2972308,0.1496114730834961,24,435555.94802275405,7,4.4935150146484375,
1630,PRUNED,4.90557362488695,1,full,32,4,32,6,late,0.029525904608501748,0.18062615138668048,0.8164965809277261,1.05,1,linear,0.004634156369111555,0.05,0.06,1.0,16,64,3067416,,24,,4,,
1631,COMPLETE,4.231079578399658,3,full,32,2,32,3,midlate,0.015157146173093723,0.10748449397550092,0.75,0.9,1,linear,0.005087414175196025,0.1,0.04,1.0,11,192,2980498,0.14700734615325928,24,356647.7180980719,1,4.493614196777344,
1632,COMPLETE,4.226523220539093,3,full,24,4,32,3,midlate,0.003420965845135525,0.0625879616565207,1.25,0.9,1,linear,0.004509018101913126,0.15,0.06,0.5,11,192,2993320,0.1375548243522644,24,297313.80099465896,0,4.493767261505127,
1633,COMPLETE,4.19455224275589,3,lean,16,1,32,6,midlate,0.006926472883461468,0.2466075059118654,0.75,0.9,1,linear,0.0051704883223892655,0.15,0.06,1.0,10,192,2903150,0.1914789080619812,24,352912.207298128,6,4.492768287658691,
1634,COMPLETE,4.2162182331085205,3,full,24,1,32,3,midlate,0.0060560178598243405,0.06363232946238308,1.25,0.9,1,linear,0.0050948099692825904,0.15,0.06,1.0,11,192,2955871,0.14772909879684448,24,466393.82527518144,7,4.493350982666016,
1635,COMPLETE,4.221413612365723,3,full,24,4,32,3,late,0.012646695840699326,0.2562653028410113,1.0,1.05,1,linear,0.005207808749513683,0.1,0.04,1.0,11,192,2993320,0.18710815906524658,24,322554.72012579354,4,4.493767261505127,
1636,FAIL,,3,full,32,8,32,6,late,0.02345644678202605,0.07010006219943073,1.25,0.9,1,linear,0.005006874819839263,0.1,0.06,1.0,11,192,3180220,,24,,1,,oom
1637,PRUNED,4.613452336913593,3,lean,32,2,32,6,late,0.01724670470438812,0.1175047872814423,0.8164965809277261,0.9,2,linear,0.00521015265208287,0.1,0.06,1.0,10,192,2950196,,24,,2,,
1638,PRUNED,4.82444590513571,3,full,32,4,32,6,midlate,0.007950403136354837,0.19476103206936954,0.8164965809277261,1.0,1,head_scalar,0.004058329126921724,0.1,0.06,1.0,11,192,3078820,,24,,7,,
1639,PRUNED,4.837012436949586,3,full,24,2,8,6,late,0.027628049516967793,0.2907130511811962,0.8164965809277261,1.05,1,linear,0.0038146369439905794,0.15,0.06,1.0,11,192,2981416,,24,,6,,
1640,PRUNED,4.769693144443094,3,lean,32,2,24,6,late,0.017570270156834232,0.05681800119854008,0.75,0.9,1,linear,0.004535764374773536,0.05,0.06,0.5,10,192,2937908,,24,,5,,
1641,PRUNED,4.816054708145676,3,lean,32,2,32,3,midlate,0.016555219535364974,0.29702123727702423,1.0,0.9,1,linear,0.0037284127494603995,0.1,0.06,0.5,10,192,2900270,,24,,0,,
1642,PRUNED,4.424947148325115,3,full,32,2,32,6,late,0.020127482726676717,0.2906931197220135,0.8164965809277261,1.0,1,one,0.005127872394303948,0.05,0.06,0.5,11,192,3029644,,24,,6,,
1643,PRUNED,4.809390224772225,3,full,24,8,32,4,midlate,0.013754408671349657,0.23951796714492832,0.75,0.9,1,linear,0.004420055874347344,0.15,0.04,1.0,11,192,3084860,,24,,3,,
1644,PRUNED,4.812245522256329,3,full,16,2,32,6,late,0.013928314366954995,0.08893946619020623,0.8164965809277261,0.9,1,linear,0.005161398837520751,0.05,0.04,0.5,11,192,3006136,,24,,2,,
1645,COMPLETE,4.15367066860199,3,full,24,2,32,6,late,0.024984117268027378,0.2659964539538071,0.8164965809277261,0.9,1,linear,0.005431400717977099,0.15,0.06,0.5,11,192,3018280,0.21115273237228394,24,257759.73899752254,5,4.4940690994262695,
1646,PRUNED,4.873793389260417,3,full,32,2,32,6,late,0.01941540432698411,0.09620344982516457,1.0,0.9,1,learned,0.0034514090158062334,0.05,0.06,0.5,11,192,3030424,,24,,0,,
1647,PRUNED,4.762368314318495,3,full,32,2,8,6,late,0.018017182375995516,0.038635982541141575,0.8164965809277261,0.9,1,one,0.004923409803412271,0.05,0.06,0.5,11,192,2992780,,24,,4,,
1648,COMPLETE,4.183525383472443,3,full,32,1,32,4,midlate,0.022797375988916752,0.2987361599885108,1.25,0.9,1,linear,0.00546459620602754,0.1,0.06,0.5,11,192,2980496,0.17472171783447266,24,400753.51839619613,7,4.493624687194824,
1649,FAIL,,3,full,32,8,32,6,late,0.014951401693209217,0.1363252311146641,0.8164965809277261,0.9,1,linear,0.005318714414028284,0.1,0.06,0.5,11,192,3180220,,24,,2,,oom
1650,PRUNED,4.854635252232243,3,full,24,4,32,2,midlate,0.0058319094478413306,0.13549818165115904,1.25,1.05,1,linear,0.0032332775412928978,0.15,0.04,1.0,11,192,2968356,,24,,4,,
1651,PRUNED,4.8800392527611525,3,full,24,4,24,6,late,0.025865141171950275,0.21836152292928013,1.25,1.0,1,linear,0.0038685238728479753,0.15,0.02,1.0,11,192,3043636,,24,,0,,
1652,PRUNED,4.494643602369441,3,full,24,2,16,6,late,0.019114375605622996,0.11938028491364934,0.8164965809277261,0.9,1,linear,0.005244104184931716,0.1,0.02,1.0,11,192,2993704,,24,,6,,
1653,PRUNED,4.834465197185561,3,full,24,2,16,6,midlate,0.02025839996546148,0.0448691670538121,1.0,0.9,1,linear,0.004281680256610819,0.1,0.06,0.5,11,192,2993704,,24,,4,,
1654,PRUNED,4.776433100280359,3,full,32,2,32,6,midlate,0.020231451298477757,0.023784588963616782,1.0,0.9,1,one,0.004315949308312603,0.1,0.06,0.5,11,192,3029644,,24,,7,,
1655,PRUNED,4.877980224888066,2,full,32,2,32,6,late,0.02415808447910877,0.18823565998121997,0.8164965809277261,0.9,1,learned,0.004344014997263461,0.05,0.06,1.0,13,128,3022660,,24,,0,,
1656,PRUNED,4.763047858898383,3,full,32,2,32,4,late,0.02395189481512523,0.16691573157108397,0.8164965809277261,0.9,1,linear,0.004333458555178012,0.15,0.06,0.5,11,192,2997140,,24,,4,,
1657,COMPLETE,4.213850319385529,3,full,32,2,32,6,even,0.008612266130283083,0.13844995722649298,0.8164965809277261,1.0,1,linear,0.005343478686063868,0.1,0.01,1.0,11,192,3030424,0.17247545719146729,24,279361.0937769322,6,4.494194984436035,
1658,COMPLETE,4.158833265304565,3,full,24,2,32,6,late,0.025569242522370608,0.29204476784344946,0.8164965809277261,0.9,1,linear,0.005090502943625981,0.15,0.06,0.5,11,192,3018280,0.21924012899398804,24,283590.95545953885,5,4.4940690994262695,
1659,PRUNED,4.871084058657166,3,full,24,2,32,6,even,0.0068274110810731614,0.037337770056544164,0.8164965809277261,1.05,1,linear,0.004166268519620226,0.15,0.06,1.0,11,192,3018280,,24,,3,,
1660,PRUNED,4.556228498694671,3,full,16,8,24,4,late,0.015087335638725097,0.015657179741871773,0.75,0.9,1,head_scalar,0.004988669744601486,0.15,0.06,1.0,11,192,3037900,,24,,7,,
1661,COMPLETE,4.219341516494751,3,full,32,2,16,6,even,0.015394053948554703,0.23886823714281932,1.0,0.9,1,linear,0.005306012063803306,0.1,0.06,0.5,11,192,3005848,0.08476167917251587,24,318034.8060830636,4,4.49392032623291,
1662,PRUNED,4.799423917007315,3,full,32,2,8,6,midlate,0.009955141813305243,0.05729754689819398,0.75,0.9,2,one,0.004199528783523064,0.1,0.06,1.0,11,192,2992780,,24,,0,,
1663,PRUNED,4.805547109765703,3,full,32,2,24,6,midlate,0.01963671993941787,0.053688024248999655,1.0,0.9,1,linear,0.004602114825263146,0.05,0.06,0.5,11,192,3018136,,24,,3,,
1664,COMPLETE,4.199666917324066,3,full,32,4,24,6,midlate,0.013911222291127397,0.1565286287801455,0.8164965809277261,0.9,1,linear,0.0048848634770432735,0.1,0.06,0.5,11,192,3055780,0.16943800449371338,24,244414.5644589637,0,4.494478225708008,
1665,PRUNED,4.8890567627209025,3,full,24,4,32,3,even,0.01579208340744045,0.26728245753974345,1.0,1.05,1,linear,0.003544732647623922,0.15,0.04,1.0,11,192,2993320,,24,,1,,
1666,COMPLETE,4.228449702262878,3,full,16,1,32,4,even,0.01823381945679953,0.28336402502911207,0.75,0.9,1,linear,0.004605544553733253,0.0,0.06,1.0,11,192,2956208,0.152296245098114,24,423094.7767591629,3,4.493357181549072,
1667,COMPLETE,4.219639897346497,3,full,32,2,32,6,midlate,0.027003693401145102,0.15711470707935077,1.0,0.9,1,linear,0.004526072261532453,0.1,0.04,0.5,11,192,3030424,0.17006230354309082,24,306529.53351577156,4,4.494194984436035,
1668,PRUNED,4.769570991262051,3,full,16,1,24,6,midlate,0.01685609386955916,0.25796036222506774,0.75,0.9,1,linear,0.004190546106232047,0.15,0.06,0.5,11,192,2975026,,24,,7,,
1669,PRUNED,4.833861261525648,3,full,8,8,32,3,late,0.016636797526860737,0.19812824820743652,1.0,1.05,1,linear,0.00464717803522276,0.15,0.06,1.0,11,192,3018964,,24,,6,,
1670,COMPLETE,4.188654363155365,3,full,24,2,32,4,midlate,0.007124905901424817,0.2866720967000657,0.75,0.9,1,linear,0.00542943660108184,0.1,0.06,1.0,11,192,2984996,0.1800556182861328,24,310143.9635093652,5,4.493681907653809,
1671,COMPLETE,4.207620739936829,3,full,24,2,24,6,late,0.023607995395511477,0.20700973143941354,0.8164965809277261,0.9,1,linear,0.0048544976332134315,0.15,0.06,0.5,11,192,3005992,0.15169280767440796,24,338749.8729974071,7,4.493931770324707,
1672,COMPLETE,4.20832884311676,3,full,24,2,32,6,late,0.025537954973934913,0.22658858873032522,0.8164965809277261,0.9,1,head_scalar,0.005210627500390809,0.15,0.06,0.5,11,192,3017512,0.12540596723556519,24,262815.716805495,1,4.494057655334473,
1673,PRUNED,4.8070211370680616,3,full,24,2,32,6,late,0.024352553292155674,0.2051053040594326,0.8164965809277261,0.9,1,linear,0.004227955864808199,0.15,0.06,0.5,11,192,3018280,,24,,3,,
1674,COMPLETE,4.233774363994598,3,full,24,2,32,6,late,0.012475199903585813,0.25296402957247205,0.8164965809277261,1.05,1,linear,0.004800993144687446,0.0,0.02,0.5,11,192,3018280,0.18121778964996338,24,289093.60305137985,6,4.4940690994262695,
1675,PRUNED,4.466926132986396,3,full,32,2,32,6,midlate,0.027459352383905292,0.028068854503496735,1.0,1.0,2,linear,0.0053137497082977395,0.1,0.06,0.5,11,192,3030424,,24,,0,,
1676,PRUNED,4.8692601509796845,3,full,24,2,32,6,late,0.02349471845509284,0.17582559100948011,1.25,1.0,2,linear,0.003931527692239754,0.05,0.06,1.0,11,192,3018280,,24,,2,,
1677,COMPLETE,4.189304292201996,3,full,16,1,32,6,midlate,0.01643351242978069,0.1054457132076002,1.0,0.9,1,linear,0.005429937905019881,0.1,0.06,0.5,11,192,2981170,0.16897857189178467,24,347156.3144974564,3,4.493652820587158,
1678,PRUNED,4.8157836814771615,3,full,24,4,32,6,late,0.006024300666603576,0.04902297821934884,0.8164965809277261,0.9,1,linear,0.004196257511635157,0.15,0.06,1.0,11,192,3068212,,24,,5,,
1679,PRUNED,4.832393103447815,3,full,32,2,32,6,even,0.00853472563003099,0.09387387517798336,0.75,0.9,1,head_scalar,0.003968371132201491,0.1,0.06,1.0,11,192,3029656,,24,,4,,
1680,PRUNED,4.963203362566192,1,full,8,2,32,6,late,0.026757632062397084,0.16642802162523673,0.8164965809277261,0.9,1,linear,0.004192231485070622,0.1,0.06,1.0,16,64,2964492,,24,,7,,
1681,PRUNED,4.815813636357499,1,full,24,1,32,6,late,0.02698378682802667,0.14453692303484347,0.8164965809277261,1.0,1,linear,0.005211358622553075,0.15,0.06,0.5,16,64,2974854,,24,,4,,
1682,COMPLETE,4.174862265586853,3,full,8,4,32,6,midlate,0.006824507667940382,0.2960639694061503,0.8164965809277261,1.0,1,linear,0.005404833603612759,0.15,0.06,1.0,11,192,3043924,0.20939874649047852,24,216527.49908414137,0,4.494359493255615,
1683,PRUNED,4.815628195509435,3,lean,24,2,32,6,midlate,0.015648935940906935,0.14722738799575139,1.0,0.9,1,linear,0.00468354345445501,0.1,0.02,0.5,10,192,2939156,,24,,7,,
1684,PRUNED,4.6557113359690145,3,full,32,2,32,3,late,0.02561198268612283,0.10148447069813267,0.75,0.9,2,linear,0.004536563832576566,0.15,0.06,0.5,11,192,2980498,,24,,1,,
1685,PRUNED,4.89927757695202,1,full,24,4,32,2,late,0.021726688587662326,0.16190585341767247,0.8164965809277261,0.9,1,linear,0.004911287114948348,0.15,0.06,0.5,16,64,2949896,,24,,5,,
1686,PRUNED,4.815495393404975,3,full,24,4,32,4,late,0.011441737693376457,0.25131395560743736,0.75,0.9,1,linear,0.004407106746581293,0.05,0.06,1.0,11,192,3018284,,24,,2,,
1687,PRUNED,4.904203199698177,1,full,32,8,32,6,late,0.028186391428738997,0.09333933478828871,0.8164965809277261,0.9,2,linear,0.005247345151859882,0.05,0.06,0.5,16,64,3167280,,24,,3,,
1688,PRUNED,4.820435069029539,3,full,16,2,24,6,midlate,0.026689749652202003,0.17206589849747034,1.0,0.9,2,linear,0.004909896175696116,0.1,0.06,0.5,11,192,2993848,,24,,4,,
1689,COMPLETE,4.207913875579834,3,full,8,2,32,6,late,0.008331965674743392,0.06485288511341662,1.25,1.05,1,linear,0.005384471014606445,0.05,0.06,1.0,11,192,2993992,0.18837517499923706,24,247375.8179273238,6,4.493801593780518,
1690,PRUNED,4.850898341656382,3,full,32,2,32,6,even,0.014249896014887244,0.045781267197546216,0.75,0.9,1,linear,0.0037903519753112757,0.1,0.02,1.0,11,192,3030424,,24,,5,,
1691,FAIL,,3,full,24,8,32,6,late,0.018166580435426266,0.2546792616004327,0.8164965809277261,0.9,1,linear,0.004754794196763209,0.05,0.06,0.5,11,192,3168076,,24,,1,,oom
1692,COMPLETE,4.2405723333358765,3,full,32,2,32,6,late,0.020626286016922596,0.19581310627753434,0.8164965809277261,0.9,1,one,0.005008088167364404,0.05,0.06,1.0,11,192,3029644,0.08320826292037964,24,256305.97592823976,7,4.494172096252441,
1693,PRUNED,4.845693055324642,2,full,24,8,32,6,late,0.015516676346415105,0.20317039211878396,0.8164965809277261,0.9,1,linear,0.004354443597610755,0.15,0.06,0.5,13,128,3158104,,24,,4,,
1694,COMPLETE,4.2043527364730835,3,full,32,1,32,6,late,0.008748625611722807,0.04343817574017862,1.25,1.05,1,linear,0.004949913613140112,0.15,0.04,1.0,11,192,3005458,0.17961639165878296,24,343706.51049708284,2,4.49392032623291,
1695,COMPLETE,4.243354976177216,3,lean,32,2,32,6,late,0.024699945778005508,0.14899655227102201,1.0,0.9,1,linear,0.004364914579888328,0.05,0.06,0.5,10,192,2950196,0.19065558910369873,24,265980.50443013926,5,4.4932861328125,
1696,PRUNED,4.515671499083847,3,full,24,2,32,6,midlate,0.029068456747848255,0.2660389546857089,0.8164965809277261,0.9,2,linear,0.0051601662394379945,0.15,0.06,0.5,11,192,3018280,,24,,6,,
1697,PRUNED,4.911954150896543,1,full,16,4,32,3,midlate,0.00556044581178844,0.19843655281360204,0.8164965809277261,0.9,2,one,0.005448231692073339,0.15,0.06,1.0,16,64,2956416,,24,,3,,
1698,FAIL,,3,full,24,8,32,6,even,0.027047481924930564,0.18057228410283735,0.8164965809277261,0.9,1,linear,0.004465751693098183,0.15,0.06,0.5,11,192,3168076,,24,,2,,oom
1699,COMPLETE,4.216230630874634,3,full,24,1,32,6,late,0.017824953006599784,0.14477075654273647,0.8164965809277261,0.9,1,linear,0.004647030174090349,0.15,0.04,0.5,11,192,2993314,0.16892576217651367,24,344052.3929697024,7,4.4937944412231445,
1700,PRUNED,4.441523243049068,3,full,24,4,16,4,midlate,0.0035438397655153755,0.047083530740517666,1.25,1.05,1,linear,0.005404363212126562,0.15,0.04,1.0,11,192,2985516,,24,,0,,
1701,PRUNED,4.816347999525908,3,full,8,2,32,6,midlate,0.015336218785268784,0.02636424995422988,1.0,1.05,1,linear,0.004546630229396774,0.1,0.06,0.5,11,192,2993992,,24,,4,,
1702,PRUNED,4.8122090701092475,3,full,32,2,32,6,midlate,0.025036412496479515,0.25400976385329205,1.0,0.9,1,learned,0.004352183363140411,0.0,0.06,1.0,11,192,3030424,,24,,3,,
1703,COMPLETE,4.216110706329346,3,full,32,2,32,6,late,0.015931025125810395,0.2939740491054879,0.8164965809277261,0.9,1,linear,0.0049272060087633875,0.0,0.04,1.0,11,192,3030424,0.16868382692337036,24,279794.07537777105,5,4.494194984436035,
1704,PRUNED,4.8523511269438515,3,full,24,2,16,6,late,0.0213053198724143,0.06771367871757443,0.8164965809277261,0.9,1,linear,0.0039728888598441515,0.05,0.01,0.5,11,192,2993704,,24,,6,,
1705,FAIL,,3,lean,32,8,32,6,late,0.005892159794220549,0.22821063658048316,1.25,1.05,1,linear,0.005085941226789828,0.15,0.06,1.0,10,192,3099992,,24,,0,,oom
1706,PRUNED,4.537398937375691,3,lean,32,8,32,6,even,0.012665366938647607,0.09801255695206602,1.25,1.05,1,one,0.005221261751036895,0.15,0.06,1.0,10,192,3096872,,24,,4,,
1707,COMPLETE,4.194041550159454,3,full,32,2,32,6,midlate,0.02405992091056979,0.10457315858676425,1.0,0.9,1,head_scalar,0.005497252856855709,0.1,0.06,0.5,11,192,3029656,0.11055546998977661,24,296133.58606196503,3,4.494183540344238,
1708,PRUNED,4.812288403781845,3,full,32,4,32,6,late,0.00532995484967229,0.10888673745027075,0.8164965809277261,1.0,2,linear,0.004556558502961535,0.1,0.06,1.0,11,192,3080356,,24,,6,,
1709,PRUNED,4.824577687861629,3,full,24,2,32,6,late,0.019164940863970806,0.26802511714311794,1.25,0.9,2,linear,0.005105221149212749,0.15,0.01,0.5,11,192,3018280,,24,,7,,
1710,PRUNED,4.897611459664593,3,full,16,2,32,6,late,0.01482153103629172,0.2769076273858221,0.75,0.9,1,linear,0.0034341147637790962,0.15,0.06,0.5,11,192,3006136,,24,,7,,
1711,COMPLETE,4.208053648471832,3,full,32,4,32,3,midlate,0.009784348479311504,0.07193669918691886,1.25,1.05,1,linear,0.005062579428884327,0.15,0.06,1.0,11,192,3005464,0.1495051383972168,24,351351.4166526774,1,4.493893146514893,
1712,COMPLETE,4.1936957240104675,3,full,24,2,32,6,late,0.022077401619410214,0.06994535184624104,0.8164965809277261,0.9,1,linear,0.005429656618702265,0.1,0.04,0.5,11,192,3018280,0.1915709376335144,24,295056.6333976425,6,4.4940690994262695,
1713,PRUNED,4.7948485556690645,3,full,32,1,8,6,late,0.005484673971999701,0.053011048871574956,0.8164965809277261,0.9,1,linear,0.004517083574500487,0.1,0.06,1.0,11,192,2987026,,24,,5,,
1714,PRUNED,4.807593831263398,2,full,32,8,32,6,late,0.024072323984061585,0.20129344523104026,1.25,0.9,1,linear,0.004966986805446703,0.1,0.06,1.0,13,128,3172456,,24,,5,,
1715,COMPLETE,4.166615664958954,3,full,32,2,32,6,midlate,0.01097740634940402,0.21835984674482542,1.0,0.9,1,linear,0.005278244806191105,0.1,0.06,1.0,11,192,3030424,0.18367135524749756,24,280638.670479149,7,4.494194984436035,
1716,PRUNED,4.465869346687132,3,full,32,4,32,6,late,0.00860167676419239,0.19959943086730758,0.8164965809277261,0.9,1,one,0.005037457984064101,0.15,0.06,1.0,11,192,3078796,,24,,3,,
1717,PRUNED,4.815260910741879,3,full,32,2,24,4,late,0.018063525482617478,0.22038588277829213,0.8164965809277261,0.9,1,linear,0.004302739106511881,0.05,0.06,0.5,11,192,2988948,,24,,4,,
1718,PRUNED,4.826529908344298,3,full,24,2,32,3,late,0.029110894169912263,0.17329510526914216,0.8164965809277261,1.0,1,linear,0.004230230425015816,0.15,0.06,0.5,11,192,2968354,,24,,2,,
1719,PRUNED,4.685060229669716,3,lean,24,2,32,6,late,0.014925213444366708,0.14223326487972932,1.0,0.9,1,linear,0.00448892288857188,0.15,0.06,0.5,10,192,2939156,,24,,4,,
1720,PRUNED,4.808788992159226,3,full,16,2,16,4,late,0.012721638741349486,0.023277261311488353,0.75,0.9,1,linear,0.0044261514856817445,0.15,0.06,1.0,11,192,2956468,,24,,6,,
1721,PRUNED,4.8085740645222455,3,full,8,4,24,3,midlate,0.004883495914218795,0.1301490144401373,0.75,0.9,1,learned,0.005307018681964854,0.1,0.06,1.0,11,192,2956744,,24,,6,,
1722,PRUNED,4.7733293425060985,3,full,24,2,32,2,late,0.024672033973732212,0.18220191330720908,0.8164965809277261,0.9,1,one,0.004579686642842622,0.15,0.06,0.5,11,192,2951452,,24,,5,,
1723,PRUNED,4.825399450307982,3,full,32,2,8,2,late,0.013694202131824686,0.2153252034692231,1.0,0.9,1,linear,0.0046439408271928785,0.05,0.06,0.5,11,192,2951568,,24,,7,,
1724,COMPLETE,4.22903573513031,3,full,24,2,32,6,late,0.017292687551771803,0.25522093212707675,0.8164965809277261,0.9,1,one,0.005369976041328184,0.1,0.06,0.5,11,192,3017500,0.10338938236236572,24,293501.5592147037,1,4.494046211242676,
1725,COMPLETE,4.201647400856018,3,lean,32,2,32,6,midlate,0.008122827030934527,0.12727546821731706,0.75,0.9,1,learned,0.0052100132162175026,0.1,0.06,1.0,10,192,2950196,0.179948091506958,24,309804.8980803852,3,4.4932861328125,
1726,PRUNED,4.772178199943031,3,full,24,2,8,6,midlate,0.012066893502347567,0.18018695530060483,1.0,0.9,1,linear,0.005215964060793514,0.05,0.06,1.0,11,192,2981416,,24,,4,,
1727,PRUNED,4.870977294267192,1,full,32,2,32,4,midlate,0.005485720480347862,0.13187680563967336,1.0,0.9,1,linear,0.005452062448429091,0.1,0.06,1.0,16,64,2984200,,24,,7,,
1728,COMPLETE,4.21564120054245,3,full,32,2,24,6,midlate,0.016672109067235704,0.19933387210501527,1.0,0.9,1,linear,0.004590554715810755,0.1,0.06,1.0,11,192,3018136,0.16523301601409912,24,318613.8125888651,2,4.494057655334473,
1729,COMPLETE,4.185988008975983,3,full,24,2,32,6,midlate,0.014649973797616189,0.14364619862746125,1.0,0.9,1,linear,0.005261710407915548,0.1,0.06,1.0,11,192,3018280,0.17863750457763672,24,297179.44090745936,5,4.4940690994262695,
1730,PRUNED,4.812871176611555,3,full,32,2,32,2,midlate,0.010129926584530166,0.04390221825403527,0.75,0.9,1,linear,0.003991780302981411,0.1,0.02,1.0,11,192,2963856,,24,,6,,
1731,PRUNED,4.810340475937622,3,full,32,2,32,6,late,0.028964159139195315,0.23972037803956345,0.8164965809277261,0.9,1,linear,0.004053267758914423,0.1,0.06,0.5,11,192,3030424,,24,,0,,
1732,PRUNED,4.829541226860835,3,full,32,2,32,6,midlate,0.015886849801544662,0.20161933082061528,1.0,0.9,2,linear,0.004071010721531642,0.05,0.06,1.0,11,192,3030424,,24,,4,,
1733,PRUNED,4.456899836325411,3,full,32,2,32,4,midlate,0.0167201704756544,0.13865727229141875,1.0,0.9,1,one,0.005405139840969638,0.1,0.02,0.5,11,192,2996620,,24,,6,,
1734,COMPLETE,4.205103695392609,3,full,32,2,32,6,midlate,0.00871573894436472,0.19915599486539573,1.0,0.9,1,linear,0.005309527608535048,0.1,0.01,1.0,11,192,3030424,0.19940614700317383,24,295869.8745428125,7,4.494194984436035,
1735,PRUNED,4.815717744103708,2,full,32,2,32,6,midlate,0.024539683767730098,0.0321008620470099,1.0,0.9,1,linear,0.004936734356263098,0.1,0.06,0.5,13,128,3022660,,24,,4,,
1736,PRUNED,4.893926864759901,1,full,24,2,32,6,late,0.018177697525558176,0.27875053700053337,1.25,0.9,1,linear,0.005302722308898285,0.15,0.06,0.5,16,64,2999820,,24,,6,,
1737,COMPLETE,4.214322805404663,3,full,32,2,32,6,midlate,0.004574471750277767,0.097855999285389,1.0,0.9,1,head_scalar,0.005483342870930446,0.1,0.06,1.0,11,192,3029656,0.09715944528579712,24,279471.1077570226,1,4.494183540344238,
1738,PRUNED,4.616243003146758,3,full,24,2,8,4,late,0.01942002540776348,0.1910090418037737,0.8164965809277261,0.9,1,linear,0.005243269159774072,0.15,0.06,0.5,11,192,2960420,,24,,0,,
1739,COMPLETE,4.1845396757125854,3,full,24,2,32,6,even,0.02809976617156076,0.26857485567517475,0.8164965809277261,1.0,1,linear,0.005419071423393603,0.0,0.06,0.5,11,192,3018280,0.17713326215744019,24,304338.70517480123,2,4.4940690994262695,
1740,COMPLETE,4.181772232055664,3,full,24,1,32,6,late,0.026327201639094026,0.2367449025750939,0.75,0.9,1,linear,0.005135000937622951,0.15,0.06,0.5,11,192,2993314,0.17581820487976074,24,336745.73054909444,3,4.4937944412231445,
1741,COMPLETE,4.229283452033997,3,full,16,8,32,4,late,0.013450393641667203,0.09199954104195444,0.75,0.9,1,linear,0.005034038209714611,0.05,0.01,1.0,11,192,3072716,0.15130490064620972,24,191302.63294409346,4,4.494656085968018,
1742,COMPLETE,4.219676434993744,3,full,32,1,32,6,midlate,0.0081418264562764,0.1675579455070006,1.0,0.9,1,linear,0.004352386575529147,0.1,0.06,1.0,11,192,3005458,0.16981017589569092,24,345909.2102350711,5,4.49392032623291,
1743,PRUNED,4.930561285536178,1,full,24,4,32,4,midlate,0.008208957443311276,0.17732797016531485,0.75,1.05,1,linear,0.005320274468759988,0.15,0.06,1.0,16,64,2999824,,24,,0,,
1744,PRUNED,4.93710155036713,1,full,32,2,32,6,late,0.004878804410877597,0.07150389758672657,0.8164965809277261,1.0,1,linear,0.004183235791294934,0.1,0.04,1.0,16,64,3017484,,24,,6,,
1745,PRUNED,4.823445921539497,3,full,24,4,8,4,midlate,0.00427395743739908,0.03092719218902414,1.25,1.05,1,head_scalar,0.00437145383784666,0.15,0.06,1.0,11,192,2968108,,24,,7,,
1746,COMPLETE,4.182561039924622,3,full,24,2,32,4,midlate,0.02474567511133766,0.212225223403614,0.8164965809277261,0.9,1,linear,0.005034833545434167,0.15,0.06,0.5,11,192,2984996,0.16823458671569824,24,359919.42989277927,7,4.493681907653809,
1747,COMPLETE,4.198944449424744,3,full,24,4,32,6,late,0.011537700650611242,0.12247331076837092,1.0,1.0,1,linear,0.004911233996230237,0.15,0.06,1.0,11,192,3068212,0.1860295534133911,24,207344.3361385444,0,4.494626998901367,
1748,PRUNED,4.999723329452735,1,full,16,8,32,4,late,0.017535278869662264,0.009097411172342652,1.25,0.9,1,linear,0.004202321038309121,0.15,0.06,1.0,16,64,3048736,,24,,6,,
1749,COMPLETE,4.184855222702026,3,full,16,2,32,6,late,0.02516620336228271,0.2290906653568895,0.8164965809277261,1.05,1,linear,0.004833514250745096,0.15,0.06,0.5,11,192,3006136,0.19350671768188477,24,287409.9382864153,3,4.493927478790283,
1750,PRUNED,4.879462173982521,3,full,8,4,24,6,late,0.01809411387593185,0.07638752376455528,0.8164965809277261,1.0,1,linear,0.0042539556429362305,0.15,0.06,1.0,11,192,3019348,,24,,5,,
1751,PRUNED,4.769671485661572,3,full,32,1,32,6,midlate,0.012131053160439479,0.03125034147649741,1.25,1.05,1,linear,0.004445430040378301,0.15,0.06,1.0,11,192,3005458,,24,,1,,
1752,FAIL,,3,lean,8,8,32,6,late,0.01708747518177904,0.1808221412460047,0.8164965809277261,0.9,1,linear,0.004568943504477744,0.15,0.06,0.5,10,192,3066872,,24,,2,,oom
1753,PRUNED,4.68438469718377,3,full,32,1,16,6,late,0.01724058852908918,0.11108510540846807,1.25,0.9,1,linear,0.005039946160736483,0.1,0.06,1.0,11,192,2993170,,24,,1,,
1754,COMPLETE,4.1824198961257935,3,full,32,2,32,6,midlate,0.009564535746463453,0.14368916787389605,1.0,0.9,1,linear,0.005454335452984253,0.0,0.06,1.0,11,192,3030424,0.18212014436721802,24,293128.47674405377,5,4.494194984436035,
1755,PRUNED,4.88221441951543,3,full,16,1,32,4,midlate,0.0076955435393024135,0.17045271457060499,1.25,0.9,1,one,0.004127407631596332,0.1,0.06,1.0,11,192,2955948,,24,,7,,
1756,COMPLETE,4.181960642337799,3,full,24,2,32,6,even,0.018839834840071377,0.12258702624446957,0.8164965809277261,0.9,1,linear,0.005259499588849188,0.15,0.04,0.5,11,192,3018280,0.19810080528259277,24,294169.7556314831,6,4.4940690994262695,
1757,PRUNED,4.816817079705018,3,full,16,4,32,6,late,0.00835065041615567,0.18772997450503073,0.8164965809277261,1.0,1,linear,0.005006557063945181,0.15,0.04,1.0,11,192,3056068,,24,,1,,
1758,PRUNED,4.823656194988443,3,full,24,4,32,3,even,0.006507556636318217,0.2780228518530818,0.8164965809277261,0.9,1,linear,0.004443485976890406,0.15,0.02,1.0,11,192,2993320,,24,,7,,
1759,PRUNED,4.844217452078237,3,full,32,2,32,6,late,0.026546955808900177,0.24109696275015527,0.8164965809277261,0.9,1,linear,0.003410892453544172,0.1,0.06,1.0,11,192,3030424,,24,,3,,
1760,COMPLETE,4.229042649269104,2,full,32,2,32,2,late,0.012698452737873338,0.14920911523217778,0.8164965809277261,1.05,1,linear,0.005301289126970429,0.1,0.06,1.0,13,128,2956092,0.14268755912780762,24,441847.75513012166,4,4.4933600425720215,
1761,PRUNED,4.891354891924524,3,lean,32,2,32,6,midlate,0.018990086994626582,0.25903491429529746,1.0,1.0,1,linear,0.0033951121370675353,0.1,0.06,1.0,10,192,2950196,,24,,7,,
1762,COMPLETE,4.195974826812744,2,full,32,2,32,6,midlate,0.00724337205497605,0.0655493711359243,0.75,0.9,1,linear,0.005351818425963267,0.1,0.06,1.0,13,128,3022660,0.18329083919525146,24,278587.2026853546,1,4.494134426116943,
1763,COMPLETE,4.1946834325790405,2,full,16,1,32,4,midlate,0.019731516618189494,0.2900608635806404,0.8164965809277261,0.9,1,linear,0.005387006608987263,0.15,0.06,0.5,13,128,2944028,0.18113219738006592,24,371699.0725626445,0,4.493247985839844,
1764,PRUNED,4.717276227712986,3,full,32,2,24,2,midlate,0.02443340550561958,0.044910879485023175,1.0,0.9,1,linear,0.004661725327719357,0.1,0.06,0.5,11,192,2959760,,24,,3,,
1765,PRUNED,4.918363700161091,1,full,32,2,32,6,midlate,0.008902553247362971,0.07788625879328062,0.75,0.9,1,linear,0.004674220314383015,0.1,0.02,1.0,16,64,3017484,,24,,7,,
1766,PRUNED,4.813182367182895,3,full,24,4,32,6,late,0.01961962173647772,0.2613488445883028,0.8164965809277261,1.0,1,linear,0.00436519336605182,0.0,0.01,1.0,11,192,3068212,,24,,5,,
1767,PRUNED,4.809314192074082,3,full,32,2,24,6,even,0.0073430932954778195,0.14577046074315825,0.75,0.9,1,linear,0.004227759649668823,0.1,0.06,1.0,11,192,3018136,,24,,3,,
1768,COMPLETE,4.173507571220398,3,full,32,2,32,6,late,0.017482008213330014,0.29443355506039026,0.8164965809277261,0.9,1,linear,0.005077064278174477,0.15,0.04,0.5,11,192,3030424,0.1941419243812561,24,308183.0429390625,6,4.494194984436035,
1769,FAIL,,3,full,24,8,32,6,late,0.009824317141488572,0.09605577964147201,0.8164965809277261,0.9,1,linear,0.005181793357642395,0.1,0.06,1.0,11,192,3168076,,24,,4,,oom
1770,PRUNED,4.5893610448149715,3,full,32,2,8,6,midlate,0.019786770526223296,0.1745412980136909,0.75,1.05,1,linear,0.0054054810282845485,0.05,0.06,1.0,11,192,2993560,,24,,3,,
1771,COMPLETE,4.182412564754486,3,full,16,8,32,4,midlate,0.01081601266911937,0.17517858973760259,0.8164965809277261,0.9,1,linear,0.0054724678500686,0.15,0.06,1.0,11,192,3072716,0.19640207290649414,24,191668.84084652524,7,4.494656085968018,
1772,PRUNED,4.88512005389928,1,lean,32,2,32,6,late,0.008035032126313391,0.07870279031454187,1.25,1.05,1,linear,0.0046721184886495525,0.15,0.06,1.0,15,64,2963136,,24,,0,,
1773,PRUNED,4.554249470751862,3,full,32,2,32,6,late,0.024114786779755495,0.10843672551775373,0.75,0.9,1,head_scalar,0.0045531444438151065,0.05,0.06,0.5,11,192,3029656,,24,,5,,
1774,PRUNED,4.827304212632492,2,full,24,2,32,6,late,0.02008782792192422,0.22701260626262595,0.8164965809277261,0.9,2,linear,0.0052578803792402845,0.15,0.06,0.5,13,128,3008308,,24,,3,,
1775,PRUNED,4.7875790802558935,3,lean,16,2,32,3,late,0.012528424448337697,0.05809308832936668,0.8164965809277261,1.0,1,linear,0.004199169793619658,0.1,0.06,1.0,10,192,2878190,,24,,0,,
1776,PRUNED,4.731690694166534,3,full,16,1,16,4,midlate,0.011022512148436438,0.2705147385514101,0.75,0.9,1,linear,0.005498886856123689,0.0,0.06,1.0,11,192,2948016,,24,,1,,
1777,COMPLETE,4.208254158496857,3,full,32,4,32,2,late,0.00799036204873813,0.24983682815296807,0.8164965809277261,1.0,1,learned,0.0049334583796210914,0.15,0.06,1.0,11,192,2980500,0.16365963220596313,24,377637.9864795925,2,4.4936065673828125,
1778,PRUNED,4.821552194276122,2,full,24,4,32,3,midlate,0.004158210923744323,0.0730790360059457,0.75,1.0,1,linear,0.004590882370402938,0.1,0.06,1.0,13,128,2983348,,24,,1,,
1779,COMPLETE,4.178659617900848,3,full,32,2,32,6,midlate,0.005971690959913545,0.19906363854718925,1.0,1.0,1,linear,0.00490250902327345,0.1,0.06,1.0,11,192,3030424,0.18541830778121948,24,272077.1448152716,3,4.494194984436035,
1780,PRUNED,4.80291065808923,3,full,32,2,32,6,even,0.004545537124454337,0.03573508191795189,1.25,1.05,1,linear,0.005466520952144712,0.1,0.02,1.0,11,192,3030424,,24,,0,,
1781,COMPLETE,4.208918571472168,3,full,24,4,32,4,midlate,0.0037692978212685215,0.021189034943624452,1.25,1.05,1,linear,0.0046398805753083755,0.1,0.06,1.0,11,192,3018284,0.17282545566558838,24,269167.7816246154,6,4.494053840637207,
1782,PRUNED,4.848718137525916,3,full,32,8,32,4,midlate,0.019581463028668027,0.08955691238612774,1.0,0.9,1,linear,0.003805101293596119,0.1,0.06,0.5,11,192,3097004,,24,,5,,
1783,COMPLETE,4.183736085891724,3,full,32,2,32,6,late,0.01765054275429515,0.19719192629505275,0.8164965809277261,0.9,1,linear,0.005270168761595531,0.15,0.04,0.5,11,192,3030424,0.17774325609207153,24,257336.48000559214,1,4.494194984436035,
1784,PRUNED,4.9308024454785,3,full,24,2,32,6,late,0.02247555856084545,0.09933311539175234,1.0,0.9,1,linear,0.0032429088645159415,0.05,0.06,0.5,11,192,3018280,,24,,0,,
1785,PRUNED,4.809202454422815,3,full,24,2,32,3,late,0.013103849985077637,0.29790684495114267,1.25,1.0,1,head_scalar,0.00438558669321297,0.15,0.06,1.0,11,192,2967970,,24,,0,,
1786,COMPLETE,4.2141987681388855,3,lean,32,2,32,6,even,0.010243257876350297,0.2565882350478916,0.8164965809277261,0.9,1,linear,0.004670662563851536,0.15,0.04,0.5,10,192,2950196,0.1817726492881775,24,303476.96960570215,5,4.4932861328125,
1787,PRUNED,4.826635011778693,3,full,8,1,32,4,midlate,0.017072564552415546,0.2928611280279399,0.75,0.9,1,linear,0.004969108448322137,0.15,0.01,1.0,11,192,2944064,,24,,3,,
1788,COMPLETE,4.208468794822693,3,full,24,2,32,6,late,0.019393232659375818,0.2928618061882387,1.25,1.0,1,linear,0.005148750090998504,0.15,0.02,0.5,11,192,3018280,0.19065767526626587,24,296625.92663286865,2,4.4940690994262695,
1789,COMPLETE,4.216791808605194,2,lean,32,2,32,6,late,0.027416202362983352,0.23166139402275082,0.8164965809277261,0.9,1,linear,0.005248586634194746,0.05,0.06,0.5,12,128,2955372,0.20041513442993164,24,233732.82670578873,0,4.493370056152344,
1790,PRUNED,4.821617316542627,3,full,32,4,32,3,midlate,0.015372835989727204,0.030531179185273687,1.0,0.9,1,linear,0.004339407173634524,0.1,0.06,0.5,11,192,3005464,,24,,6,,
1791,COMPLETE,4.220889866352081,3,full,32,2,32,3,late,0.005898537933591282,0.0910379231209274,1.25,1.05,1,head_scalar,0.0054883152756344195,0.15,0.06,1.0,11,192,2980114,0.06729644536972046,24,281106.09355275484,7,4.493608474731445,
1792,PRUNED,4.773003784237169,3,full,24,4,32,3,midlate,0.004707289862439811,0.15971552772192582,0.75,0.9,2,linear,0.0047231092716903894,0.1,0.06,1.0,11,192,2993320,,24,,3,,
1793,PRUNED,4.860364492463918,2,full,24,1,24,6,late,0.014870623623264771,0.19957327409623646,0.8164965809277261,0.9,1,linear,0.005141060245241791,0.15,0.01,0.5,13,128,2977198,,24,,4,,
1794,COMPLETE,4.151790618896484,3,full,32,4,32,6,late,0.022846843162214723,0.2452382897668451,0.75,1.0,1,linear,0.005405825902014229,0.15,0.04,1.0,11,192,3080356,0.20982342958450317,24,216138.40491662,1,4.494752883911133,
1795,COMPLETE,4.191513478755951,3,full,32,2,32,2,even,0.005142541060231191,0.05491506587032591,1.25,1.0,1,linear,0.005106706840688102,0.15,0.06,1.0,11,192,2963856,0.142974853515625,24,456101.2080889112,6,4.493420600891113,
1796,PRUNED,4.513040989593215,3,full,32,2,32,6,late,0.013773418771534172,0.2898270825834256,0.8164965809277261,0.9,2,linear,0.005114718409433382,0.1,0.04,0.5,11,192,3030424,,24,,3,,
1797,PRUNED,4.833974518477141,3,full,32,2,16,6,late,0.005275489171068521,0.20174436243310914,0.8164965809277261,1.0,1,head_scalar,0.004620625075038984,0.1,0.06,1.0,11,192,3005080,,24,,4,,
1798,COMPLETE,4.220801591873169,3,full,32,1,32,4,midlate,0.014504961047099467,0.16932725698828452,0.8164965809277261,0.9,1,linear,0.004532209961293209,0.15,0.06,1.0,11,192,2980496,0.14530587196350098,24,283638.75161126774,7,4.493624687194824,
1799,COMPLETE,4.207335293292999,3,full,32,2,32,6,even,0.0075921785814789325,0.12224557253028717,1.25,1.05,1,linear,0.005200705179930303,0.15,0.02,0.5,11,192,3030424,0.16747277975082397,24,294186.5467536276,5,4.494194984436035,
1800,PRUNED,4.584482636751216,3,full,16,2,32,6,midlate,0.011316866733340198,0.10514539735224847,0.8164965809277261,1.0,2,linear,0.004954576716138618,0.1,0.06,1.0,11,192,3006136,,24,,6,,
1801,COMPLETE,4.212736904621124,2,full,24,2,32,3,late,0.023175149868837324,0.18859101596067718,0.8164965809277261,0.9,1,linear,0.00546982439923682,0.15,0.06,0.5,13,128,2958382,0.19359368085861206,24,381471.81259332865,2,4.493404865264893,
1802,COMPLETE,4.223359704017639,3,full,32,2,32,3,midlate,0.007572947432825793,0.1370238701169649,1.0,0.9,1,linear,0.004552988034828403,0.1,0.06,1.0,11,192,2980498,0.1579555869102478,24,426940.42381242313,0,4.493614196777344,
1803,PRUNED,4.907410765832398,1,full,24,2,32,6,midlate,0.026573692188826895,0.2224721347629694,0.8164965809277261,0.9,1,linear,0.004817924813340346,0.1,0.06,0.5,16,64,2999820,,24,,4,,
1804,PRUNED,4.823661157642525,2,full,8,1,32,4,midlate,0.00919141813275214,0.19442028456851457,0.75,0.9,1,linear,0.005094103103333719,0.05,0.06,1.0,13,128,2929676,,24,,3,,
1805,PRUNED,4.824032767382664,3,full,32,2,32,2,even,0.0143387577651018,0.14359640332546533,1.0,0.9,1,linear,0.004076802034007305,0.1,0.06,1.0,11,192,2963856,,24,,7,,
1806,PRUNED,4.834357165659846,2,full,8,2,8,6,late,0.021657630525178023,0.2616164510386189,0.8164965809277261,0.9,1,linear,0.004523402399424681,0.15,0.06,1.0,13,128,2942740,,24,,3,,
1807,PRUNED,4.817307930989405,3,full,32,2,16,6,midlate,0.004488904421106256,0.29665427118302823,1.0,0.9,1,linear,0.004462946267408538,0.15,0.06,1.0,11,192,3005848,,24,,6,,
1808,PRUNED,4.929069775806452,3,full,32,8,32,6,midlate,0.019958638257100283,0.20700077167444933,0.75,0.9,1,linear,0.003003764077710323,0.15,0.04,0.5,11,192,3180220,,24,,4,,
1809,PRUNED,4.814504224811836,3,full,32,4,32,6,late,0.013206900478111993,0.24610484413983463,0.75,0.9,1,linear,0.004195612191815749,0.15,0.04,0.5,11,192,3080356,,24,,7,,
1810,COMPLETE,4.2317845821380615,3,lean,24,4,32,6,midlate,0.008012784020496743,0.29464617449464126,0.8164965809277261,0.9,1,linear,0.004554228153982807,0.05,0.06,1.0,10,192,2989088,0.19335120916366577,24,213697.24149340432,3,4.493729591369629,
1811,FAIL,,3,lean,24,8,32,6,late,0.021796522522384724,0.2085022921556482,1.25,1.0,1,learned,0.0049168976483150795,0.15,0.06,1.0,10,192,3088952,,24,,2,,oom
1812,PRUNED,4.95872130094877,1,full,32,4,32,6,late,0.01376164357222513,0.24312256905793428,0.8164965809277261,1.0,2,one,0.004323298101346144,0.15,0.06,1.0,16,64,3065856,,24,,0,,
1813,PRUNED,4.814583316472609,3,lean,32,2,32,6,midlate,0.006805927787633877,0.07800927972371167,0.75,0.9,1,linear,0.004829982148781674,0.0,0.01,1.0,10,192,2950196,,24,,6,,
1814,COMPLETE,4.202965795993805,2,full,8,2,32,6,late,0.017788405502840866,0.24545850307732284,0.8164965809277261,0.9,1,linear,0.005490023318075075,0.15,0.06,0.5,13,128,2979604,0.19552552700042725,24,262704.02718808595,5,4.493669509887695,
1815,PRUNED,4.76611085783352,3,full,16,2,32,3,even,0.010198140059909594,0.03673300506821607,1.25,1.05,1,linear,0.0045138218073923625,0.15,0.06,1.0,11,192,2956210,,24,,1,,
1816,PRUNED,4.7727747605142685,2,full,32,2,32,6,late,0.024839450503158892,0.19883142422185865,0.8164965809277261,1.05,1,linear,0.005346115537807555,0.05,0.06,1.0,13,128,3022660,,24,,1,,
1817,COMPLETE,4.236478209495544,3,lean,32,2,32,2,late,0.01491099671505096,0.25877152581372037,0.8164965809277261,1.0,1,linear,0.0053202146231579395,0.1,0.02,1.0,10,192,2883628,0.16545408964157104,24,438219.11591978674,6,4.492511749267578,
1818,FAIL,,3,full,32,8,32,6,midlate,0.01637125431289818,0.05365620113076706,0.75,0.9,1,linear,0.004806216859568197,0.15,0.06,1.0,11,192,3180220,,24,,7,,oom
1819,COMPLETE,4.218742847442627,3,full,32,4,32,2,late,0.025996613766142245,0.10387431940490457,0.75,1.0,1,linear,0.004999368292605729,0.15,0.04,0.5,11,192,2980500,0.1587325930595398,24,326250.6372950236,0,4.4936065673828125,
1820,COMPLETE,4.209287405014038,3,full,32,2,32,6,late,0.028594257763389568,0.16006488241634426,1.25,1.0,1,linear,0.004565112158297569,0.15,0.04,0.5,11,192,3030424,0.17722564935684204,24,289012.9524210066,1,4.494194984436035,
1821,PRUNED,4.841461823390182,3,full,32,4,32,6,late,0.026597339502752372,0.2497162019828639,0.75,1.0,2,linear,0.004198371223738952,0.15,0.04,1.0,11,192,3080356,,24,,4,,
1822,PRUNED,4.92578869808123,1,full,32,2,32,6,late,0.021097985815355106,0.16287826330504926,1.0,0.9,1,linear,0.005321899097549619,0.15,0.04,1.0,16,64,3017484,,24,,6,,
1823,COMPLETE,4.20653909444809,3,full,32,4,32,6,late,0.029024330989843368,0.09857198737863358,0.75,1.0,1,linear,0.004716201504969731,0.15,0.04,1.0,11,192,3080356,0.1865936517715454,24,216539.6666360313,5,4.494752883911133,
1824,COMPLETE,4.199335813522339,3,full,32,2,32,6,even,0.0052312468098183575,0.03005493413670171,0.75,1.05,1,learned,0.0047658721638981875,0.15,0.06,1.0,11,192,3030424,0.13734662532806396,24,272741.2519760199,0,4.494194984436035,
1825,PRUNED,4.851793854491588,2,full,32,4,32,3,midlate,0.0075639614796167935,0.2120489356115416,0.75,0.9,1,linear,0.004352163387345494,0.1,0.06,0.5,13,128,2997700,,24,,6,,
1826,PRUNED,4.7165072356488,3,full,8,2,16,6,late,0.025700059942227325,0.1926547501007381,0.8164965809277261,0.9,1,linear,0.0045636504955531825,0.15,0.06,0.5,11,192,2969416,,24,,3,,
1827,FAIL,,3,full,16,8,32,6,late,0.023361824845799562,0.17215156286908068,0.8164965809277261,1.05,1,linear,0.0046393884305154865,0.1,0.06,1.0,11,192,3155932,,24,,4,,oom
1828,FAIL,,3,full,16,8,32,6,late,0.008615396729118964,0.02797073083737115,1.25,1.05,1,linear,0.005202703696540905,0.15,0.06,1.0,11,192,3155932,,24,,6,,oom
1829,PRUNED,4.920305630942347,1,full,32,2,24,6,midlate,0.009318318982699565,0.030463622697110816,0.75,0.9,1,linear,0.004750592252277179,0.15,0.06,1.0,16,64,3005196,,24,,3,,
1830,PRUNED,4.875741880385053,1,full,32,2,32,6,even,0.012678767757863762,0.11358037656607717,0.75,0.9,1,linear,0.004821905907953753,0.05,0.06,0.5,16,64,3017484,,24,,1,,
1831,COMPLETE,4.240943789482117,2,full,32,4,32,6,late,0.02228027752562066,0.08218571253291689,0.8164965809277261,0.9,1,linear,0.005477977206687042,0.05,0.01,0.5,13,128,3072592,0.16663378477096558,24,217739.5620334343,3,4.494692325592041,
1832,COMPLETE,4.226372599601746,3,full,32,4,24,6,late,0.019852220518096677,0.127839978345125,0.75,0.9,1,linear,0.004792793179810691,0.15,0.04,1.0,11,192,3055780,0.17095261812210083,24,277513.54559099284,2,4.494478225708008,
1833,PRUNED,4.797829655017372,3,full,8,2,8,6,late,0.0071297877666740206,0.18325688046905134,0.8164965809277261,0.9,1,linear,0.004775622683220105,0.15,0.04,0.5,11,192,2957128,,24,,1,,
1834,PRUNED,4.821667710165541,2,full,32,4,32,6,late,0.015824495685915378,0.1202442166936124,0.8164965809277261,1.05,1,linear,0.004765661267970814,0.1,0.06,1.0,13,128,3072592,,24,,0,,
1835,PRUNED,4.47084103858222,3,full,32,4,16,6,midlate,0.023207685625883982,0.10348663640752513,1.0,0.9,1,linear,0.005059125935414166,0.1,0.02,0.5,11,192,3031204,,24,,1,,
1836,PRUNED,4.851614580496307,3,lean,24,8,32,4,midlate,0.0058975839272913414,0.10305537013157637,1.25,1.05,1,linear,0.0041123897169750906,0.15,0.06,1.0,10,192,3005736,,24,,5,,
1837,COMPLETE,4.231512486934662,3,full,32,2,24,6,late,0.029138999233744616,0.1223448429943546,0.8164965809277261,0.9,1,head_scalar,0.00538987943294741,0.15,0.04,0.5,11,192,3017368,0.10173302888870239,24,261220.5975175238,7,4.494046211242676,
1838,FAIL,,3,full,24,8,32,6,late,0.02001456603505343,0.2551803831779433,0.75,1.0,1,linear,0.005373248950104706,0.15,0.04,1.0,11,192,3168076,,24,,0,,oom
1839,PRUNED,4.9094898628566686,1,full,32,2,32,3,even,0.011793796636460038,0.061338197553954886,1.25,1.05,1,linear,0.004645771346371525,0.15,0.06,1.0,16,64,2967558,,24,,1,,
1840,COMPLETE,4.205197215080261,3,lean,24,1,32,6,late,0.02677629337888457,0.18606756759393692,0.8164965809277261,0.9,1,linear,0.005044040385752079,0.15,0.06,0.5,10,192,2914190,0.17275971174240112,24,315736.77100639563,1,4.492897033691406,
1841,PRUNED,4.861965971299425,2,full,32,2,32,6,late,0.006096123505033275,0.08049539945347073,1.25,1.05,1,head_scalar,0.004343448096958316,0.1,0.06,1.0,13,128,3021892,,24,,5,,
1842,PRUNED,4.68482066255777,3,full,32,2,32,6,midlate,0.013394025638610675,0.04605049185571081,0.75,0.9,1,one,0.004659941454159122,0.1,0.04,1.0,11,192,3029644,,24,,3,,
1843,PRUNED,4.890324289939766,1,lean,32,2,32,6,late,0.0186694696425855,0.1165009675440204,0.8164965809277261,0.9,1,one,0.0043779914602761465,0.1,0.06,1.0,15,64,2962356,,24,,2,,
1844,PRUNED,4.366857717899034,3,full,32,1,24,6,late,0.028015239535597165,0.048497909295746176,0.8164965809277261,0.9,1,linear,0.004622397413254838,0.1,0.06,1.0,11,192,2999314,,24,,4,,
1845,PRUNED,4.871543573520525,3,full,32,2,24,6,late,0.006415635358933285,0.08876300403416874,1.25,1.05,1,linear,0.004006520037984402,0.15,0.06,1.0,11,192,3018136,,24,,5,,
1846,COMPLETE,4.213322341442108,3,lean,32,2,32,6,midlate,0.011690584468377306,0.09530749426532042,1.25,1.05,1,linear,0.005326259601334121,0.15,0.02,1.0,10,192,2950196,0.18685680627822876,24,295277.23301240645,1,4.4932861328125,
1847,PRUNED,4.892310040670001,1,full,24,2,8,6,late,0.029570749072418075,0.28866182644935556,0.8164965809277261,0.9,1,linear,0.0052530118039857444,0.05,0.06,0.5,16,64,2962956,,24,,6,,
1848,PRUNED,4.75698441480205,3,full,32,4,32,6,midlate,0.011512388945014456,0.14453777761069153,0.75,0.9,2,linear,0.004812785151784681,0.1,0.06,1.0,11,192,3080356,,24,,7,,
1849,COMPLETE,4.2142462730407715,3,full,32,2,32,2,late,0.01973526950292662,0.2515196092356719,0.75,1.0,1,linear,0.005218939560363508,0.05,0.04,1.0,11,192,2963856,0.15340715646743774,24,437162.55719141697,3,4.493420600891113,
1850,COMPLETE,4.202188491821289,3,full,32,1,32,6,midlate,0.010684814176731611,0.03592754113753995,0.75,0.9,1,linear,0.004817368972475478,0.1,0.06,0.5,11,192,3005458,0.1350994110107422,24,338252.4315081192,5,4.49392032623291,
1851,PRUNED,4.817066751534727,3,full,24,2,32,6,late,0.018552046925880045,0.21777557002240727,0.8164965809277261,0.9,1,linear,0.004811153749861032,0.0,0.01,0.5,11,192,3018280,,24,,2,,
1852,FAIL,,3,full,32,8,32,6,midlate,0.020853092733477015,0.09578943761650788,0.75,0.9,1,learned,0.004769506400646005,0.1,0.06,1.0,11,192,3180220,,24,,6,,oom
1853,COMPLETE,4.184133231639862,3,full,32,2,32,6,midlate,0.0207590083066412,0.11916064169051364,1.0,1.05,1,linear,0.004955132100282965,0.1,0.06,0.5,11,192,3030424,0.17790961265563965,24,262986.36482364754,2,4.494194984436035,
1854,COMPLETE,4.211725533008575,3,full,24,4,32,4,midlate,0.0073551957700878625,0.24784134871203414,1.25,1.05,1,linear,0.005337280332501471,0.1,0.01,1.0,11,192,3018284,0.1889154314994812,24,285584.86428589735,3,4.494053840637207,
1855,PRUNED,4.808041614406413,3,full,8,8,32,6,late,0.024625907480992672,0.16122825829134588,0.8164965809277261,0.9,1,head_scalar,0.004472886557041444,0.05,0.06,0.5,11,192,3140716,,24,,7,,
1856,COMPLETE,4.213089406490326,3,full,24,2,32,2,late,0.02723891511995227,0.053838162998100424,0.8164965809277261,1.05,1,linear,0.004988815334612402,0.15,0.06,0.5,11,192,2951712,0.15913653373718262,24,379535.96001366014,4,4.493294715881348,
1857,COMPLETE,4.20689582824707,3,full,32,4,24,4,midlate,0.0033936307504528014,0.013357237806356823,1.25,1.05,1,linear,0.005387470376971638,0.15,0.06,1.0,11,192,3014044,0.13560891151428223,24,337523.6456760593,5,4.493996620178223,
1858,PRUNED,4.816825256965892,3,full,32,2,24,6,even,0.01868651683629847,0.2609507109730908,0.8164965809277261,1.0,1,linear,0.004349633765368802,0.15,0.04,0.5,11,192,3018136,,24,,1,,
1859,PRUNED,4.875473339168882,2,full,32,1,32,6,late,0.014006372826222595,0.21149652832837207,0.8164965809277261,0.9,1,linear,0.004326661833839484,0.15,0.06,1.0,13,128,2997694,,24,,0,,
1860,FAIL,,3,full,32,8,32,6,late,0.02049242588507568,0.22734606986138653,0.8164965809277261,1.05,1,linear,0.004456586605412032,0.05,0.06,0.5,11,192,3180220,,24,,1,,oom
1861,PRUNED,4.8153066908553415,3,full,32,4,32,4,late,0.009117687658651586,0.1357284518760059,0.75,1.0,1,head_scalar,0.004416508451571499,0.15,0.04,1.0,11,192,3029404,,24,,4,,
1862,PRUNED,4.952710959998105,1,full,32,2,32,6,late,0.010042311167431997,0.21168297491081242,1.25,1.05,1,linear,0.004500532265369703,0.15,0.02,1.0,16,64,3017484,,24,,2,,
1863,PRUNED,4.804163235256878,3,full,32,2,16,6,late,0.010864591332411862,0.06858480232585552,1.25,1.05,1,linear,0.004779266158902438,0.05,0.06,1.0,11,192,3005848,,24,,7,,
1864,PRUNED,4.810644766597422,3,full,32,4,8,6,late,0.012174765256056087,0.14598194335057688,0.8164965809277261,1.0,1,one,0.004139573347444709,0.0,0.06,1.0,11,192,3005068,,24,,5,,
1865,COMPLETE,4.2020193338394165,3,full,24,2,32,6,late,0.011447819096351959,0.1902320116291781,0.8164965809277261,1.0,1,linear,0.004376028982756224,0.1,0.06,0.5,11,192,3018280,0.20512598752975464,24,275279.9992629234,3,4.4940690994262695,
1866,PRUNED,4.823143678621773,3,full,24,4,16,6,late,0.011129699835456709,0.15561420260846712,0.8164965809277261,0.9,1,linear,0.00460336305375286,0.15,0.02,1.0,11,192,3019060,,24,,4,,
1867,PRUNED,4.845748345051257,3,full,32,4,32,4,late,0.024526129590721295,0.20476850055036133,0.75,1.0,1,linear,0.0037713355009546244,0.1,0.04,1.0,11,192,3030428,,24,,0,,
1868,COMPLETE,4.235403656959534,2,full,32,4,32,6,late,0.009601772596252346,0.12312195080665513,0.8164965809277261,1.0,1,linear,0.004798214161588356,0.0,0.06,1.0,13,128,3072592,0.17003130912780762,24,207231.7872500617,7,4.494692325592041,
1869,PRUNED,4.817461604376657,3,full,32,2,32,6,even,0.009291482168925025,0.04225215760550772,0.75,1.05,2,linear,0.004898892018699473,0.15,0.02,1.0,11,192,3030424,,24,,5,,
1870,PRUNED,4.754563665129231,3,full,32,4,32,2,midlate,0.023402995550828014,0.1672315238500757,1.0,0.9,1,linear,0.004607620033535226,0.1,0.01,0.5,11,192,2980500,,24,,2,,
1871,PRUNED,4.867176417259075,1,full,32,2,32,6,midlate,0.023396198092147675,0.24363608887749427,1.0,0.9,1,linear,0.00487113772607769,0.1,0.06,1.0,16,64,3017484,,24,,4,,
1872,PRUNED,4.613854959159936,3,full,32,2,32,2,even,0.006904873581961499,0.0427978041773446,1.25,1.05,2,linear,0.00536581766256262,0.0,0.06,1.0,11,192,2963856,,24,,2,,
1873,PRUNED,4.810922370392463,3,full,16,8,32,6,late,0.01762530662134171,0.26221297813326166,0.75,1.0,1,learned,0.0044883993970742395,0.15,0.04,1.0,11,192,3155932,,24,,5,,
1874,PRUNED,4.715072556977523,3,full,32,4,32,6,late,0.024482802052712575,0.2856957749752816,0.75,0.9,1,one,0.005131036338405565,0.15,0.04,1.0,11,192,3078796,,24,,0,,
1875,COMPLETE,4.18526029586792,3,full,32,2,32,6,late,0.02898983915667445,0.16576247996866275,0.8164965809277261,1.0,1,linear,0.005020615752325695,0.05,0.06,1.0,11,192,3030424,0.17928975820541382,24,309461.23105143465,4,4.494194984436035,
1876,COMPLETE,4.209360778331757,3,full,32,4,32,6,late,0.018629405501634236,0.2221829900712936,0.8164965809277261,0.9,1,learned,0.004557582147033785,0.05,0.06,0.5,11,192,3080356,0.18262523412704468,24,215619.82827260176,2,4.494752883911133,
1877,PRUNED,4.818639844927773,3,full,24,2,32,3,late,0.027520975737838016,0.1081316194912772,0.8164965809277261,0.9,1,learned,0.004590100561029009,0.15,0.06,0.5,11,192,2968354,,24,,6,,
1878,COMPLETE,4.200006484985352,3,full,8,2,32,6,late,0.020501015819861343,0.18538903053919106,0.8164965809277261,1.0,1,linear,0.0051820506340024865,0.1,0.06,1.0,11,192,2993992,0.192166268825531,24,298812.1636261254,3,4.493801593780518,
1879,COMPLETE,4.21892523765564,3,full,32,1,32,6,late,0.016226006676529316,0.25212123238147005,1.0,0.9,1,linear,0.004564391125333724,0.15,0.04,0.5,11,192,3005458,0.1912400722503662,24,291262.18134373537,6,4.49392032623291,
1880,COMPLETE,4.189575552940369,3,full,32,1,32,6,even,0.010071711043118057,0.041828451301098475,1.25,1.0,1,linear,0.005493686719080182,0.15,0.06,1.0,11,192,3005458,0.16700798273086548,24,358597.5178517382,0,4.49392032623291,
1881,PRUNED,4.823070926833418,3,full,32,4,32,6,late,0.01911473861116781,0.28480033487878004,0.75,1.0,1,head_scalar,0.004514028807178428,0.0,0.04,1.0,11,192,3078820,,24,,5,,
1882,COMPLETE,4.204519987106323,3,full,16,1,32,6,late,0.021069433690479495,0.08801104748444856,1.25,1.05,1,linear,0.005133109942726,0.15,0.06,1.0,11,192,2981170,0.1620115041732788,24,336917.1587155671,7,4.493652820587158,
1883,COMPLETE,4.188524425029755,3,full,32,2,32,6,late,0.017496946890523293,0.27044515108813993,1.0,0.9,1,learned,0.004971987686175655,0.1,0.06,1.0,11,192,3030424,0.1801009178161621,24,310325.80273930536,4,4.494194984436035,
1884,COMPLETE,4.18554025888443,3,full,32,4,32,6,midlate,0.02892311700065365,0.20198578925733768,0.75,1.0,1,linear,0.00542721677871122,0.15,0.01,1.0,11,192,3080356,0.19914370775222778,24,217861.63018932528,1,4.494752883911133,
1885,COMPLETE,4.227297723293304,3,full,16,2,32,4,late,0.029653645144740323,0.1327233364374655,0.8164965809277261,0.9,1,linear,0.004574071467007905,0.05,0.06,0.5,11,192,2972852,0.16041380167007446,24,312295.95964480157,6,4.493540287017822,
1886,PRUNED,4.905118269121912,1,full,32,4,32,4,late,0.005895124416261366,0.0769636432398219,0.8164965809277261,1.0,1,linear,0.005278253474366896,0.15,0.06,1.0,16,64,3017488,,24,,3,,
1887,PRUNED,4.7730477015873625,3,full,32,2,32,2,midlate,0.005766028210808887,0.08627568684478096,0.8164965809277261,1.0,1,linear,0.00499216069349164,0.1,0.06,1.0,11,192,2963856,,24,,0,,
1888,PRUNED,4.777585006691108,3,full,24,4,8,6,late,0.021966113913237356,0.2185681576331993,0.75,1.0,1,linear,0.004928936718600042,0.15,0.04,1.0,11,192,2994484,,24,,5,,
1889,PRUNED,4.8373342345445245,1,lean,32,2,32,6,late,0.012581740119884208,0.2534771304110464,0.8164965809277261,1.0,1,linear,0.004962982380640687,0.1,0.06,1.0,15,64,2963136,,24,,0,,
1890,COMPLETE,4.187528908252716,3,lean,32,2,32,6,midlate,0.01628650048352339,0.029408469193747486,0.75,0.9,1,linear,0.005256288332696277,0.1,0.06,0.5,10,192,2950196,0.19135820865631104,24,293538.125587604,2,4.4932861328125,
1891,COMPLETE,4.226579070091248,3,full,16,1,32,4,even,0.014847640764675362,0.24264297487058156,0.75,1.0,1,linear,0.004859868566285577,0.15,0.06,1.0,11,192,2956208,0.15818607807159424,24,383245.0413168293,5,4.493357181549072,
1892,COMPLETE,4.190620422363281,3,full,32,2,32,6,midlate,0.020047147600963138,0.04028482638549148,1.25,0.9,1,linear,0.005157093301461727,0.1,0.06,1.0,11,192,3030424,0.16581422090530396,24,309652.96735446417,3,4.494194984436035,
1893,COMPLETE,4.197888791561127,3,lean,32,2,32,6,midlate,0.01874397530985447,0.1713936392040962,1.0,0.9,1,linear,0.005403410173981021,0.1,0.06,1.0,10,192,2950196,0.19019699096679688,24,305183.8877312656,7,4.4932861328125,
1894,PRUNED,4.8056025984572255,3,full,32,2,32,6,midlate,0.011506262857150229,0.22270017152271432,0.8164965809277261,0.9,1,one,0.0048556545869982105,0.15,0.06,1.0,11,192,3029644,,24,,0,,
1895,PRUNED,4.809039812524166,3,full,24,4,32,6,late,0.01265059394969123,0.08538277172896913,0.8164965809277261,0.9,1,learned,0.004719123980037275,0.15,0.04,1.0,11,192,3068212,,24,,6,,
1896,PRUNED,4.804116211505107,2,full,32,2,32,6,midlate,0.00932856719190416,0.030569731300982117,1.0,1.05,1,head_scalar,0.004955873918286295,0.1,0.06,0.5,13,128,3021892,,24,,4,,
1897,PRUNED,4.809304756089238,3,full,24,2,32,4,midlate,0.005389190220171993,0.05564777841434511,0.8164965809277261,0.9,1,linear,0.004827187890189586,0.15,0.06,1.0,11,192,2984996,,24,,5,,
1898,PRUNED,4.648733374352269,3,full,32,2,32,4,midlate,0.012366685603505602,0.2686805403286271,0.75,0.9,1,head_scalar,0.004500790244241092,0.1,0.06,1.0,11,192,2996628,,24,,0,,
1899,PRUNED,4.508102636800372,3,full,32,4,32,3,even,0.025062947213823482,0.19757107646859373,0.75,1.0,1,linear,0.004475419552786105,0.15,0.04,1.0,11,192,3005464,,24,,4,,
1900,PRUNED,4.861054399017467,2,lean,24,2,32,6,late,0.020441106259254868,0.2516548749123913,0.8164965809277261,1.0,1,linear,0.004123354628973128,0.15,0.06,0.5,12,128,2942124,,24,,6,,
1901,PRUNED,4.859313718570817,3,full,24,2,32,6,even,0.022547462143776377,0.20212017906164742,0.75,1.0,1,linear,0.003671646570389643,0.15,0.02,1.0,11,192,3018280,,24,,5,,
1902,COMPLETE,4.217495858669281,3,full,24,8,32,2,late,0.026621898767943786,0.2531514132779758,0.8164965809277261,0.9,1,linear,0.005101737631233274,0.15,0.06,0.5,11,192,3001644,0.14700686931610107,24,276979.62836402626,2,4.493852615356445,
1903,PRUNED,4.866953923650078,3,full,32,8,32,6,late,0.02916271312641989,0.265581109360544,1.25,0.9,1,linear,0.003426980867447055,0.15,0.06,0.5,11,192,3180220,,24,,0,,
1904,PRUNED,4.865498046623744,1,full,32,4,32,6,even,0.014130104491534729,0.12577879112761925,0.8164965809277261,1.0,1,linear,0.00534966109307342,0.15,0.06,1.0,16,64,3067416,,24,,3,,
1905,PRUNED,4.844325053965147,3,full,8,2,32,2,midlate,0.014149153489409334,0.0633820131492529,1.0,0.9,1,linear,0.00368475078818534,0.1,0.06,0.5,11,192,2927424,,24,,7,,
1906,PRUNED,4.803185797112311,3,full,8,4,32,6,late,0.010940764469510485,0.08372934054827273,0.8164965809277261,0.9,1,linear,0.0047588115538063636,0.0,0.06,1.0,11,192,3043924,,24,,6,,
1907,PRUNED,4.765353398899254,3,full,24,2,32,4,midlate,0.003514471387863634,0.011165281222437477,1.25,1.05,1,linear,0.0050205584697605,0.05,0.06,1.0,11,192,2984996,,24,,4,,
1908,FAIL,,3,full,24,8,32,6,late,0.02462696001902846,0.16532895070838027,0.8164965809277261,0.9,1,linear,0.00549979763058791,0.1,0.06,1.0,11,192,3168076,,24,,7,,oom
1909,COMPLETE,4.214097738265991,2,full,32,4,32,6,late,0.017422930992255083,0.13515628987537334,0.75,1.0,1,linear,0.00509187990735037,0.15,0.04,0.5,13,128,3072592,0.19306832551956177,24,214566.5420063311,5,4.494692325592041,
1910,PRUNED,4.844226160647002,3,full,32,2,8,6,late,0.011095340534187854,0.1767478050051148,1.25,0.9,1,linear,0.0032014912605093718,0.15,0.06,1.0,11,192,2993560,,24,,1,,
1911,COMPLETE,4.212896645069122,3,full,8,8,24,6,midlate,0.016319522963904768,0.1016908519484694,1.0,0.9,1,linear,0.005080212690521478,0.1,0.06,0.5,11,192,3094636,0.15224504470825195,24,188795.04437440788,4,4.4949259757995605,
1912,PRUNED,4.812937934494498,3,full,24,2,16,6,late,0.010846935122623368,0.10175080753299817,1.25,1.0,2,linear,0.0049250178535866366,0.15,0.06,1.0,11,192,2993704,,24,,1,,
1913,FAIL,,3,full,32,8,32,6,even,0.012358243810506379,0.06195197795803829,0.75,0.9,1,linear,0.005296025359301477,0.1,0.04,1.0,11,192,3180220,,24,,3,,oom
1914,PRUNED,4.856741542209505,1,full,16,4,32,3,midlate,0.003548806006398628,0.20299189113778152,0.75,0.9,1,linear,0.00547311331379061,0.1,0.06,1.0,16,64,2957196,,24,,1,,
1915,PRUNED,4.871109643178505,3,full,32,2,16,6,late,0.01609140010589937,0.10202776419547895,0.8164965809277261,0.9,1,linear,0.0037581994279463414,0.0,0.04,0.5,11,192,3005848,,24,,6,,
1916,PRUNED,4.808727668932472,3,full,24,8,32,6,even,0.005235426445824596,0.05838687059678543,1.25,1.05,1,linear,0.004987296997139026,0.15,0.06,1.0,11,192,3168076,,24,,2,,
1917,FAIL,,3,full,8,4,32,6,late,0.01370385965934002,0.294275107717637,0.75,1.0,1,linear,0.005000289252527444,0.15,0.06,1.0,11,192,3043924,,24,,0,,oom
1918,PRUNED,4.839512185532923,3,full,24,2,32,6,late,0.020857871737279664,0.11107026443201037,1.25,0.9,1,learned,0.004283859993394163,0.15,0.02,0.5,11,192,3018280,,24,,6,,
1919,PRUNED,4.8635234020022775,2,full,32,1,32,6,late,0.005897082821150145,0.29194848858515454,0.8164965809277261,1.0,1,linear,0.004752716468345099,0.1,0.06,1.0,13,128,2997694,,24,,1,,
1920,FAIL,,3,full,32,2,32,6,late,0.023808786281012573,0.18262397695872581,0.75,1.05,1,linear,0.0044575135775691945,0.15,0.04,1.0,11,192,3030424,,24,,1,,quota
1921,PRUNED,4.900780578105045,3,full,32,2,32,6,late,0.024178756840002227,0.20079452963914834,0.8164965809277261,0.9,2,linear,0.0033443214758330396,0.15,0.06,0.5,11,192,3030424,,24,,1,,
1922,PRUNED,4.7779410946580025,3,full,24,2,32,6,even,0.018139706054929965,0.23324650370482997,0.8164965809277261,0.9,1,learned,0.004172623596062109,0.15,0.06,1.0,11,192,3018280,,24,,6,,
1923,PRUNED,4.8363839690794626,3,full,32,2,32,6,midlate,0.025111851584379695,0.11136981202262548,0.75,0.9,2,learned,0.004330005391033812,0.1,0.06,1.0,11,192,3030424,,24,,5,,
1924,PRUNED,4.861990905561045,2,full,16,8,16,6,late,0.024172315626111197,0.16327390231288555,0.8164965809277261,0.9,1,linear,0.004550485910720241,0.1,0.06,1.0,13,128,3045448,,24,,1,,
1925,PRUNED,4.772747304719498,3,full,24,2,32,4,late,0.004205252328239753,0.021456285075707175,0.8164965809277261,1.0,1,linear,0.004709747937482214,0.1,0.06,1.0,11,192,2984996,,24,,6,,
1926,PRUNED,4.866352726926731,3,full,24,1,32,4,midlate,0.003071047233593467,0.07479644159257194,1.0,1.05,1,linear,0.004134156904366003,0.05,0.06,1.0,11,192,2968352,,24,,2,,
1927,PRUNED,4.865919524690016,3,full,32,4,24,6,even,0.006367630185946209,0.10354246248107121,1.25,1.05,1,linear,0.003849918413394234,0.15,0.06,1.0,11,192,3055780,,24,,6,,
1928,FAIL,,3,full,24,2,32,6,late,0.026517559178867795,0.1988215787100798,0.75,0.9,1,linear,0.00497711184684006,0.15,0.04,0.5,11,192,,,,,,,quota
1929,PRUNED,4.718122751775139,3,full,24,2,32,6,late,0.01827623143374567,0.1410316347002087,0.8164965809277261,1.05,2,linear,0.004964209502642596,0.05,0.06,0.5,11,192,3018280,,24,,5,,
1930,COMPLETE,4.234849631786346,3,full,32,4,32,2,late,0.019123731166186014,0.27336177974397996,0.75,0.9,1,linear,0.0048287269842467685,0.0,0.04,1.0,11,192,2980500,0.15392374992370605,24,336629.16006662097,2,4.4936065673828125,
1931,FAIL,,3,full,32,2,16,6,late,0.006758532111498716,0.013067462647473577,0.8164965809277261,1.0,1,linear,0.004896409814696819,0.1,0.06,1.0,11,192,3005848,,24,,1,,oom
1932,COMPLETE,4.215257167816162,3,full,8,1,32,6,late,0.01218481804267751,0.2834039636049671,1.0,1.05,1,linear,0.005031281650931624,0.15,0.04,1.0,11,192,2969026,0.19438612461090088,24,357418.7674159758,4,4.493526935577393,
1933,COMPLETE,4.206492483615875,3,full,32,2,32,6,late,0.013428373702487293,0.059346468917702455,1.25,1.05,1,head_scalar,0.005344336735578245,0.15,0.06,1.0,11,192,3029656,0.07638084888458252,24,287837.9045419704,7,4.494183540344238,
1934,PRUNED,4.824178656845277,3,full,24,2,16,6,late,0.019503225949918834,0.16519106808277745,0.8164965809277261,0.9,1,linear,0.004225149556412443,0.0,0.06,0.5,11,192,2993704,,24,,6,,
1935,FAIL,,3,full,32,8,32,3,late,0.01809426773314976,0.1421983473294873,0.8164965809277261,0.9,2,linear,0.003681314209479191,0.15,0.04,0.5,11,192,,,,,,,quota
1936,COMPLETE,4.18185418844223,3,full,32,2,32,6,even,0.021031682002604572,0.145207894769387,0.8164965809277261,0.9,1,linear,0.005016020457946315,0.15,0.06,0.5,11,192,3030424,0.16667431592941284,24,308739.4170776909,5,4.494194984436035,
1937,PRUNED,4.5524536536710585,3,full,32,2,32,6,even,0.011200900421762505,0.08817632065516488,1.25,1.0,2,linear,0.00508894279946681,0.15,0.06,1.0,11,192,3030424,,24,,6,,
1938,PRUNED,4.867543127012697,3,full,24,2,32,6,even,0.023631822692330908,0.15616553946212777,0.8164965809277261,0.9,1,linear,0.0037495546603653128,0.1,0.06,0.5,11,192,3018280,,24,,2,,
1939,FAIL,,3,full,32,2,32,6,late,0.009129271069349748,0.021584622211395937,1.0,1.0,1,linear,0.004820916749998283,0.1,0.06,1.0,11,192,,,,,,,quota
1940,COMPLETE,4.183031737804413,3,full,8,4,32,6,midlate,0.020562257794817573,0.21369897506673236,1.0,0.9,1,linear,0.005377352870925449,0.1,0.06,1.0,11,192,3043924,0.18276357650756836,24,209219.52102004428,3,4.494359493255615,
1941,PRUNED,4.8047210042096715,2,full,24,4,32,3,midlate,0.00575173494515479,0.16974083090920697,1.25,0.9,1,linear,0.005107614796034014,0.1,0.06,1.0,13,128,2983348,,24,,4,,
1942,PRUNED,4.786661283380907,3,full,32,2,32,6,late,0.02622643542996821,0.11366006112205992,0.8164965809277261,1.05,1,learned,0.0038811917853453773,0.05,0.06,0.5,11,192,3030424,,24,,0,,
1943,PRUNED,4.82027542210632,3,full,24,1,32,4,midlate,0.011806318782605402,0.09961978877642332,0.75,0.9,1,linear,0.005226852456861109,0.15,0.02,1.0,11,192,2968352,,24,,2,,
1944,PRUNED,4.755638600749444,3,full,8,2,32,6,late,0.02757200976920735,0.1264838034136843,1.25,1.0,2,head_scalar,0.005166863272270131,0.15,0.06,1.0,11,192,2993224,,24,,4,,
1945,PRUNED,4.830087063757986,3,full,32,1,32,6,late,0.010246892954307567,0.11691255390283968,0.75,1.0,1,linear,0.0041631207725349615,0.15,0.06,1.0,11,192,3005458,,24,,6,,
1946,PRUNED,4.803706882801949,3,full,8,2,32,6,late,0.01654179651055251,0.07172848592761769,0.8164965809277261,1.05,1,one,0.005205154972957519,0.1,0.06,1.0,11,192,2993212,,24,,2,,
1947,PRUNED,4.827774354782633,3,full,8,4,32,4,midlate,0.004907730539643842,0.14306458418146226,1.25,1.05,1,linear,0.005331273493929152,0.15,0.04,1.0,11,192,2993996,,24,,0,,
1948,PRUNED,4.952513619876893,1,full,16,4,32,6,late,0.020801665914061934,0.13906387918731902,0.75,1.0,1,linear,0.004089348073400347,0.15,0.04,1.0,16,64,3032088,,24,,5,,
1949,PRUNED,4.78400200669733,3,full,32,4,8,6,late,0.016181515745538104,0.2720766537105803,1.0,1.0,1,linear,0.004996356513145229,0.05,0.04,1.0,11,192,3006628,,24,,6,,
1950,PRUNED,4.608605993314938,3,full,32,4,16,2,midlate,0.0045579121877068664,0.16414074910051704,0.75,0.9,1,linear,0.005070353933847615,0.1,0.06,1.0,11,192,2964116,,24,,4,,
1951,PRUNED,4.8529624775245335,3,full,24,4,24,6,late,0.009616640184449512,0.21086709948461876,0.8164965809277261,0.9,1,linear,0.005468370645369992,0.15,0.01,1.0,11,192,3043636,,24,,6,,
1952,COMPLETE,4.219942033290863,3,full,32,1,32,3,midlate,0.008134778183998935,0.13120617208227425,0.75,1.05,1,linear,0.004829641581674888,0.05,0.06,1.0,11,192,2968015,0.1633470058441162,24,472803.5662540077,2,4.493476867675781,
1953,PRUNED,4.801200015256762,2,full,16,2,32,6,late,0.023707589379018224,0.09890626001219005,0.8164965809277261,0.9,1,linear,0.005166746644488467,0.05,0.06,0.5,13,128,2993956,,24,,7,,
1954,PRUNED,4.820281521204888,3,lean,32,2,32,6,late,0.007618496243500553,0.1347589288750194,0.8164965809277261,1.0,1,linear,0.004193445883505921,0.05,0.01,1.0,10,192,2950196,,24,,4,,
1955,PRUNED,4.816617912607146,3,full,24,2,32,6,late,0.026783186974649584,0.17389950216338126,0.8164965809277261,0.9,1,linear,0.00484592601782651,0.15,0.01,1.0,11,192,3018280,,24,,0,,
1956,FAIL,,3,full,24,2,32,6,late,0.01918539089681225,0.2544586825506611,0.75,0.9,1,learned,0.00457194175179415,0.15,0.06,0.5,11,192,,,,,,,quota
1957,PRUNED,4.810929039060227,3,full,8,8,32,6,even,0.00550283492755547,0.014974684704006534,1.25,1.05,1,linear,0.0046255918048822035,0.15,0.02,1.0,11,192,3143788,,24,,5,,
1958,FAIL,,3,lean,32,2,32,6,late,0.01140074399083057,0.04856769703337761,0.8164965809277261,1.0,1,learned,0.004075123982515244,0.1,0.06,1.0,10,192,2950196,,24,,6,,oom
1959,FAIL,,3,full,32,8,32,6,midlate,0.00847057067155677,0.23741096591943472,0.8164965809277261,1.0,1,linear,0.004151161081932624,0.1,0.06,1.0,11,192,3180220,,24,,7,,oom
1960,FAIL,,3,full,32,2,32,6,midlate,0.01483378094450548,0.10388242012021077,0.75,1.0,1,linear,0.004971675101301001,0.1,0.01,1.0,11,192,3030424,,24,,4,,oom
1961,PRUNED,4.89301491603832,1,full,32,4,32,6,late,0.029695148822033713,0.10957042815600336,0.8164965809277261,0.9,1,linear,0.004456566775255763,0.0,0.06,0.5,16,64,3067416,,24,,2,,
1962,PRUNED,4.359659258901299,3,lean,32,2,32,6,late,0.01633872359237181,0.13912683346840105,0.8164965809277261,1.0,1,linear,0.004265672087793348,0.15,0.04,0.5,10,192,2950196,,24,,1,,
1963,COMPLETE,4.227216958999634,3,lean,24,2,32,6,late,0.010196261794038408,0.261489238329134,1.25,1.0,1,linear,0.005003727506732952,0.15,0.04,1.0,10,192,2939156,0.18535280227661133,24,292012.4168659135,0,4.493171691894531,
1964,PRUNED,4.755453508889772,3,full,32,1,32,6,late,0.020273135369366653,0.17144590540409196,0.8164965809277261,0.9,1,learned,0.0045093619051518085,0.15,0.04,0.5,11,192,3005458,,24,,3,,
1965,FAIL,,1,full,32,2,32,2,late,0.01390623678100668,0.14876885142227386,0.8164965809277261,0.9,1,linear,0.0054229878894961865,0.05,0.06,0.5,16,64,,,,,,,quota
1966,PRUNED,4.793370524194582,3,full,24,2,32,6,late,0.02792558112473659,0.1946611927792805,0.8164965809277261,0.9,1,one,0.004167194683784664,0.15,0.04,0.5,11,192,3017500,,24,,2,,
1967,FAIL,,3,full,32,8,32,6,late,0.013453263450718933,0.2782522337545202,0.75,1.0,1,linear,0.00496557263747123,0.15,0.04,1.0,11,192,,,,,,,quota
1968,FAIL,,3,full,24,2,32,4,late,0.018933055584943907,0.2980880770726371,0.8164965809277261,0.9,2,learned,0.00536789334751563,0.15,0.06,0.5,11,192,,,,,,,quota
1969,PRUNED,4.888954134341992,3,full,32,2,24,6,late,0.020658663158027307,0.1291224757202786,0.8164965809277261,0.9,2,linear,0.0038747644095692567,0.1,0.06,1.0,11,192,3018136,,24,,3,,
1970,COMPLETE,4.232882738113403,3,lean,32,4,32,6,late,0.02779124836164957,0.18408234255843212,0.75,1.0,1,linear,0.0048815328224878565,0.1,0.01,1.0,10,192,3000128,0.18791794776916504,24,213395.967853727,5,4.493844032287598,
1971,FAIL,,3,full,32,8,32,6,late,0.011500643201620026,0.09050167969428888,0.8164965809277261,1.05,1,linear,0.004690415098532674,0.1,0.06,1.0,11,192,3180220,,24,,2,,oom
1972,PRUNED,4.772044558525026,3,full,24,1,32,6,midlate,0.018974250611368967,0.08575478566711232,0.75,0.9,1,linear,0.004781565789019505,0.1,0.06,1.0,11,192,2993314,,24,,1,,
1973,COMPLETE,4.2356045842170715,3,full,32,2,32,6,late,0.007056697356971918,0.20514062791670062,1.25,1.05,1,linear,0.004469532037084834,0.15,0.01,0.5,11,192,3030424,0.16494238376617432,24,297286.5763013957,0,4.494194984436035,
1974,PRUNED,4.836342327000097,3,full,32,1,24,6,late,0.01763615576071241,0.0980363233446912,1.25,1.05,1,one,0.0046549978981047695,0.15,0.06,1.0,11,192,2998924,,24,,3,,
1975,COMPLETE,4.214383780956268,3,full,32,2,32,3,midlate,0.01721114424335008,0.1483607716190357,0.8164965809277261,0.9,1,linear,0.004890153137354321,0.15,0.02,0.5,11,192,2980498,0.17253881692886353,24,302943.613070935,3,4.493614196777344,
1976,COMPLETE,4.219562649726868,3,full,32,4,32,3,even,0.0048511812685991095,0.19520429493274577,0.75,0.9,1,linear,0.004909876826015691,0.0,0.06,1.0,11,192,3005464,0.13739138841629028,24,366161.79943537194,1,4.493893146514893,
1977,FAIL,,3,full,16,8,32,6,late,0.022460657955831475,0.1748586912776709,0.8164965809277261,0.9,1,linear,0.0047284036681808,0.15,0.04,0.5,11,192,3155932,,24,,3,,oom
1978,PRUNED,4.8157881491101175,3,full,32,4,32,2,late,0.010763064716901827,0.23301819782467942,0.75,1.0,2,linear,0.004993042730666391,0.15,0.06,1.0,11,192,2980500,,24,,0,,
1979,PRUNED,4.807837295453153,3,full,24,1,32,4,midlate,0.004338624421289855,0.020075123797790338,1.25,0.9,1,one,0.004534867976278032,0.15,0.06,1.0,11,192,2968092,,24,,6,,
1980,PRUNED,4.998265114981008,1,full,24,4,8,4,midlate,0.007346111532397142,0.24282333877277948,1.25,1.05,1,linear,0.003670639907678985,0.15,0.06,1.0,16,64,2950672,,24,,7,,
1981,COMPLETE,4.170547604560852,3,full,24,2,32,6,even,0.006158227664835565,0.09565869576853796,1.25,1.0,1,linear,0.005496627010502537,0.15,0.06,1.0,11,192,3018280,0.1676611304283142,24,280284.59681659203,4,4.4940690994262695,
1982,PRUNED,4.882033527449682,1,full,32,4,32,6,late,0.017426828655437383,0.2502464638330947,0.75,1.0,1,linear,0.005199122516606917,0.0,0.04,1.0,16,64,3067416,,24,,1,,
1983,PRUNED,4.8091147572592945,2,full,32,4,32,6,late,0.021416890990977582,0.2727196595095288,1.0,1.0,1,linear,0.005213888678945399,0.15,0.04,1.0,13,128,3072592,,24,,7,,
1984,FAIL,,3,full,32,4,8,3,midlate,0.004890012337855019,0.22306001550575422,1.0,0.9,1,linear,0.004036096805018406,0.1,0.06,1.0,11,192,,,,,,,quota
1985,FAIL,,3,full,8,2,16,6,even,0.01066703835652899,0.24087057192869973,1.25,0.9,1,linear,0.005381140515314987,0.15,0.06,1.0,11,192,2969416,,24,,0,,oom
1986,FAIL,,3,full,32,2,32,6,late,0.01364254182415463,0.20646073449246258,0.75,0.9,2,linear,0.004289644510427573,0.15,0.04,0.5,11,192,,,,,,,quota
1987,PRUNED,4.825374687620227,3,full,32,2,32,6,midlate,0.009720577168429218,0.03973527542949504,0.75,1.0,1,linear,0.0048766234218397125,0.1,0.01,1.0,11,192,3030424,,24,,5,,
1988,PRUNED,4.824496173978421,3,full,32,4,32,6,midlate,0.023461789974196713,0.10282521283487232,1.0,0.9,1,linear,0.003877484416636199,0.15,0.06,0.5,11,192,3080356,,24,,6,,
1989,FAIL,,3,full,32,1,32,2,late,0.007967324648781918,0.1483780304084526,1.25,1.05,2,linear,0.004488835679157674,0.15,0.06,1.0,11,192,,,,,,,quota
1990,PRUNED,4.860363477857428,3,full,32,2,24,6,late,0.024276257341150208,0.13664778323372986,0.75,1.0,1,linear,0.004263298689566028,0.15,0.04,1.0,11,192,3018136,,24,,5,,
1991,PRUNED,4.864300542617629,3,full,32,2,32,6,midlate,0.01289282061184689,0.27127460439852213,1.0,1.05,2,linear,0.0038966562480538323,0.1,0.06,1.0,11,192,3030424,,24,,1,,
1992,COMPLETE,4.203278303146362,3,full,24,4,32,4,late,0.010089264117371195,0.24670784534831566,0.8164965809277261,0.9,1,linear,0.005357714555708436,0.15,0.01,1.0,11,192,3018284,0.18220335245132446,24,231733.33176864934,7,4.494053840637207,
1993,PRUNED,4.809668237503922,3,full,32,2,32,6,even,0.006273687166122852,0.02304736384160379,0.8164965809277261,1.05,1,linear,0.004608422844508107,0.05,0.06,1.0,11,192,3030424,,24,,6,,
1994,PRUNED,4.802209095748632,3,full,32,8,32,6,late,0.014429528444208882,0.04837942523122912,0.8164965809277261,1.0,1,one,0.004556068886820093,0.15,0.06,1.0,11,192,3177100,,24,,5,,
1995,PRUNED,4.753739433657337,3,full,24,2,32,6,even,0.005988367367257013,0.0901751640742588,1.25,1.0,1,linear,0.00528055291649041,0.15,0.06,1.0,11,192,3018280,,24,,4,,
1996,PRUNED,4.4680628408353105,3,full,32,8,32,6,midlate,0.01638453357333287,0.0839439445292702,1.0,0.9,2,linear,0.005094260907728947,0.1,0.06,1.0,11,192,3180220,,24,,1,,
1997,FAIL,,3,full,32,8,32,6,late,0.020404358307948126,0.051642594205246785,0.8164965809277261,1.05,1,linear,0.005367035653822531,0.15,0.06,1.0,11,192,3180220,,24,,2,,oom
1998,COMPLETE,4.188212215900421,3,full,32,2,32,6,late,0.021818718548786108,0.0466812468393354,0.8164965809277261,0.9,1,learned,0.005429476547521169,0.0,0.06,0.5,11,192,3030424,0.13731205463409424,24,309327.50495218864,6,4.494194984436035,
1999,FAIL,,3,full,8,8,32,6,even,0.00550394516283223,0.07931053361780059,1.25,1.0,1,linear,0.005440515312377034,0.15,0.06,1.0,11,192,3143788,,24,,4,,oom
2000,FAIL,,3,lean,16,4,24,4,midlate,0.004971150229199051,0.018840585340829837,1.25,0.9,1,linear,0.0050297342910138685,0.15,0.06,1.0,10,192,2911736,,24,,7,,quota
2001,FAIL,,2,full,16,1,24,4,midlate,0.014336988476113761,0.2974532455358408,0.75,0.9,1,linear,0.005127649457955417,0.15,0.06,1.0,13,128,,,,,,,quota
2002,PRUNED,4.649230678108122,3,full,32,1,32,4,midlate,0.01988605806210013,0.19641782746343206,0.75,1.05,1,one,0.005021680155747578,0.15,0.06,1.0,11,192,2980236,,24,,7,,
2003,PRUNED,4.746935810043147,3,full,32,2,8,6,midlate,0.02480590720462309,0.029351408019643394,0.75,0.9,1,linear,0.004577491730386792,0.1,0.06,1.0,11,192,2993560,,24,,5,,
2004,FAIL,,3,full,32,2,24,6,even,0.004390361656694675,0.0367313153429159,1.0,1.05,2,linear,0.004834730339022466,0.15,0.06,1.0,11,192,,,,,,,quota
2005,PRUNED,4.806497688968037,3,full,32,4,32,3,late,0.019972438215169835,0.15813286872036367,0.8164965809277261,1.0,1,linear,0.00466308049795963,0.15,0.04,1.0,11,192,3005464,,24,,3,,
2006,PRUNED,4.732587990114869,3,full,32,1,32,2,midlate,0.016463098691263205,0.21938295700580124,0.75,0.9,1,linear,0.004563348022503656,0.15,0.06,1.0,11,192,2955534,,24,,5,,
2007,FAIL,,3,full,24,2,24,6,midlate,0.006890184195818583,0.07291985887910572,1.25,1.0,1,linear,0.005204485834274726,0.15,0.06,0.5,11,192,3005992,,24,,7,,oom
2008,FAIL,,1,full,16,2,32,6,even,0.004682789799022547,0.04365624136661475,1.25,1.0,2,linear,0.005381488212615852,0.15,0.06,1.0,16,64,2982156,,24,,6,,oom
2009,FAIL,,3,full,16,1,24,3,midlate,0.014537449776554546,0.10911159630438663,0.75,1.0,1,linear,0.00449049303564825,0.15,0.06,1.0,11,192,2940655,,24,,5,,oom
2010,PRUNED,4.8019403888583305,3,lean,32,4,16,6,late,0.02306532911590675,0.14053734149159458,0.75,1.0,1,linear,0.0039252000357285636,0.15,0.02,1.0,10,192,2950976,,24,,0,,
2011,COMPLETE,4.199775815010071,3,full,24,4,32,4,even,0.004927460316589186,0.08950493405260794,1.25,0.9,1,learned,0.005275848266613853,0.15,0.06,1.0,11,192,3018284,0.154344379901886,24,245216.51704253498,0,4.494053840637207,
2012,PRUNED,4.857301774455076,3,full,24,2,32,6,late,0.013833506912882793,0.13211997270512865,0.8164965809277261,0.9,1,learned,0.0038242091255049583,0.15,0.01,0.5,11,192,3018280,,24,,3,,
2013,PRUNED,4.908826120824198,1,lean,24,4,16,4,midlate,0.00784453680668552,0.047412918797998305,1.25,0.9,1,linear,0.005264170801720058,0.15,0.06,1.0,15,64,2913812,,24,,1,,
2014,FAIL,,3,full,32,2,32,6,late,0.006039201519856841,0.1189253620932429,0.75,1.05,1,linear,0.004342124154225428,0.0,0.06,1.0,11,192,3030424,,24,,1,,oom
