attention_fraction,attention_placement,cfg,d_conv,d_model,d_state,final_mqar_acc,final_mqar_proxy_ppl,final_wikitext_ppl,head_dim,last_train_loss,learning_rate,mamba_expand,max_grad_norm,mlp_expand,model_type,mqar_acc_step_100,mqar_acc_step_200,mqar_acc_step_300,mqar_acc_step_400,mqar_acc_step_500,mqar_proxy_ppl_step_100,mqar_proxy_ppl_step_200,mqar_proxy_ppl_step_300,mqar_proxy_ppl_step_400,mqar_proxy_ppl_step_500,n_layers,n_non_embedding_params,n_params,n_special_layers,number,score,state,transformer_dropout,warmup_ratio,weight_decay,wikitext_ppl_step_100,wikitext_ppl_step_200,wikitext_ppl_step_300,wikitext_ppl_step_400,wikitext_ppl_step_500
,,,4,384,32,,,,32,,,3,,3.0,mamba_only,,,,,,,,,,,8,,,,0,,PRUNED,,,,,,,,
0.0,none,"{""d_conv"": 4, ""d_model"": 128, ""d_state"": 32, ""mamba_expand"": 2, ""max_seq_len"": 128, ""mlp_expand"": 2.0, ""mlp_gated"": false, ""mlp_spectral_norm"": true, ""n_layers"": 2, ""ska_backend"": ""auto"", ""ska_chunk_size"": 64, ""ska_chunk_strategy"": ""standard"", ""ska_decay_alpha"": 0.95, ""ska_layer_indices"": [], ""ska_n_heads"": 4, ""ska_overlap_fraction"": 0.5, ""ska_power_K"": 2, ""ska_rank"": 32, ""ska_ridge"": 0.001, ""ska_scale"": 1.5, ""tie_embeddings"": true, ""vocab_size"": 50257}",,128,,0.0,14253.942560737138,1255.0908934487425,32,6.797522068023682,0.002270487618050284,,0.5,2.0,transformer,0.0,0.0,0.0,0.0,0.0,28131.040963330506,20040.641749716324,17392.49282585096,13634.869744210178,14209.208336363728,2,281600,6714496,0,1,-0.35674816370010376,COMPLETE,0.05,0.05978999788110852,0.17896547008552977,1576.616155621023,1422.765761989813,1485.6546586930285,1260.319850311089,1328.560914059245
0.125,middle,,2,128,128,,,,32,,,3,,2.0,mamba_attn,,,,,,,,,,,8,,,,2,,PRUNED,,,,,,,,
0.0,none,"{""d_conv"": 4, ""d_model"": 192, ""d_state"": 32, ""mamba_expand"": 2, ""max_seq_len"": 128, ""mlp_expand"": 2.667, ""mlp_gated"": false, ""mlp_spectral_norm"": true, ""n_layers"": 2, ""ska_backend"": ""auto"", ""ska_chunk_size"": 64, ""ska_chunk_strategy"": ""standard"", ""ska_decay_alpha"": 0.95, ""ska_layer_indices"": [], ""ska_n_heads"": 3, ""ska_overlap_fraction"": 0.5, ""ska_power_K"": 2, ""ska_rank"": 32, ""ska_ridge"": 0.001, ""ska_scale"": 1.5, ""tie_embeddings"": true, ""vocab_size"": 50257}",,192,,0.0,17475.49141086416,1034.1204435714658,64,6.405755996704102,0.0018291075892474286,,0.5,2.667,transformer,0.0,0.0,0.0,0.0,0.0,24026.533532533842,17846.287479780083,16294.915382987032,13725.04491767195,15814.794977807935,2,717568,10366912,0,3,-0.34706532657146455,COMPLETE,0.0,0.08074401551640625,0.10786844838313014,1405.2425729283507,1192.4623375947674,1248.6048421085145,1043.4103302923454,1118.07956010089
0.125,early,"{""d_conv"": 2, ""d_model"": 64, ""d_state"": 128, ""mamba_expand"": 1, ""max_seq_len"": 128, ""mlp_expand"": 2.0, ""mlp_gated"": false, ""mlp_spectral_norm"": true, ""n_layers"": 6, ""ska_backend"": ""auto"", ""ska_chunk_size"": 64, ""ska_chunk_strategy"": ""standard"", ""ska_decay_alpha"": 0.95, ""ska_layer_indices"": [0], ""ska_n_heads"": 2, ""ska_overlap_fraction"": 0.5, ""ska_power_K"": 2, ""ska_rank"": 32, ""ska_ridge"": 0.001, ""ska_scale"": 1.5, ""tie_embeddings"": true, ""vocab_size"": 50257}",2,64,128,0.0,35847177.48341722,71277.06437619103,32,11.230070114135742,0.0005548564976918174,1,0.5,2.0,mamba_attn,0.0,0.0,0.0,0.0,0.0,485165195.4097903,485165195.4097903,39035438.41287982,89505841.84489869,57761104.34283583,6,314319,3530767,1,4,-0.558716493844986,COMPLETE,,0.00902897700544083,0.1071549368149517,33278883.232489552,836786.9775982122,188627.4837477445,80984.93300004075,78175.80866629905
0.125,early,,3,256,16,,,,64,,,4,,2.0,mamba_attn,,,,,,,,,,,6,,,,5,,PRUNED,,,,,,,,
,,,3,192,32,,,,32,,,4,,2.0,mamba_only,,,,,,,,,,,8,,,,6,,PRUNED,,,,,,,,
0.25,late,,4,192,32,,,,32,,,3,,2.667,mamba_attn,,,,,,,,,,,8,,,,7,,PRUNED,,,,,,,,
0.25,uniform,,3,256,128,,,,32,,,4,,4.0,mamba_attn,,,,,,,,,,,6,,,,8,,PRUNED,,,,,,,,
0.0,none,"{""d_conv"": 3, ""d_model"": 64, ""d_state"": 16, ""mamba_expand"": 3, ""max_seq_len"": 128, ""mlp_expand"": 2.0, ""mlp_gated"": false, ""mlp_spectral_norm"": true, ""n_layers"": 12, ""ska_backend"": ""auto"", ""ska_chunk_size"": 64, ""ska_chunk_strategy"": ""standard"", ""ska_decay_alpha"": 0.95, ""ska_layer_indices"": [], ""ska_n_heads"": 2, ""ska_overlap_fraction"": 0.5, ""ska_power_K"": 2, ""ska_rank"": 32, ""ska_ridge"": 0.001, ""ska_scale"": 1.5, ""tie_embeddings"": true, ""vocab_size"": 50257}",3,64,16,0.0,485165195.4097903,485165195.4097903,32,20.481557846069336,6.66077854344315e-05,3,1.0,2.0,mamba_only,0.0,0.0,0.0,0.0,0.0,485165195.4097903,485165195.4097903,485165195.4097903,485165195.4097903,485165195.4097903,12,780524,3996972,0,9,-1.0,COMPLETE,,0.03985047343973735,0.08677032984759461,485165195.4097903,485165195.4097903,485165195.4097903,485165195.4097903,485165195.4097903
0.0,none,"{""d_conv"": 4, ""d_model"": 192, ""d_state"": 32, ""mamba_expand"": 2, ""max_seq_len"": 128, ""mlp_expand"": 2.667, ""mlp_gated"": false, ""mlp_spectral_norm"": true, ""n_layers"": 2, ""ska_backend"": ""auto"", ""ska_chunk_size"": 64, ""ska_chunk_strategy"": ""standard"", ""ska_decay_alpha"": 0.95, ""ska_layer_indices"": [], ""ska_n_heads"": 3, ""ska_overlap_fraction"": 0.5, ""ska_power_K"": 2, ""ska_rank"": 32, ""ska_ridge"": 0.001, ""ska_scale"": 1.5, ""tie_embeddings"": true, ""vocab_size"": 50257}",,192,,0.0,12958.57408377584,1107.2287714567203,64,6.789913177490234,0.002803751863132791,,2.0,2.667,transformer,0.0,0.0,0.0,0.0,0.0,18291.81524436237,14461.187751240856,12016.583928656763,10790.020445697095,12654.912785467195,2,717568,10366912,0,10,-0.35048077851533893,COMPLETE,0.0,0.0969132666736412,0.00774503999223658,1488.7089388577247,1343.527893534707,1370.085729915266,1102.667410460936,1151.4242467295348
0.0,none,"{""d_conv"": 4, ""d_model"": 192, ""d_state"": 32, ""mamba_expand"": 2, ""max_seq_len"": 128, ""mlp_expand"": 2.667, ""mlp_gated"": false, ""mlp_spectral_norm"": true, ""n_layers"": 2, ""ska_backend"": ""auto"", ""ska_chunk_size"": 64, ""ska_chunk_strategy"": ""standard"", ""ska_decay_alpha"": 0.95, ""ska_layer_indices"": [], ""ska_n_heads"": 3, ""ska_overlap_fraction"": 0.5, ""ska_power_K"": 2, ""ska_rank"": 32, ""ska_ridge"": 0.001, ""ska_scale"": 1.5, ""tie_embeddings"": true, ""vocab_size"": 50257}",,192,,0.0,14508.043461549503,1153.435253861052,64,6.735324382781982,0.002661897319215856,,2.0,2.667,transformer,0.0,0.0,0.0,0.0,0.0,32350.97420688584,30095.585807302898,15851.51736946371,13852.96935933985,13480.954669323104,2,717568,10366912,0,11,-0.35252499729394915,COMPLETE,0.0,0.09934734607775658,0.006147373287024678,1559.738509694717,1436.0918909155366,1444.002285938753,1183.8223401806074,1207.915799079866
,,,,384,,,,,64,,,,,2.667,transformer,,,,,,,,,,,4,,,,12,,PRUNED,0.0,,,,,,,
0.0,none,"{""d_conv"": 4, ""d_model"": 192, ""d_state"": 64, ""mamba_expand"": 2, ""max_seq_len"": 128, ""mlp_expand"": 3.0, ""mlp_gated"": false, ""mlp_spectral_norm"": true, ""n_layers"": 2, ""ska_backend"": ""auto"", ""ska_chunk_size"": 64, ""ska_chunk_strategy"": ""standard"", ""ska_decay_alpha"": 0.95, ""ska_layer_indices"": [], ""ska_n_heads"": 3, ""ska_overlap_fraction"": 0.5, ""ska_power_K"": 2, ""ska_rank"": 32, ""ska_ridge"": 0.001, ""ska_scale"": 1.5, ""tie_embeddings"": true, ""vocab_size"": 50257}",4,192,64,0.0,553844.8612003025,6777.659481655357,64,8.41124153137207,0.0007450000521926104,2,2.0,3.0,mamba_only,0.0,0.0,0.0,0.0,0.0,485165195.4097903,97633234.96732582,1580600.5531065485,493849.13340573234,775607.1082800465,2,1165220,10814564,0,13,-0.4410693556070328,COMPLETE,,0.07962060742252797,0.045427802330175696,358454864.3617635,164290.90237102014,17109.996549267013,6892.478514191806,7059.891777284664
0.0,none,"{""d_conv"": 4, ""d_model"": 256, ""d_state"": 32, ""mamba_expand"": 2, ""max_seq_len"": 128, ""mlp_expand"": 4.0, ""mlp_gated"": false, ""mlp_spectral_norm"": true, ""n_layers"": 2, ""ska_backend"": ""auto"", ""ska_chunk_size"": 64, ""ska_chunk_strategy"": ""standard"", ""ska_decay_alpha"": 0.95, ""ska_layer_indices"": [], ""ska_n_heads"": 4, ""ska_overlap_fraction"": 0.5, ""ska_power_K"": 2, ""ska_rank"": 32, ""ska_ridge"": 0.001, ""ska_scale"": 1.5, ""tie_embeddings"": true, ""vocab_size"": 50257}",,256,,0.0,34481.600859641556,1194.9991507985092,64,6.7621073722839355,0.0029646246735127607,,2.0,4.0,transformer,0.0,0.0,0.0,0.0,0.0,52838.744608573186,30895.90427141664,46278.447763240365,33978.10683874413,32624.612449927037,2,1612800,14478592,0,14,-0.3542950376868248,COMPLETE,0.1,0.08001498668614339,0.004093771922806791,1558.7650703160932,1427.12964189123,1491.853793278426,1201.542328484561,1259.743504216318
0.0,none,"{""d_conv"": 2, ""d_model"": 128, ""d_state"": 64, ""mamba_expand"": 2, ""max_seq_len"": 128, ""mlp_expand"": 2.667, ""mlp_gated"": false, ""mlp_spectral_norm"": true, ""n_layers"": 2, ""ska_backend"": ""auto"", ""ska_chunk_size"": 64, ""ska_chunk_strategy"": ""standard"", ""ska_decay_alpha"": 0.95, ""ska_layer_indices"": [], ""ska_n_heads"": 2, ""ska_overlap_fraction"": 0.5, ""ska_power_K"": 2, ""ska_rank"": 32, ""ska_ridge"": 0.001, ""ska_scale"": 1.5, ""tie_embeddings"": true, ""vocab_size"": 50257}",2,128,64,0.0,485165195.4097903,40329960.61485227,64,18.209365844726562,0.00024086510152463412,2,0.5,2.667,mamba_only,0.0,0.0,0.0,0.0,0.0,485165195.4097903,485165195.4097903,485165195.4097903,485165195.4097903,485165195.4097903,2,529432,6962328,0,15,-0.875630259513855,COMPLETE,,0.099701806222616,0.13697251753999612,485165195.4097903,485165195.4097903,144831965.01041692,40580079.88215025,49100612.0070911
,,,,192,,,,,64,,,,,4.0,transformer,,,,,,,,,,,8,,,,16,,PRUNED,0.0,,,,,,,
,,,,192,,,,,32,,,,,2.667,transformer,,,,,,,,,,,6,,,,17,,PRUNED,0.0,,,,,,,
0.333,uniform,,4,64,16,,,,64,,,1,,2.667,mamba_attn,,,,,,,,,,,2,,,,18,,PRUNED,,,,,,,,
0.0,none,"{""d_conv"": 4, ""d_model"": 128, ""d_state"": 32, ""mamba_expand"": 2, ""max_seq_len"": 128, ""mlp_expand"": 2.667, ""mlp_gated"": false, ""mlp_spectral_norm"": true, ""n_layers"": 6, ""ska_backend"": ""auto"", ""ska_chunk_size"": 64, ""ska_chunk_strategy"": ""standard"", ""ska_decay_alpha"": 0.95, ""ska_layer_indices"": [], ""ska_n_heads"": 2, ""ska_overlap_fraction"": 0.5, ""ska_power_K"": 2, ""ska_rank"": 32, ""ska_ridge"": 0.001, ""ska_scale"": 1.5, ""tie_embeddings"": true, ""vocab_size"": 50257}",,128,,0.0,12125.99397121439,1126.1486169571638,64,6.720886707305908,0.0010315711417976951,,1.0,2.667,transformer,0.0,0.0,0.0,0.0,0.0,19904.112360110757,20217.55652123443,10945.231705153283,11390.969506050043,12268.55693863152,6,1008896,7441792,0,19,-0.35132793933153156,COMPLETE,0.0,0.06405395261155132,0.06406794705158333,1426.7690179875538,1258.6031554084138,1341.793669269611,1130.366594898771,1194.3504800081023
,,,,384,,,,,64,,,,,3.0,transformer,,,,,,,,,,,2,,,,20,,PRUNED,0.1,,,,,,,
0.0,none,"{""d_conv"": 4, ""d_model"": 128, ""d_state"": 32, ""mamba_expand"": 2, ""max_seq_len"": 128, ""mlp_expand"": 2.667, ""mlp_gated"": false, ""mlp_spectral_norm"": true, ""n_layers"": 6, ""ska_backend"": ""auto"", ""ska_chunk_size"": 64, ""ska_chunk_strategy"": ""standard"", ""ska_decay_alpha"": 0.95, ""ska_layer_indices"": [], ""ska_n_heads"": 2, ""ska_overlap_fraction"": 0.5, ""ska_power_K"": 2, ""ska_rank"": 32, ""ska_ridge"": 0.001, ""ska_scale"": 1.5, ""tie_embeddings"": true, ""vocab_size"": 50257}",,128,,0.0,15816.242931812794,1132.602996298713,64,6.720845699310303,0.0010043793309079325,,1.0,2.667,transformer,0.0,0.0,0.0,0.0,0.0,22155.9059667458,15661.105279994421,12140.434745876402,17004.119844976845,15991.451389973492,6,1008896,7441792,0,21,-0.35161368995904924,COMPLETE,0.0,0.06304995976827904,0.0568145738566083,1418.2334677238505,1255.346916800796,1353.893092242449,1131.1511131724228,1201.7262563100626
,,,,64,,,,,32,,,,,3.0,transformer,,,,,,,,,,,4,,,,22,,PRUNED,0.0,,,,,,,
,,,,64,,,,,32,,,,,2.667,transformer,,,,,,,,,,,2,,,,23,,PRUNED,0.0,,,,,,,
0.0,none,"{""d_conv"": 4, ""d_model"": 192, ""d_state"": 32, ""mamba_expand"": 2, ""max_seq_len"": 128, ""mlp_expand"": 2.0, ""mlp_gated"": false, ""mlp_spectral_norm"": true, ""n_layers"": 4, ""ska_backend"": ""auto"", ""ska_chunk_size"": 64, ""ska_chunk_strategy"": ""standard"", ""ska_decay_alpha"": 0.95, ""ska_layer_indices"": [], ""ska_n_heads"": 3, ""ska_overlap_fraction"": 0.5, ""ska_power_K"": 2, ""ska_rank"": 32, ""ska_ridge"": 0.001, ""ska_scale"": 1.5, ""tie_embeddings"": true, ""vocab_size"": 50257}",,192,,0.0,17163.130712043327,1040.6366485614315,64,6.673577308654785,0.001164211199137794,,1.0,2.0,transformer,0.0,0.0,0.0,0.0,0.0,21748.600453914136,20747.59357978477,21097.486300456294,17377.63742442625,18100.791353753066,4,1213056,10862400,0,24,-0.3473793983459473,COMPLETE,0.05,0.07444560251738651,0.07599985538269285,1420.8484618116925,1217.4920620703135,1271.4999640774975,1059.2031807865087,1114.9781846965063
,,,,64,,,,,64,,,,,2.0,transformer,,,,,,,,,,,4,,,,25,,PRUNED,0.05,,,,,,,
,,,,192,,,,,64,,,,,2.0,transformer,,,,,,,,,,,12,,,,26,,PRUNED,0.05,,,,,,,
0.0,none,"{""d_conv"": 4, ""d_model"": 192, ""d_state"": 32, ""mamba_expand"": 2, ""max_seq_len"": 128, ""mlp_expand"": 3.0, ""mlp_gated"": false, ""mlp_spectral_norm"": true, ""n_layers"": 4, ""ska_backend"": ""auto"", ""ska_chunk_size"": 64, ""ska_chunk_strategy"": ""standard"", ""ska_decay_alpha"": 0.95, ""ska_layer_indices"": [], ""ska_n_heads"": 3, ""ska_overlap_fraction"": 0.5, ""ska_power_K"": 2, ""ska_rank"": 32, ""ska_ridge"": 0.001, ""ska_scale"": 1.5, ""tie_embeddings"": true, ""vocab_size"": 50257}",,192,,0.0,9665.325302174077,1006.0205133454693,64,6.530925750732422,0.001559444564438557,,1.0,3.0,transformer,0.0,0.0,0.0,0.0,0.0,24339.44381504664,21218.8769019549,17642.678701787794,10393.141196090335,10152.384339592421,4,1508736,11158080,0,27,-0.3456878870725632,COMPLETE,0.05,0.08502839460425705,0.1080967635464527,1416.697991298617,1188.609133701205,1227.495822932524,1027.7434175096246,1086.0394084599914
0.0,none,"{""d_conv"": 4, ""d_model"": 192, ""d_state"": 32, ""mamba_expand"": 2, ""max_seq_len"": 128, ""mlp_expand"": 2.0, ""mlp_gated"": false, ""mlp_spectral_norm"": true, ""n_layers"": 4, ""ska_backend"": ""auto"", ""ska_chunk_size"": 64, ""ska_chunk_strategy"": ""standard"", ""ska_decay_alpha"": 0.95, ""ska_layer_indices"": [], ""ska_n_heads"": 6, ""ska_overlap_fraction"": 0.5, ""ska_power_K"": 2, ""ska_rank"": 32, ""ska_ridge"": 0.001, ""ska_scale"": 1.5, ""tie_embeddings"": true, ""vocab_size"": 50257}",,192,,0.0,12032.363112225528,1059.5620919936866,32,6.596316814422607,0.0008635457564278064,,1.0,2.0,transformer,0.0,0.0,0.0,0.0,0.0,19106.580546684723,16016.848595325378,13490.832032175558,12980.3428841039,12265.56205107441,4,1213056,10862400,0,28,-0.34828054904937744,COMPLETE,0.05,0.07495357979408648,0.11834246896998664,1424.0278575338377,1200.9154092306765,1274.9268252051536,1062.7063004587658,1130.2586651426113
0.5,middle,"{""d_conv"": 2, ""d_model"": 192, ""d_state"": 64, ""mamba_expand"": 1, ""max_seq_len"": 128, ""mlp_expand"": 2.0, ""mlp_gated"": false, ""mlp_spectral_norm"": true, ""n_layers"": 4, ""ska_backend"": ""auto"", ""ska_chunk_size"": 64, ""ska_chunk_strategy"": ""standard"", ""ska_decay_alpha"": 0.95, ""ska_layer_indices"": [1, 2], ""ska_n_heads"": 3, ""ska_overlap_fraction"": 0.5, ""ska_power_K"": 2, ""ska_rank"": 32, ""ska_ridge"": 0.001, ""ska_scale"": 1.5, ""tie_embeddings"": true, ""vocab_size"": 50257}",2,192,64,0.0,385279.7040484708,2367.237722212938,64,7.401162147521973,0.0010357182693567803,1,1.0,2.0,mamba_attn,0.0,0.0,0.0,0.0,0.0,485165195.4097903,9838429.381871155,1434417.6862279577,296587.5275097428,211238.3060054519,4,1456914,11106258,2,29,-0.38847395181655886,COMPLETE,,0.07531502973168351,0.10137812279740488,9729067.616832033,13019.116062001223,4041.485742834635,2336.0352794952496,2452.6365928273044
0.0,none,"{""d_conv"": 4, ""d_model"": 192, ""d_state"": 32, ""mamba_expand"": 2, ""max_seq_len"": 128, ""mlp_expand"": 3.0, ""mlp_gated"": false, ""mlp_spectral_norm"": true, ""n_layers"": 4, ""ska_backend"": ""auto"", ""ska_chunk_size"": 64, ""ska_chunk_strategy"": ""standard"", ""ska_decay_alpha"": 0.95, ""ska_layer_indices"": [], ""ska_n_heads"": 3, ""ska_overlap_fraction"": 0.5, ""ska_power_K"": 2, ""ska_rank"": 32, ""ska_ridge"": 0.001, ""ska_scale"": 1.5, ""tie_embeddings"": true, ""vocab_size"": 50257}",,192,,0.0,10003.530497062002,1028.8499084712812,64,6.5048298835754395,0.0011788717586442587,,0.5,3.0,transformer,0.0,0.0,0.0,0.0,0.0,20915.42465460071,13159.027200995164,7186.825827638252,8943.057505050485,9985.230245147863,4,1508736,11158080,0,30,-0.3468098431825638,COMPLETE,0.05,0.08066848426658638,0.14003016083562442,1375.7773773649835,1194.4726462984204,1271.3734055792395,1030.065888810656,1094.3470053011285
0.0,none,"{""d_conv"": 4, ""d_model"": 192, ""d_state"": 32, ""mamba_expand"": 2, ""max_seq_len"": 128, ""mlp_expand"": 3.0, ""mlp_gated"": false, ""mlp_spectral_norm"": true, ""n_layers"": 4, ""ska_backend"": ""auto"", ""ska_chunk_size"": 64, ""ska_chunk_strategy"": ""standard"", ""ska_decay_alpha"": 0.95, ""ska_layer_indices"": [], ""ska_n_heads"": 3, ""ska_overlap_fraction"": 0.5, ""ska_power_K"": 2, ""ska_rank"": 32, ""ska_ridge"": 0.001, ""ska_scale"": 1.5, ""tie_embeddings"": true, ""vocab_size"": 50257}",,192,,0.0,17297.214937421933,1053.9649586125408,64,6.539752960205078,0.0011741042689548831,,0.5,3.0,transformer,0.0,0.0,0.0,0.0,0.0,21136.15234065512,13902.096316372585,17386.12467086292,18036.82713002322,17789.736220110077,4,1508736,11158080,0,31,-0.3480157241225243,COMPLETE,0.05,0.0790881974621515,0.14601456643864852,1409.6108462335776,1224.5771102361464,1270.6102294250543,1045.62946207055,1114.52264256547
0.5,late,"{""d_conv"": 3, ""d_model"": 128, ""d_state"": 32, ""mamba_expand"": 2, ""max_seq_len"": 128, ""mlp_expand"": 3.0, ""mlp_gated"": false, ""mlp_spectral_norm"": true, ""n_layers"": 4, ""ska_backend"": ""auto"", ""ska_chunk_size"": 64, ""ska_chunk_strategy"": ""standard"", ""ska_decay_alpha"": 0.95, ""ska_layer_indices"": [2, 3], ""ska_n_heads"": 2, ""ska_overlap_fraction"": 0.5, ""ska_power_K"": 2, ""ska_rank"": 32, ""ska_ridge"": 0.001, ""ska_scale"": 1.5, ""tie_embeddings"": true, ""vocab_size"": 50257}",3,128,32,0.0,73207.2548263166,1264.5355345905643,64,6.92146110534668,0.0014021696343890864,2,0.5,3.0,mamba_attn,0.0,0.0,0.0,0.0,0.0,282752639.44172126,455455.24417351215,71415.45141230454,58852.41132510777,73646.45222569651,4,940312,7373208,2,32,-0.3571230083703995,COMPLETE,,0.08059940041702149,0.11069068593797467,662123.2949165005,3477.7152383930757,1871.8807688683269,1219.0634507317839,1390.9917018893054
,,,2,384,64,,,,64,,,2,,2.0,mamba_only,,,,,,,,,,,4,,,,33,,PRUNED,,,,,,,,
0.0,none,"{""d_conv"": 4, ""d_model"": 128, ""d_state"": 32, ""mamba_expand"": 2, ""max_seq_len"": 128, ""mlp_expand"": 4.0, ""mlp_gated"": false, ""mlp_spectral_norm"": true, ""n_layers"": 4, ""ska_backend"": ""auto"", ""ska_chunk_size"": 64, ""ska_chunk_strategy"": ""standard"", ""ska_decay_alpha"": 0.95, ""ska_layer_indices"": [], ""ska_n_heads"": 2, ""ska_overlap_fraction"": 0.5, ""ska_power_K"": 2, ""ska_rank"": 32, ""ska_ridge"": 0.001, ""ska_scale"": 1.5, ""tie_embeddings"": true, ""vocab_size"": 50257}",,128,,0.0,13080.95132343176,1102.6297183342078,64,6.753600597381592,0.001223036338773721,,1.0,4.0,transformer,0.0,0.0,0.0,0.0,0.0,22742.311742430156,13820.87690064633,13223.437386959107,11699.595766445105,13078.95548093652,4,809728,7242624,0,34,-0.35027266293764114,COMPLETE,0.05,0.07602812386200306,0.14333073591850135,1442.635465091931,1228.1077765747139,1310.8560594296184,1098.2472778354436,1179.8111081064849
,,,4,192,128,,,,64,,,1,,4.0,mamba_only,,,,,,,,,,,4,,,,35,,PRUNED,,,,,,,,
,,,4,192,16,,,,32,,,4,,3.0,mamba_only,,,,,,,,,,,4,,,,36,,PRUNED,,,,,,,,
0.0,none,"{""d_conv"": 4, ""d_model"": 192, ""d_state"": 32, ""mamba_expand"": 2, ""max_seq_len"": 128, ""mlp_expand"": 2.0, ""mlp_gated"": false, ""mlp_spectral_norm"": true, ""n_layers"": 4, ""ska_backend"": ""auto"", ""ska_chunk_size"": 64, ""ska_chunk_strategy"": ""standard"", ""ska_decay_alpha"": 0.95, ""ska_layer_indices"": [], ""ska_n_heads"": 3, ""ska_overlap_fraction"": 0.5, ""ska_power_K"": 2, ""ska_rank"": 32, ""ska_ridge"": 0.001, ""ska_scale"": 1.5, ""tie_embeddings"": true, ""vocab_size"": 50257}",,192,,0.0,11173.716743349896,1016.4368405999961,64,6.711953639984131,0.0013364236215455505,,0.5,2.0,transformer,0.0,0.0,0.0,0.0,0.0,18971.782218152686,12324.094448058793,15057.461171758518,11477.507519218278,11018.963773854359,4,1213056,10862400,0,37,-0.34620292484760284,COMPLETE,0.05,0.0852148255700704,0.08999665505310284,1398.3099122961462,1190.1926177569826,1243.864952431155,1040.7491712193446,1091.1596505610567
0.0,none,"{""d_conv"": 4, ""d_model"": 192, ""d_state"": 32, ""mamba_expand"": 2, ""max_seq_len"": 128, ""mlp_expand"": 3.0, ""mlp_gated"": false, ""mlp_spectral_norm"": true, ""n_layers"": 2, ""ska_backend"": ""auto"", ""ska_chunk_size"": 64, ""ska_chunk_strategy"": ""standard"", ""ska_decay_alpha"": 0.95, ""ska_layer_indices"": [], ""ska_n_heads"": 6, ""ska_overlap_fraction"": 0.5, ""ska_power_K"": 2, ""ska_rank"": 32, ""ska_ridge"": 0.001, ""ska_scale"": 1.5, ""tie_embeddings"": true, ""vocab_size"": 50257}",,192,,0.0,18765.06540920889,1020.709084875834,32,6.538232803344727,0.001633309400686083,,0.5,3.0,transformer,0.0,0.0,0.0,0.0,0.0,14103.795418341799,16495.04694524618,14434.732753287575,19083.271313824473,19925.991687526082,2,766848,10416192,0,38,-0.34641264230012897,COMPLETE,0.05,0.08828914161516004,0.11423870857310926,1344.3994519772477,1144.5628070123944,1254.0967732354852,1022.0201244680876,1097.7307839623202
0.0,none,"{""d_conv"": 4, ""d_model"": 192, ""d_state"": 32, ""mamba_expand"": 2, ""max_seq_len"": 128, ""mlp_expand"": 3.0, ""mlp_gated"": false, ""mlp_spectral_norm"": true, ""n_layers"": 2, ""ska_backend"": ""auto"", ""ska_chunk_size"": 64, ""ska_chunk_strategy"": ""standard"", ""ska_decay_alpha"": 0.95, ""ska_layer_indices"": [], ""ska_n_heads"": 6, ""ska_overlap_fraction"": 0.5, ""ska_power_K"": 2, ""ska_rank"": 32, ""ska_ridge"": 0.001, ""ska_scale"": 1.5, ""tie_embeddings"": true, ""vocab_size"": 50257}",,192,,0.0,14342.52080012135,1184.0593793493626,32,6.902732849121094,0.00040858157994088447,,0.5,3.0,transformer,0.0,0.0,0.0,0.0,0.0,20207.687077192622,13467.79610065695,14339.894846547753,13104.52527823698,14445.308939958304,2,766848,10416192,0,39,-0.35383519828319554,COMPLETE,0.05,0.0964495015217417,0.14011145465558797,1553.3780229475842,1315.8590694906586,1395.4773621724955,1177.8611390149822,1254.6392764879035
0.333,uniform,,3,192,64,,,,64,,,1,,3.0,mamba_attn,,,,,,,,,,,6,,,,40,,PRUNED,,,,,,,,
,,,,192,,,,,64,,,,,3.0,transformer,,,,,,,,,,,12,,,,41,,PRUNED,0.05,,,,,,,
0.0,none,"{""d_conv"": 4, ""d_model"": 64, ""d_state"": 32, ""mamba_expand"": 2, ""max_seq_len"": 128, ""mlp_expand"": 3.0, ""mlp_gated"": false, ""mlp_spectral_norm"": true, ""n_layers"": 6, ""ska_backend"": ""auto"", ""ska_chunk_size"": 64, ""ska_chunk_strategy"": ""standard"", ""ska_decay_alpha"": 0.95, ""ska_layer_indices"": [], ""ska_n_heads"": 1, ""ska_overlap_fraction"": 0.5, ""ska_power_K"": 2, ""ska_rank"": 32, ""ska_ridge"": 0.001, ""ska_scale"": 1.5, ""tie_embeddings"": true, ""vocab_size"": 50257}",,64,,,,,64,,0.0016499272729981341,,0.5,3.0,transformer,0.0,0.0,0.0,0.0,,21849.719422701586,15216.367749902764,12384.41784454639,11270.636183012302,,6,258688,3475136,0,42,,FAIL,0.05,0.0863538197539187,0.10465751058277661,1595.3257497807424,1414.4360836575365,1474.0222109808594,1270.0858021164786,
0.5,early,,2,64,16,,,,32,,,4,,3.0,mamba_attn,,,,,,,,,,,2,,,,43,,PRUNED,,,,,,,,
,,,,256,,,,,64,,,,,3.0,transformer,,,,,,,,,,,8,,,,44,,PRUNED,0.05,,,,,,,
0.0,none,"{""d_conv"": 4, ""d_model"": 192, ""d_state"": 32, ""mamba_expand"": 2, ""max_seq_len"": 128, ""mlp_expand"": 2.667, ""mlp_gated"": false, ""mlp_spectral_norm"": true, ""n_layers"": 4, ""ska_backend"": ""auto"", ""ska_chunk_size"": 64, ""ska_chunk_strategy"": ""standard"", ""ska_decay_alpha"": 0.95, ""ska_layer_indices"": [], ""ska_n_heads"": 3, ""ska_overlap_fraction"": 0.5, ""ska_power_K"": 2, ""ska_rank"": 32, ""ska_ridge"": 0.001, ""ska_scale"": 1.5, ""tie_embeddings"": true, ""vocab_size"": 50257}",,192,,0.0,16463.866342002482,1033.5707753417,64,6.599737644195557,0.0016351116835587175,,0.5,2.667,transformer,0.0,0.0,0.0,0.0,0.0,23151.264672410038,19338.883686179917,15985.596217747476,17479.758409112004,16563.650099913324,4,1410176,11059520,0,45,-0.3470387428998947,COMPLETE,0.05,0.08519543981879495,0.10604269746458792,1447.7727292954874,1214.4427984191639,1249.251742441515,1039.6708438716423,1088.0250287266795
0.0,none,"{""d_conv"": 4, ""d_model"": 192, ""d_state"": 32, ""mamba_expand"": 2, ""max_seq_len"": 128, ""mlp_expand"": 2.667, ""mlp_gated"": false, ""mlp_spectral_norm"": true, ""n_layers"": 4, ""ska_backend"": ""auto"", ""ska_chunk_size"": 64, ""ska_chunk_strategy"": ""standard"", ""ska_decay_alpha"": 0.95, ""ska_layer_indices"": [], ""ska_n_heads"": 3, ""ska_overlap_fraction"": 0.5, ""ska_power_K"": 2, ""ska_rank"": 32, ""ska_ridge"": 0.001, ""ska_scale"": 1.5, ""tie_embeddings"": true, ""vocab_size"": 50257}",,192,,0.0,9323.746615007369,1019.377822984885,64,6.568526268005371,0.0014857626223875385,,0.5,2.667,transformer,0.0,0.0,0.0,0.0,0.0,23510.103569792333,13915.67921350106,10490.010590155023,9255.142021886551,9173.034600532686,4,1410176,11059520,0,46,-0.3463473871350289,COMPLETE,0.05,0.0886766451830607,0.10407873904752342,1368.0624611591875,1190.766385005484,1262.2704455341352,1031.1718685221192,1083.3343544391855
,,,,192,,,,,64,,,,,3.0,transformer,,,,,,,,,,,6,,,,47,,PRUNED,0.05,,,,,,,
,,,,128,,,,,32,,,,,3.0,transformer,,,,,,,,,,,12,,,,48,,PRUNED,0.05,,,,,,,
0.333,late,,4,256,32,,,,64,,,3,,2.667,mamba_attn,,,,,,,,,,,4,,,,49,,PRUNED,,,,,,,,
,,,3,256,128,,,,64,,,2,,3.0,mamba_only,,,,,,,,,,,4,,,,50,,PRUNED,,,,,,,,
0.0,none,"{""d_conv"": 4, ""d_model"": 256, ""d_state"": 32, ""mamba_expand"": 2, ""max_seq_len"": 128, ""mlp_expand"": 3.0, ""mlp_gated"": false, ""mlp_spectral_norm"": true, ""n_layers"": 2, ""ska_backend"": ""auto"", ""ska_chunk_size"": 64, ""ska_chunk_strategy"": ""standard"", ""ska_decay_alpha"": 0.95, ""ska_layer_indices"": [], ""ska_n_heads"": 8, ""ska_overlap_fraction"": 0.5, ""ska_power_K"": 2, ""ska_rank"": 32, ""ska_ridge"": 0.001, ""ska_scale"": 1.5, ""tie_embeddings"": true, ""vocab_size"": 50257}",,256,,0.0,13000.561173890927,978.0018068467931,32,6.362257957458496,0.0013467575618753126,,0.5,3.0,transformer,0.0,0.0,0.0,0.0,0.0,18087.538792036252,13157.420972470945,13341.79978201804,10783.436749247749,13149.39277028403,2,1350144,14215936,0,51,-0.344275575876236,COMPLETE,0.05,0.08876637064698249,0.10527067230754547,1319.098341681462,1142.0315995717262,1188.637330992487,987.0243263977392,1046.7867177053633
0.0,none,"{""d_conv"": 4, ""d_model"": 256, ""d_state"": 32, ""mamba_expand"": 2, ""max_seq_len"": 128, ""mlp_expand"": 3.0, ""mlp_gated"": false, ""mlp_spectral_norm"": true, ""n_layers"": 2, ""ska_backend"": ""auto"", ""ska_chunk_size"": 64, ""ska_chunk_strategy"": ""standard"", ""ska_decay_alpha"": 0.95, ""ska_layer_indices"": [], ""ska_n_heads"": 8, ""ska_overlap_fraction"": 0.5, ""ska_power_K"": 2, ""ska_rank"": 32, ""ska_ridge"": 0.001, ""ska_scale"": 1.5, ""tie_embeddings"": true, ""vocab_size"": 50257}",,256,,0.0,14496.53651819152,1005.6849836095075,32,6.629478454589844,0.001333029251516402,,0.5,3.0,transformer,0.0,0.0,0.0,0.0,0.0,15868.941936421606,13971.849085900612,8726.299533851296,15061.137758523737,14940.283079275907,2,1350144,14215936,0,52,-0.3456712082028389,COMPLETE,0.05,0.08991090901395384,0.10288340365778952,1368.4816557577112,1166.2592655784383,1255.2881061158869,1023.2360224100189,1074.8775115333503
0.0,none,"{""d_conv"": 4, ""d_model"": 256, ""d_state"": 32, ""mamba_expand"": 2, ""max_seq_len"": 128, ""mlp_expand"": 3.0, ""mlp_gated"": false, ""mlp_spectral_norm"": true, ""n_layers"": 2, ""ska_backend"": ""auto"", ""ska_chunk_size"": 64, ""ska_chunk_strategy"": ""standard"", ""ska_decay_alpha"": 0.95, ""ska_layer_indices"": [], ""ska_n_heads"": 8, ""ska_overlap_fraction"": 0.5, ""ska_power_K"": 2, ""ska_rank"": 32, ""ska_ridge"": 0.001, ""ska_scale"": 1.5, ""tie_embeddings"": true, ""vocab_size"": 50257}",,256,,0.0,15625.300845255944,1019.2680665808444,32,6.5572357177734375,0.001573995155469363,,0.5,3.0,transformer,0.0,0.0,0.0,0.0,0.0,20052.877320341748,13659.858807557692,13126.939854804457,12824.420005998152,15231.234742125553,2,1350144,14215936,0,53,-0.34634200334548954,COMPLETE,0.05,0.09349849842601174,0.09621938650204359,1395.3807139239682,1179.753445293614,1273.5290433234277,1034.3700474973402,1091.8577334769677
0.0,none,"{""d_conv"": 4, ""d_model"": 256, ""d_state"": 32, ""mamba_expand"": 2, ""max_seq_len"": 128, ""mlp_expand"": 3.0, ""mlp_gated"": false, ""mlp_spectral_norm"": true, ""n_layers"": 2, ""ska_backend"": ""auto"", ""ska_chunk_size"": 64, ""ska_chunk_strategy"": ""standard"", ""ska_decay_alpha"": 0.95, ""ska_layer_indices"": [], ""ska_n_heads"": 8, ""ska_overlap_fraction"": 0.5, ""ska_power_K"": 2, ""ska_rank"": 32, ""ska_ridge"": 0.001, ""ska_scale"": 1.5, ""tie_embeddings"": true, ""vocab_size"": 50257}",,256,,0.0,11037.474268964736,995.6092124248878,32,6.407100677490234,0.0013804555584867647,,0.5,3.0,transformer,0.0,0.0,0.0,0.0,0.0,21089.761584743334,12463.279901697733,13676.54362142149,10375.394648784331,11120.308612170506,2,1350144,14215936,0,54,-0.34516774117946625,COMPLETE,0.05,0.09702960803761368,0.09087169320116946,1324.329819337987,1116.427641941287,1235.9986046420381,1013.9686668145343,1071.1844736411188
,,,,256,,,,,32,,,,,3.0,transformer,,,,,,,,,,,6,,,,55,,PRUNED,0.05,,,,,,,
0.0,none,"{""d_conv"": 4, ""d_model"": 256, ""d_state"": 32, ""mamba_expand"": 2, ""max_seq_len"": 128, ""mlp_expand"": 3.0, ""mlp_gated"": false, ""mlp_spectral_norm"": true, ""n_layers"": 2, ""ska_backend"": ""auto"", ""ska_chunk_size"": 64, ""ska_chunk_strategy"": ""standard"", ""ska_decay_alpha"": 0.95, ""ska_layer_indices"": [], ""ska_n_heads"": 8, ""ska_overlap_fraction"": 0.5, ""ska_power_K"": 2, ""ska_rank"": 32, ""ska_ridge"": 0.001, ""ska_scale"": 1.5, ""tie_embeddings"": true, ""vocab_size"": 50257}",,256,,0.0,18094.716058071437,970.7498987835662,32,6.3192033767700195,0.001303549118851471,,0.5,3.0,transformer,0.0,0.0,0.0,0.0,0.0,21343.571217426557,17261.357056985493,14549.721746101579,15607.667487932562,19282.309712876624,2,1350144,14215936,0,56,-0.34390344321727756,COMPLETE,0.05,0.09962253844052456,0.08371873320953935,1345.1758389995287,1123.2168189476072,1246.799167115437,1009.7871984923274,1015.4688608654311
0.0,none,"{""d_conv"": 2, ""d_model"": 256, ""d_state"": 32, ""mamba_expand"": 1, ""max_seq_len"": 128, ""mlp_expand"": 3.0, ""mlp_gated"": false, ""mlp_spectral_norm"": true, ""n_layers"": 2, ""ska_backend"": ""auto"", ""ska_chunk_size"": 64, ""ska_chunk_strategy"": ""standard"", ""ska_decay_alpha"": 0.95, ""ska_layer_indices"": [], ""ska_n_heads"": 8, ""ska_overlap_fraction"": 0.5, ""ska_power_K"": 2, ""ska_rank"": 32, ""ska_ridge"": 0.001, ""ska_scale"": 1.5, ""tie_embeddings"": true, ""vocab_size"": 50257}",2,256,32,0.0,2162139.6903326022,3557.013726579694,32,7.981365203857422,0.0008957947938448091,1,0.5,3.0,mamba_only,0.0,0.0,0.0,0.0,0.0,485165195.4097903,485165195.4097903,10671695.015806152,2666140.7642616527,1800920.7029807772,2,1612696,14478488,0,57,-0.4088338315486908,COMPLETE,,0.09931190143708245,0.08106443743301768,243920670.8658453,52212.037054879045,7989.865864661111,3731.74084193488,3852.6043567393704
0.0,none,"{""d_conv"": 4, ""d_model"": 256, ""d_state"": 32, ""mamba_expand"": 2, ""max_seq_len"": 128, ""mlp_expand"": 2.0, ""mlp_gated"": false, ""mlp_spectral_norm"": true, ""n_layers"": 2, ""ska_backend"": ""auto"", ""ska_chunk_size"": 64, ""ska_chunk_strategy"": ""standard"", ""ska_decay_alpha"": 0.95, ""ska_layer_indices"": [], ""ska_n_heads"": 8, ""ska_overlap_fraction"": 0.5, ""ska_power_K"": 2, ""ska_rank"": 32, ""ska_ridge"": 0.001, ""ska_scale"": 1.5, ""tie_embeddings"": true, ""vocab_size"": 50257}",,256,,0.0,14293.145996329857,1034.6833859839478,32,6.5216288566589355,0.00110954705964272,,0.5,2.0,transformer,0.0,0.0,0.0,0.0,0.0,18835.63548947266,8722.039685493708,18153.89877200659,12805.647986899115,14714.042916317088,2,1087488,13953280,0,58,-0.34709253758192066,COMPLETE,0.1,0.09993576284808277,0.0766365903361873,1394.8112739624225,1191.5287607298485,1287.9339389908237,1026.124901813761,1097.1263785690426
0.25,middle,,2,256,16,,,,32,,,3,,3.0,mamba_attn,,,,,,,,,,,4,,,,59,,PRUNED,,,,,,,,
,,,,256,,,,,32,,,,,2.667,transformer,,,,,,,,,,,12,,,,60,,PRUNED,0.05,,,,,,,
0.125,middle,,3,256,128,,,,32,,,2,,2.667,mamba_attn,,,,,,,,,,,2,,,,61,,PRUNED,,,,,,,,
0.0,none,"{""d_conv"": 4, ""d_model"": 256, ""d_state"": 32, ""mamba_expand"": 2, ""max_seq_len"": 128, ""mlp_expand"": 3.0, ""mlp_gated"": false, ""mlp_spectral_norm"": true, ""n_layers"": 2, ""ska_backend"": ""auto"", ""ska_chunk_size"": 64, ""ska_chunk_strategy"": ""standard"", ""ska_decay_alpha"": 0.95, ""ska_layer_indices"": [], ""ska_n_heads"": 8, ""ska_overlap_fraction"": 0.5, ""ska_power_K"": 2, ""ska_rank"": 32, ""ska_ridge"": 0.001, ""ska_scale"": 1.5, ""tie_embeddings"": true, ""vocab_size"": 50257}",,256,,0.0,18128.43205228261,975.972243178783,32,6.379189491271973,0.0015495541516838125,,0.5,3.0,transformer,0.0,0.0,0.0,0.0,0.0,17757.192044390344,22362.410347419493,19578.790626822167,15371.321147161081,18673.092580373814,2,1350144,14215936,0,62,-0.34417170733213426,COMPLETE,0.05,0.09814810390444606,0.08931679581801756,1315.1842627044678,1134.9578047928799,1199.9450316803545,1022.6866534662499,1075.0738328688133
,,,,256,,,,,32,,,,,3.0,transformer,,,,,,,,,,,8,,,,63,,PRUNED,0.05,,,,,,,
0.0,none,"{""d_conv"": 4, ""d_model"": 256, ""d_state"": 32, ""mamba_expand"": 2, ""max_seq_len"": 128, ""mlp_expand"": 4.0, ""mlp_gated"": false, ""mlp_spectral_norm"": true, ""n_layers"": 2, ""ska_backend"": ""auto"", ""ska_chunk_size"": 64, ""ska_chunk_strategy"": ""standard"", ""ska_decay_alpha"": 0.95, ""ska_layer_indices"": [], ""ska_n_heads"": 8, ""ska_overlap_fraction"": 0.5, ""ska_power_K"": 2, ""ska_rank"": 32, ""ska_ridge"": 0.001, ""ska_scale"": 1.5, ""tie_embeddings"": true, ""vocab_size"": 50257}",,256,,0.0,12663.02552787416,964.9290514993329,32,6.513200283050537,0.0014805352221306867,,0.5,4.0,transformer,0.0,0.0,0.0,0.0,0.0,23685.82000262336,15703.220438142058,17698.762484717157,16472.912698322947,13661.526372569057,2,1612800,14478592,0,64,-0.343602728843689,COMPLETE,0.05,0.09859529693504032,0.08346186878938236,1334.676730674904,1107.5297210089059,1219.5393333462607,997.9415656349486,1035.3832598536328
0.0,none,"{""d_conv"": 4, ""d_model"": 256, ""d_state"": 32, ""mamba_expand"": 2, ""max_seq_len"": 128, ""mlp_expand"": 2.667, ""mlp_gated"": false, ""mlp_spectral_norm"": true, ""n_layers"": 2, ""ska_backend"": ""auto"", ""ska_chunk_size"": 64, ""ska_chunk_strategy"": ""standard"", ""ska_decay_alpha"": 0.95, ""ska_layer_indices"": [], ""ska_n_heads"": 8, ""ska_overlap_fraction"": 0.5, ""ska_power_K"": 2, ""ska_rank"": 32, ""ska_ridge"": 0.001, ""ska_scale"": 1.5, ""tie_embeddings"": true, ""vocab_size"": 50257}",,256,,0.0,11469.804259328072,1026.9102140022171,32,6.449606895446777,0.002001658997787886,,0.5,2.667,transformer,0.0,0.0,0.0,0.0,0.0,25833.408287610247,12155.263661519986,11678.19276778554,11762.604453450054,10939.888658295708,2,1284480,14150272,0,65,-0.34671548902988436,COMPLETE,0.05,0.09853101090011068,0.07649675540194863,1477.5745651573548,1233.7824994930413,1291.839604742956,1019.01111331502,1096.371078386461
0.0,none,"{""d_conv"": 4, ""d_model"": 128, ""d_state"": 32, ""mamba_expand"": 2, ""max_seq_len"": 128, ""mlp_expand"": 4.0, ""mlp_gated"": false, ""mlp_spectral_norm"": true, ""n_layers"": 2, ""ska_backend"": ""auto"", ""ska_chunk_size"": 64, ""ska_chunk_strategy"": ""standard"", ""ska_decay_alpha"": 0.95, ""ska_layer_indices"": [], ""ska_n_heads"": 4, ""ska_overlap_fraction"": 0.5, ""ska_power_K"": 2, ""ska_rank"": 32, ""ska_ridge"": 0.001, ""ska_scale"": 1.5, ""tie_embeddings"": true, ""vocab_size"": 50257}",,128,,0.0,14193.606205921282,1078.9485990021985,32,6.498363494873047,0.00171427956867108,,0.5,4.0,transformer,0.0,0.0,0.0,0.0,0.0,19918.695907408353,16900.651016827633,18718.736880774737,10815.075171815059,14896.576772863056,2,413184,6846080,0,66,-0.3491871163249016,COMPLETE,0.05,0.09853624074989024,0.08552193659358617,1423.382246971756,1231.3309363661508,1319.4507832637744,1057.3948170913943,1148.9303208697852
0.0,none,"{""d_conv"": 4, ""d_model"": 256, ""d_state"": 32, ""mamba_expand"": 2, ""max_seq_len"": 128, ""mlp_expand"": 4.0, ""mlp_gated"": false, ""mlp_spectral_norm"": true, ""n_layers"": 2, ""ska_backend"": ""auto"", ""ska_chunk_size"": 64, ""ska_chunk_strategy"": ""standard"", ""ska_decay_alpha"": 0.95, ""ska_layer_indices"": [], ""ska_n_heads"": 8, ""ska_overlap_fraction"": 0.5, ""ska_power_K"": 2, ""ska_rank"": 32, ""ska_ridge"": 0.001, ""ska_scale"": 1.5, ""tie_embeddings"": true, ""vocab_size"": 50257}",,256,,0.0,18067.126766835638,1132.2758640939253,32,6.535318374633789,0.0018380125380019438,,0.5,4.0,transformer,0.0,0.0,0.0,0.0,0.0,20583.62172309322,16803.964457867398,13307.642190772862,15909.673782408086,18343.243821328266,2,1612800,14478592,0,67,-0.35159924626350403,COMPLETE,0.1,0.09929213966519253,0.08869238872905696,1483.1990204566143,1379.8245767888138,1379.4056896841407,1149.741154874023,1201.9251133846526
0.0,none,"{""d_conv"": 4, ""d_model"": 256, ""d_state"": 32, ""mamba_expand"": 2, ""max_seq_len"": 128, ""mlp_expand"": 3.0, ""mlp_gated"": false, ""mlp_spectral_norm"": true, ""n_layers"": 2, ""ska_backend"": ""auto"", ""ska_chunk_size"": 64, ""ska_chunk_strategy"": ""standard"", ""ska_decay_alpha"": 0.95, ""ska_layer_indices"": [], ""ska_n_heads"": 4, ""ska_overlap_fraction"": 0.5, ""ska_power_K"": 2, ""ska_rank"": 32, ""ska_ridge"": 0.001, ""ska_scale"": 1.5, ""tie_embeddings"": true, ""vocab_size"": 50257}",,256,,0.0,18761.62973766574,978.2794105014722,64,6.421438217163086,0.0016452626714231,,0.5,3.0,transformer,0.0,0.0,0.0,0.0,0.0,22128.876683816452,10994.778763707054,17765.864665485096,18356.68373560426,19001.91270707052,2,1350144,14215936,0,68,-0.3442897662520409,COMPLETE,0.05,0.09911150302403952,0.0962818820569445,1321.42373962982,1155.2663865777006,1217.914627339887,983.7108775959792,1053.8849588417627
0.0,none,"{""d_conv"": 4, ""d_model"": 256, ""d_state"": 32, ""mamba_expand"": 2, ""max_seq_len"": 128, ""mlp_expand"": 3.0, ""mlp_gated"": false, ""mlp_spectral_norm"": true, ""n_layers"": 2, ""ska_backend"": ""auto"", ""ska_chunk_size"": 64, ""ska_chunk_strategy"": ""standard"", ""ska_decay_alpha"": 0.95, ""ska_layer_indices"": [], ""ska_n_heads"": 4, ""ska_overlap_fraction"": 0.5, ""ska_power_K"": 2, ""ska_rank"": 32, ""ska_ridge"": 0.001, ""ska_scale"": 1.5, ""tie_embeddings"": true, ""vocab_size"": 50257}",,256,,0.0,18028.022235333567,3513.037430787011,64,8.06125259399414,3.671973763827123e-05,,0.5,3.0,transformer,0.0,0.0,0.0,0.0,0.0,34534.25576933863,23236.2025668142,18598.022686539713,16970.941085084578,18074.29593323179,2,1350144,14215936,0,69,-0.4082118153572083,COMPLETE,0.05,0.09930562462300103,0.0866825534134174,15518.614723181625,6736.576521378489,4493.348279832693,3604.358930981718,3548.2644878239325
,,,,256,,,,,32,,,,,3.0,transformer,,,,,,,,,,,4,,,,70,,PRUNED,0.05,,,,,,,
,,,,384,,,,,32,,,,,3.0,transformer,,,,,,,,,,,2,,,,71,,PRUNED,0.05,,,,,,,
0.0,none,"{""d_conv"": 4, ""d_model"": 128, ""d_state"": 32, ""mamba_expand"": 2, ""max_seq_len"": 128, ""mlp_expand"": 3.0, ""mlp_gated"": false, ""mlp_spectral_norm"": true, ""n_layers"": 2, ""ska_backend"": ""auto"", ""ska_chunk_size"": 64, ""ska_chunk_strategy"": ""standard"", ""ska_decay_alpha"": 0.95, ""ska_layer_indices"": [], ""ska_n_heads"": 2, ""ska_overlap_fraction"": 0.5, ""ska_power_K"": 2, ""ska_rank"": 32, ""ska_ridge"": 0.001, ""ska_scale"": 1.5, ""tie_embeddings"": true, ""vocab_size"": 50257}",,128,,0.0,7890.293971373146,1079.702225648538,64,6.486668109893799,0.001788170397441512,,0.5,3.0,transformer,0.0,0.0,0.0,0.0,0.0,23921.17983969202,9496.621723096741,10126.392269549282,7286.647393914822,7618.650187089468,2,347392,6780288,0,72,-0.34922202825546267,COMPLETE,0.05,0.09999081411634614,0.10295655341694873,1449.8412916382017,1225.4511180765674,1312.9124151807027,1083.2105128837393,1149.8939867371355
0.5,late,,4,256,64,,,,32,,,4,,3.0,mamba_attn,,,,,,,,,,,2,,,,73,,PRUNED,,,,,,,,
,,,,64,,,,,32,,,,,3.0,transformer,,,,,,,,,,,2,,,,74,,PRUNED,0.05,,,,,,,
,,,,256,,,,,32,,,,,3.0,transformer,,,,,,,,,,,12,,,,75,,PRUNED,0.05,,,,,,,
0.25,uniform,,3,256,64,,,,64,,,3,,3.0,mamba_attn,,,,,,,,,,,2,,,,76,,PRUNED,,,,,,,,
0.0,none,"{""d_conv"": 4, ""d_model"": 256, ""d_state"": 32, ""mamba_expand"": 2, ""max_seq_len"": 128, ""mlp_expand"": 3.0, ""mlp_gated"": false, ""mlp_spectral_norm"": true, ""n_layers"": 2, ""ska_backend"": ""auto"", ""ska_chunk_size"": 64, ""ska_chunk_strategy"": ""standard"", ""ska_decay_alpha"": 0.95, ""ska_layer_indices"": [], ""ska_n_heads"": 8, ""ska_overlap_fraction"": 0.5, ""ska_power_K"": 2, ""ska_rank"": 32, ""ska_ridge"": 0.001, ""ska_scale"": 1.5, ""tie_embeddings"": true, ""vocab_size"": 50257}",,256,,0.0,21690.271924985027,1006.1532213128801,32,6.415658473968506,0.0017322992380163662,,0.5,3.0,transformer,0.0,0.0,0.0,0.0,0.0,24363.224412877393,10531.067330762984,21338.361020646033,20104.34834556009,23965.020953657568,2,1350144,14215936,0,77,-0.34569448232650757,COMPLETE,0.1,0.09947334757675401,0.09762935566461631,1409.2373456781845,1213.858346276869,1259.316183986081,1016.1775120559604,1068.6220203877751
,,,4,384,32,,,,32,,,4,,2.667,mamba_only,,,,,,,,,,,2,,,,78,,PRUNED,,,,,,,,
,,,2,256,128,,,,32,,,2,,4.0,mamba_only,,,,,,,,,,,2,,,,79,,PRUNED,,,,,,,,
,,,,192,,,,,32,,,,,4.0,transformer,,,,,,,,,,,12,,,,80,,PRUNED,0.05,,,,,,,
,,,,384,,,,,32,,,,,4.0,transformer,,,,,,,,,,,6,,,,81,,PRUNED,0.05,,,,,,,
0.0,none,"{""d_conv"": 4, ""d_model"": 256, ""d_state"": 32, ""mamba_expand"": 2, ""max_seq_len"": 128, ""mlp_expand"": 3.0, ""mlp_gated"": false, ""mlp_spectral_norm"": true, ""n_layers"": 2, ""ska_backend"": ""auto"", ""ska_chunk_size"": 64, ""ska_chunk_strategy"": ""standard"", ""ska_decay_alpha"": 0.95, ""ska_layer_indices"": [], ""ska_n_heads"": 8, ""ska_overlap_fraction"": 0.5, ""ska_power_K"": 2, ""ska_rank"": 32, ""ska_ridge"": 0.001, ""ska_scale"": 1.5, ""tie_embeddings"": true, ""vocab_size"": 50257}",,256,,0.0,17189.86414685988,1013.0120342004567,32,6.623327255249023,0.001913679527722611,,0.5,3.0,transformer,0.0,0.0,0.0,0.0,0.0,21242.201466583756,15403.252761461476,15149.645659846752,18220.50221500373,18636.65728934913,2,1350144,14215936,0,82,-0.3460341691970825,COMPLETE,0.1,0.0991621760351931,0.09723510040599631,1429.7876281030547,1218.9161014181152,1261.3853648282925,1016.9287228037003,1082.2316429573293
0.0,none,"{""d_conv"": 4, ""d_model"": 128, ""d_state"": 32, ""mamba_expand"": 2, ""max_seq_len"": 128, ""mlp_expand"": 3.0, ""mlp_gated"": false, ""mlp_spectral_norm"": true, ""n_layers"": 2, ""ska_backend"": ""auto"", ""ska_chunk_size"": 64, ""ska_chunk_strategy"": ""standard"", ""ska_decay_alpha"": 0.95, ""ska_layer_indices"": [], ""ska_n_heads"": 4, ""ska_overlap_fraction"": 0.5, ""ska_power_K"": 2, ""ska_rank"": 32, ""ska_ridge"": 0.001, ""ska_scale"": 1.5, ""tie_embeddings"": true, ""vocab_size"": 50257}",,128,,0.0,9877.63672695656,1177.670966329016,32,6.839437007904053,0.0016773306615371025,,0.5,3.0,transformer,0.0,0.0,0.0,0.0,0.0,26816.62590529943,20495.866601982092,10093.071649942947,9237.083213920449,9352.814725947408,2,347392,6780288,0,83,-0.35356470048427585,COMPLETE,0.1,0.09992143570807824,0.09953300819117243,1530.930377519055,1371.6841624728027,1415.3458796203468,1188.1133107687847,1233.1646310918736
,,,,256,,,,,64,,,,,3.0,transformer,,,,,,,,,,,4,,,,84,,PRUNED,0.1,,,,,,,
0.0,none,"{""d_conv"": 4, ""d_model"": 256, ""d_state"": 32, ""mamba_expand"": 2, ""max_seq_len"": 128, ""mlp_expand"": 2.667, ""mlp_gated"": false, ""mlp_spectral_norm"": true, ""n_layers"": 2, ""ska_backend"": ""auto"", ""ska_chunk_size"": 64, ""ska_chunk_strategy"": ""standard"", ""ska_decay_alpha"": 0.95, ""ska_layer_indices"": [], ""ska_n_heads"": 4, ""ska_overlap_fraction"": 0.5, ""ska_power_K"": 2, ""ska_rank"": 32, ""ska_ridge"": 0.001, ""ska_scale"": 1.5, ""tie_embeddings"": true, ""vocab_size"": 50257}",,256,,0.0,12958.178625513094,1222.6219073912675,64,6.917891025543213,0.002737589840811486,,0.5,2.667,transformer,0.0,0.0,0.0,0.0,0.0,45008.183572044814,54823.00775539777,17456.30280513161,12028.324605718999,11815.851608677069,2,1284480,14150272,0,85,-0.3554376468062401,COMPLETE,0.1,0.0014800630642531204,0.18867590299711162,1607.6605688000634,1483.0883408368666,1538.5871330487184,1237.9618804909403,1289.3925667249512
0.0,none,"{""d_conv"": 4, ""d_model"": 256, ""d_state"": 32, ""mamba_expand"": 2, ""max_seq_len"": 128, ""mlp_expand"": 3.0, ""mlp_gated"": false, ""mlp_spectral_norm"": true, ""n_layers"": 2, ""ska_backend"": ""auto"", ""ska_chunk_size"": 64, ""ska_chunk_strategy"": ""standard"", ""ska_decay_alpha"": 0.95, ""ska_layer_indices"": [], ""ska_n_heads"": 8, ""ska_overlap_fraction"": 0.5, ""ska_power_K"": 2, ""ska_rank"": 32, ""ska_ridge"": 0.001, ""ska_scale"": 1.5, ""tie_embeddings"": true, ""vocab_size"": 50257}",,256,,0.0,16852.238397364075,1011.7387821612305,32,6.451389312744141,0.0007659185527622325,,0.5,3.0,transformer,0.0,0.0,0.0,0.0,0.0,17889.910746963178,17526.764209572502,19758.862856046577,14633.437855653381,17261.357056985493,2,1350144,14215936,0,86,-0.3459712848067284,COMPLETE,0.0,0.09113633878577761,0.09494533422745895,1355.7628710011825,1126.3049924450477,1243.8019349181839,1018.6981187961527,1075.2645500596395
0.0,none,"{""d_conv"": 4, ""d_model"": 128, ""d_state"": 16, ""mamba_expand"": 1, ""max_seq_len"": 128, ""mlp_expand"": 4.0, ""mlp_gated"": false, ""mlp_spectral_norm"": true, ""n_layers"": 4, ""ska_backend"": ""auto"", ""ska_chunk_size"": 64, ""ska_chunk_strategy"": ""standard"", ""ska_decay_alpha"": 0.95, ""ska_layer_indices"": [], ""ska_n_heads"": 4, ""ska_overlap_fraction"": 0.5, ""ska_power_K"": 2, ""ska_rank"": 32, ""ska_ridge"": 0.001, ""ska_scale"": 1.5, ""tie_embeddings"": true, ""vocab_size"": 50257}",4,128,16,0.0,75009.66976841005,918.3751502289207,32,6.55150842666626,0.0021128066300808617,1,0.5,4.0,mamba_only,0.0,0.0,0.0,0.0,0.0,21083760.801643033,128906.89816465949,59742.72675144423,68805.43968173854,72957.4618525202,4,1006488,7439384,0,87,-0.3411302983760834,COMPLETE,,0.03520280977184701,0.10281845163361185,22969.42428097104,1403.3805053527446,1195.9638534904518,921.810107183243,1016.5590465935153
0.0,none,"{""d_conv"": 4, ""d_model"": 128, ""d_state"": 16, ""mamba_expand"": 1, ""max_seq_len"": 128, ""mlp_expand"": 2.0, ""mlp_gated"": false, ""mlp_spectral_norm"": true, ""n_layers"": 4, ""ska_backend"": ""auto"", ""ska_chunk_size"": 64, ""ska_chunk_strategy"": ""standard"", ""ska_decay_alpha"": 0.95, ""ska_layer_indices"": [], ""ska_n_heads"": 4, ""ska_overlap_fraction"": 0.5, ""ska_power_K"": 2, ""ska_rank"": 32, ""ska_ridge"": 0.001, ""ska_scale"": 1.5, ""tie_embeddings"": true, ""vocab_size"": 50257}",4,128,16,0.0,39901.82120587276,834.3008432703023,32,6.3156046867370605,0.0028822944118636453,1,0.5,2.0,mamba_only,0.0,0.0,0.0,0.0,0.0,323874.16884003504,32032.673852581785,33329.04674265924,41357.32713971419,49892.549058464196,4,613272,7046168,0,88,-0.33632970303297044,COMPLETE,,0.04456323429573471,0.10301879749966397,4294.132254959139,1086.7903117216576,1087.0258691467602,848.0326075990268,932.4216483575372
0.0,none,"{""d_conv"": 4, ""d_model"": 128, ""d_state"": 16, ""mamba_expand"": 1, ""max_seq_len"": 128, ""mlp_expand"": 4.0, ""mlp_gated"": false, ""mlp_spectral_norm"": true, ""n_layers"": 4, ""ska_backend"": ""auto"", ""ska_chunk_size"": 64, ""ska_chunk_strategy"": ""standard"", ""ska_decay_alpha"": 0.95, ""ska_layer_indices"": [], ""ska_n_heads"": 4, ""ska_overlap_fraction"": 0.5, ""ska_power_K"": 2, ""ska_rank"": 32, ""ska_ridge"": 0.001, ""ska_scale"": 1.5, ""tie_embeddings"": true, ""vocab_size"": 50257}",4,128,16,0.0,32639.550231041532,842.2160216177042,32,6.266732215881348,0.0028557938395578617,1,0.5,4.0,mamba_only,0.0,0.0,0.0,0.0,0.0,594025.6233545904,37541.532221094116,28840.36507636682,29603.69006425089,36837.89046176025,4,1006488,7439384,0,89,-0.33680182695388794,COMPLETE,,0.030031966610439862,0.06785893089706585,4053.8570643135026,1088.3883866234696,1077.2906992406256,844.5562772123801,927.2297354383356
0.0,none,"{""d_conv"": 4, ""d_model"": 128, ""d_state"": 16, ""mamba_expand"": 1, ""max_seq_len"": 128, ""mlp_expand"": 4.0, ""mlp_gated"": false, ""mlp_spectral_norm"": true, ""n_layers"": 4, ""ska_backend"": ""auto"", ""ska_chunk_size"": 64, ""ska_chunk_strategy"": ""standard"", ""ska_decay_alpha"": 0.95, ""ska_layer_indices"": [], ""ska_n_heads"": 4, ""ska_overlap_fraction"": 0.5, ""ska_power_K"": 2, ""ska_rank"": 32, ""ska_ridge"": 0.001, ""ska_scale"": 1.5, ""tie_embeddings"": true, ""vocab_size"": 50257}",4,128,16,0.0,26910.083527028513,922.9490334956532,32,6.535552501678467,0.002574293914661758,1,2.0,4.0,mamba_only,0.0,0.0,0.0,0.0,0.0,7392067.093395851,82349.32887755134,22386.99192578556,24309.75070684302,26839.55029559195,4,1006488,7439384,0,90,-0.3413787007331848,COMPLETE,,0.027519715023733946,0.05222290273071511,6959.795685842332,1288.4310234463092,1190.135156927453,917.1939768113365,1026.0485747134385
0.0,none,"{""d_conv"": 4, ""d_model"": 128, ""d_state"": 16, ""mamba_expand"": 1, ""max_seq_len"": 128, ""mlp_expand"": 4.0, ""mlp_gated"": false, ""mlp_spectral_norm"": true, ""n_layers"": 4, ""ska_backend"": ""auto"", ""ska_chunk_size"": 64, ""ska_chunk_strategy"": ""standard"", ""ska_decay_alpha"": 0.95, ""ska_layer_indices"": [], ""ska_n_heads"": 4, ""ska_overlap_fraction"": 0.5, ""ska_power_K"": 2, ""ska_rank"": 32, ""ska_ridge"": 0.001, ""ska_scale"": 1.5, ""tie_embeddings"": true, ""vocab_size"": 50257}",4,128,16,0.0,63162.54719976446,863.9214508812834,32,6.295813083648682,0.0029727449091821053,1,2.0,4.0,mamba_only,0.0,0.0,0.0,0.0,0.0,276652.52577035245,103478.49999842637,46120.5394914866,68278.32574997297,65247.14046934286,4,1006488,7439384,0,91,-0.338074092566967,COMPLETE,,0.03072555608491398,0.03952711320175758,4231.1627849691995,1197.586830055992,1106.1300549514347,879.659321214516,954.4310994815438
0.0,none,"{""d_conv"": 4, ""d_model"": 128, ""d_state"": 16, ""mamba_expand"": 1, ""max_seq_len"": 128, ""mlp_expand"": 4.0, ""mlp_gated"": false, ""mlp_spectral_norm"": true, ""n_layers"": 4, ""ska_backend"": ""auto"", ""ska_chunk_size"": 64, ""ska_chunk_strategy"": ""standard"", ""ska_decay_alpha"": 0.95, ""ska_layer_indices"": [], ""ska_n_heads"": 4, ""ska_overlap_fraction"": 0.5, ""ska_power_K"": 2, ""ska_rank"": 32, ""ska_ridge"": 0.001, ""ska_scale"": 1.5, ""tie_embeddings"": true, ""vocab_size"": 50257}",4,128,16,0.0,64186.58815089018,932.8239712149857,32,6.566337585449219,0.0024440286348973886,1,2.0,4.0,mamba_only,0.0,0.0,0.0,0.0,0.0,281203691.0130233,155036.52536003917,64165.04475567665,57062.60610996728,65590.52466632849,4,1006488,7439384,0,92,-0.3419108256697655,COMPLETE,,0.02919286044081133,0.03462925748794177,8441.765279262887,1367.88014343571,1238.5552804207223,924.8583835320724,1029.7005203985477
0.0,none,"{""d_conv"": 4, ""d_model"": 128, ""d_state"": 16, ""mamba_expand"": 1, ""max_seq_len"": 128, ""mlp_expand"": 4.0, ""mlp_gated"": false, ""mlp_spectral_norm"": true, ""n_layers"": 4, ""ska_backend"": ""auto"", ""ska_chunk_size"": 64, ""ska_chunk_strategy"": ""standard"", ""ska_decay_alpha"": 0.95, ""ska_layer_indices"": [], ""ska_n_heads"": 4, ""ska_overlap_fraction"": 0.5, ""ska_power_K"": 2, ""ska_rank"": 32, ""ska_ridge"": 0.001, ""ska_scale"": 1.5, ""tie_embeddings"": true, ""vocab_size"": 50257}",4,128,16,0.0,94883.34250586637,881.5809708531103,32,6.474049091339111,0.0027760560765168396,1,2.0,4.0,mamba_only,0.0,0.0,0.0,0.0,0.0,19714697.864146624,153698.63114018753,71084.94571277598,95947.61238607831,98908.76365904827,4,1006488,7439384,0,93,-0.3390858426690102,COMPLETE,,0.027923419178410434,0.032793677232850524,5755.138334587864,1251.3322809723563,1148.4632344765892,863.4042225108345,966.5496671928105
0.0,none,"{""d_conv"": 4, ""d_model"": 128, ""d_state"": 16, ""mamba_expand"": 1, ""max_seq_len"": 128, ""mlp_expand"": 4.0, ""mlp_gated"": false, ""mlp_spectral_norm"": true, ""n_layers"": 4, ""ska_backend"": ""auto"", ""ska_chunk_size"": 64, ""ska_chunk_strategy"": ""standard"", ""ska_decay_alpha"": 0.95, ""ska_layer_indices"": [], ""ska_n_heads"": 4, ""ska_overlap_fraction"": 0.5, ""ska_power_K"": 2, ""ska_rank"": 32, ""ska_ridge"": 0.001, ""ska_scale"": 1.5, ""tie_embeddings"": true, ""vocab_size"": 50257}",4,128,16,0.0,33517.746448041806,889.9566934063216,32,6.2648491859436035,0.0028659606937719963,1,2.0,4.0,mamba_only,0.0,0.0,0.0,0.0,0.0,4690088.049198277,81618.76299013788,33841.507458534914,33553.566390152315,31671.078070051706,4,1006488,7439384,0,94,-0.33955864012241366,COMPLETE,,0.033163512548586065,0.029869681744460745,4644.732564666559,1256.8423515176914,1127.9189511246848,865.4677737749398,987.8430082055767
0.0,none,"{""d_conv"": 4, ""d_model"": 128, ""d_state"": 16, ""mamba_expand"": 1, ""max_seq_len"": 128, ""mlp_expand"": 4.0, ""mlp_gated"": false, ""mlp_spectral_norm"": true, ""n_layers"": 4, ""ska_backend"": ""auto"", ""ska_chunk_size"": 64, ""ska_chunk_strategy"": ""standard"", ""ska_decay_alpha"": 0.95, ""ska_layer_indices"": [], ""ska_n_heads"": 4, ""ska_overlap_fraction"": 0.5, ""ska_power_K"": 2, ""ska_rank"": 32, ""ska_ridge"": 0.001, ""ska_scale"": 1.5, ""tie_embeddings"": true, ""vocab_size"": 50257}",4,128,16,0.0,40589.597349635784,863.1644644143478,32,6.228148460388184,0.0029745921237673335,1,2.0,4.0,mamba_only,0.0,0.0,0.0,0.0,0.0,1964449.5881769652,46926.96126175398,38700.14527212472,51032.09160332386,51918.05426291553,4,1006488,7439384,0,95,-0.33803026229143146,COMPLETE,,0.03144044703698874,0.03383737285331439,4276.642545178676,1149.5050250444929,1127.113429607711,872.6243081184398,969.8416137773032
0.0,none,"{""d_conv"": 4, ""d_model"": 128, ""d_state"": 16, ""mamba_expand"": 1, ""max_seq_len"": 128, ""mlp_expand"": 4.0, ""mlp_gated"": false, ""mlp_spectral_norm"": true, ""n_layers"": 4, ""ska_backend"": ""auto"", ""ska_chunk_size"": 64, ""ska_chunk_strategy"": ""standard"", ""ska_decay_alpha"": 0.95, ""ska_layer_indices"": [], ""ska_n_heads"": 4, ""ska_overlap_fraction"": 0.5, ""ska_power_K"": 2, ""ska_rank"": 32, ""ska_ridge"": 0.001, ""ska_scale"": 1.5, ""tie_embeddings"": true, ""vocab_size"": 50257}",4,128,16,0.0,40744.730079735775,859.3416282652415,32,6.441176891326904,0.0029571123378014244,1,2.0,4.0,mamba_only,0.0,0.0,0.0,0.0,0.0,1136936.1973494077,88024.98525926843,70179.63698964598,37013.68428348619,40681.364448896646,4,1006488,7439384,0,96,-0.3378083273768425,COMPLETE,,0.030185846596485055,0.028317112947215763,4448.699216635319,1207.3632735047722,1100.5199319281348,872.888467374847,953.4843753632834
0.0,none,"{""d_conv"": 4, ""d_model"": 128, ""d_state"": 16, ""mamba_expand"": 1, ""max_seq_len"": 128, ""mlp_expand"": 4.0, ""mlp_gated"": false, ""mlp_spectral_norm"": true, ""n_layers"": 4, ""ska_backend"": ""auto"", ""ska_chunk_size"": 64, ""ska_chunk_strategy"": ""standard"", ""ska_decay_alpha"": 0.95, ""ska_layer_indices"": [], ""ska_n_heads"": 4, ""ska_overlap_fraction"": 0.5, ""ska_power_K"": 2, ""ska_rank"": 32, ""ska_ridge"": 0.001, ""ska_scale"": 1.5, ""tie_embeddings"": true, ""vocab_size"": 50257}",4,128,16,0.0,38703.688538440474,871.7723700409146,32,6.396419525146484,0.0029159682068396475,1,2.0,4.0,mamba_only,0.0,0.0,0.0,0.0,0.0,1467000.603853825,125552.40443600387,38478.74647074735,40731.05463992407,45267.15141296964,4,1006488,7439384,0,97,-0.33852641731500627,COMPLETE,,0.031438922827534646,0.024389119985955783,4534.453371550357,1170.1481179323218,1125.1400320300888,880.7499486231216,963.7059240514468
0.0,none,"{""d_conv"": 4, ""d_model"": 128, ""d_state"": 16, ""mamba_expand"": 1, ""max_seq_len"": 128, ""mlp_expand"": 2.667, ""mlp_gated"": false, ""mlp_spectral_norm"": true, ""n_layers"": 4, ""ska_backend"": ""auto"", ""ska_chunk_size"": 64, ""ska_chunk_strategy"": ""standard"", ""ska_decay_alpha"": 0.95, ""ska_layer_indices"": [], ""ska_n_heads"": 4, ""ska_overlap_fraction"": 0.5, ""ska_power_K"": 2, ""ska_rank"": 32, ""ska_ridge"": 0.001, ""ska_scale"": 1.5, ""tie_embeddings"": true, ""vocab_size"": 50257}",4,128,16,0.0,64873.869552873766,879.6667141267543,32,6.274332046508789,0.0029838877925727715,1,2.0,2.667,mamba_only,0.0,0.0,0.0,0.0,0.0,3694347.3017645567,51956.09411047285,48404.76390377622,60898.74058515881,67631.29994941907,4,809880,7242776,0,98,-0.33897715508937837,COMPLETE,,0.040184149686448054,0.025359029677113065,4796.338582119885,1194.9353682745993,1129.4231984024277,891.9110716852268,960.6545406433535
0.0,none,"{""d_conv"": 4, ""d_model"": 128, ""d_state"": 16, ""mamba_expand"": 1, ""max_seq_len"": 128, ""mlp_expand"": 2.667, ""mlp_gated"": false, ""mlp_spectral_norm"": true, ""n_layers"": 4, ""ska_backend"": ""auto"", ""ska_chunk_size"": 64, ""ska_chunk_strategy"": ""standard"", ""ska_decay_alpha"": 0.95, ""ska_layer_indices"": [], ""ska_n_heads"": 4, ""ska_overlap_fraction"": 0.5, ""ska_power_K"": 2, ""ska_rank"": 32, ""ska_ridge"": 0.001, ""ska_scale"": 1.5, ""tie_embeddings"": true, ""vocab_size"": 50257}",4,128,16,0.0,60002.18339559658,899.2264744485848,32,6.619982719421387,0.0028103096593959116,1,2.0,2.667,mamba_only,0.0,0.0,0.0,0.0,0.0,120678745.64289436,90608.80209015841,44827.240884170475,71015.56070539072,60020.497403144676,4,809880,7242776,0,99,-0.34007674604654314,COMPLETE,,0.044916049086646224,0.020328102529208303,6850.076078442872,1274.5549767456037,1175.136651552206,909.4924666218956,984.051833219552
0.0,none,"{""d_conv"": 4, ""d_model"": 128, ""d_state"": 16, ""mamba_expand"": 1, ""max_seq_len"": 128, ""mlp_expand"": 2.667, ""mlp_gated"": false, ""mlp_spectral_norm"": true, ""n_layers"": 4, ""ska_backend"": ""auto"", ""ska_chunk_size"": 64, ""ska_chunk_strategy"": ""standard"", ""ska_decay_alpha"": 0.95, ""ska_layer_indices"": [], ""ska_n_heads"": 4, ""ska_overlap_fraction"": 0.5, ""ska_power_K"": 2, ""ska_rank"": 32, ""ska_ridge"": 0.001, ""ska_scale"": 1.5, ""tie_embeddings"": true, ""vocab_size"": 50257}",4,128,16,0.0,42611.591313071156,873.8798290668511,32,6.596985340118408,0.002984362098338631,1,2.0,2.667,mamba_only,0.0,0.0,0.0,0.0,0.0,1988091.2128770093,37167.62476732535,33734.27059607372,40621.81623150729,40850.558871114554,4,809880,7242776,0,100,-0.3386471435427666,COMPLETE,,0.04574879508552956,0.020270003405889303,4802.533684720585,1220.6908534169684,1125.3191060160798,887.0372502461786,973.0299312765433
0.333,early,"{""d_conv"": 4, ""d_model"": 128, ""d_state"": 16, ""mamba_expand"": 1, ""max_seq_len"": 128, ""mlp_expand"": 2.0, ""mlp_gated"": false, ""mlp_spectral_norm"": true, ""n_layers"": 4, ""ska_backend"": ""auto"", ""ska_chunk_size"": 64, ""ska_chunk_strategy"": ""standard"", ""ska_decay_alpha"": 0.95, ""ska_layer_indices"": [0], ""ska_n_heads"": 4, ""ska_overlap_fraction"": 0.5, ""ska_power_K"": 2, ""ska_rank"": 32, ""ska_ridge"": 0.001, ""ska_scale"": 1.5, ""tie_embeddings"": true, ""vocab_size"": 50257}",4,128,16,0.0,32554.993146694258,877.4392296772144,32,6.446684837341309,0.002971172294539963,1,2.0,2.0,mamba_attn,0.0,0.0,0.0,0.0,0.0,304958.10561022966,28988.60796867967,28668.372903547828,33316.84351581958,44380.7689767436,4,624370,7057266,1,101,-0.33885038495063785,COMPLETE,,0.04430294910429657,0.019049253092082857,4830.841362398469,1211.0272069130162,1121.8877321791635,883.0639968226897,960.40205955358
0.333,early,"{""d_conv"": 4, ""d_model"": 128, ""d_state"": 16, ""mamba_expand"": 1, ""max_seq_len"": 128, ""mlp_expand"": 2.0, ""mlp_gated"": false, ""mlp_spectral_norm"": true, ""n_layers"": 4, ""ska_backend"": ""auto"", ""ska_chunk_size"": 64, ""ska_chunk_strategy"": ""standard"", ""ska_decay_alpha"": 0.95, ""ska_layer_indices"": [0], ""ska_n_heads"": 4, ""ska_overlap_fraction"": 0.5, ""ska_power_K"": 2, ""ska_rank"": 32, ""ska_ridge"": 0.001, ""ska_scale"": 1.5, ""tie_embeddings"": true, ""vocab_size"": 50257}",4,128,16,0.0,62027.887139208295,889.6691534043175,32,6.418604373931885,0.0028463443395674243,1,2.0,2.0,mamba_attn,0.0,0.0,0.0,0.0,0.0,1229321.1399554692,75826.7229251359,49059.113601127385,56930.41211732742,72930.74892359949,4,624370,7057266,1,102,-0.33954248279333116,COMPLETE,,0.045315534237870235,0.017140843989688615,6225.037844301018,1262.2690912655944,1135.9274901843319,902.6836131158854,965.0964324922322
0.333,early,"{""d_conv"": 4, ""d_model"": 128, ""d_state"": 16, ""mamba_expand"": 1, ""max_seq_len"": 128, ""mlp_expand"": 2.0, ""mlp_gated"": false, ""mlp_spectral_norm"": true, ""n_layers"": 4, ""ska_backend"": ""auto"", ""ska_chunk_size"": 64, ""ska_chunk_strategy"": ""standard"", ""ska_decay_alpha"": 0.95, ""ska_layer_indices"": [0], ""ska_n_heads"": 4, ""ska_overlap_fraction"": 0.5, ""ska_power_K"": 2, ""ska_rank"": 32, ""ska_ridge"": 0.001, ""ska_scale"": 1.5, ""tie_embeddings"": true, ""vocab_size"": 50257}",4,128,16,0.0,106110.37526443387,904.9086769834648,32,6.409995079040527,0.0029478657216416054,1,2.0,2.0,mamba_attn,0.0,0.0,0.0,0.0,0.0,1455762.0090599153,84487.62488561912,75651.05907212237,155567.34199939854,131288.99616993,4,624370,7057266,1,103,-0.3403917014598847,COMPLETE,,0.04768694550089386,0.0006435781253235108,5679.636944647278,1274.4177833995689,1162.7663993709448,922.6708244897316,1000.5117538891366
0.0,none,"{""d_conv"": 4, ""d_model"": 128, ""d_state"": 16, ""mamba_expand"": 1, ""max_seq_len"": 128, ""mlp_expand"": 2.0, ""mlp_gated"": false, ""mlp_spectral_norm"": true, ""n_layers"": 4, ""ska_backend"": ""auto"", ""ska_chunk_size"": 64, ""ska_chunk_strategy"": ""standard"", ""ska_decay_alpha"": 0.95, ""ska_layer_indices"": [], ""ska_n_heads"": 4, ""ska_overlap_fraction"": 0.5, ""ska_power_K"": 2, ""ska_rank"": 32, ""ska_ridge"": 0.001, ""ska_scale"": 1.5, ""tie_embeddings"": true, ""vocab_size"": 50257}",4,128,16,0.0,35005.37275364434,876.5498839351343,32,6.596377849578857,0.0029510921225813576,1,2.0,2.0,mamba_only,0.0,0.0,0.0,0.0,0.0,1144734.8473085824,59837.608589407944,31942.864501046293,29672.430651942428,32772.29809303586,4,613272,7046168,0,104,-0.33879968076944356,COMPLETE,,0.04573371866883927,0.02982567847856411,5313.38977736734,1209.3129238660188,1109.2741247485383,859.2375796061397,960.980173182096
,,,4,256,16,,,,32,,,1,,2.0,mamba_only,,,,,,,,,,,4,,,,105,,PRUNED,,,,,,,,
0.0,none,"{""d_conv"": 4, ""d_model"": 128, ""d_state"": 16, ""mamba_expand"": 1, ""max_seq_len"": 128, ""mlp_expand"": 2.0, ""mlp_gated"": false, ""mlp_spectral_norm"": true, ""n_layers"": 6, ""ska_backend"": ""auto"", ""ska_chunk_size"": 64, ""ska_chunk_strategy"": ""standard"", ""ska_decay_alpha"": 0.95, ""ska_layer_indices"": [], ""ska_n_heads"": 4, ""ska_overlap_fraction"": 0.5, ""ska_power_K"": 2, ""ska_rank"": 32, ""ska_ridge"": 0.001, ""ska_scale"": 1.5, ""tie_embeddings"": true, ""vocab_size"": 50257}",4,128,16,0.0,23551.75376224557,858.7446785567186,32,6.41658878326416,0.0029005677803882537,1,2.0,2.0,mamba_only,0.0,0.0,0.0,0.0,0.0,349465.5115018688,28532.214535826854,20480.860477013637,18625.285847094587,25858.64854773096,6,919780,7352676,0,106,-0.33777358233928684,COMPLETE,,0.018127897241935264,0.034639524723901326,4028.0226390906746,1184.8672495694232,1113.7154031373498,878.8099172609477,944.7509921875499
0.0,none,"{""d_conv"": 4, ""d_model"": 128, ""d_state"": 16, ""mamba_expand"": 1, ""max_seq_len"": 128, ""mlp_expand"": 2.0, ""mlp_gated"": false, ""mlp_spectral_norm"": true, ""n_layers"": 6, ""ska_backend"": ""auto"", ""ska_chunk_size"": 64, ""ska_chunk_strategy"": ""standard"", ""ska_decay_alpha"": 0.95, ""ska_layer_indices"": [], ""ska_n_heads"": 4, ""ska_overlap_fraction"": 0.5, ""ska_power_K"": 2, ""ska_rank"": 32, ""ska_ridge"": 0.001, ""ska_scale"": 1.5, ""tie_embeddings"": true, ""vocab_size"": 50257}",4,128,16,0.0,36902.02580977698,853.8504047705608,32,6.383003234863281,0.0029153753007883426,1,2.0,2.0,mamba_only,0.0,0.0,0.0,0.0,0.0,114065.85659406993,38752.14570380948,31647.889972439923,34219.528121988835,42863.30957756438,6,919780,7352676,0,107,-0.33748780041933063,COMPLETE,,0.015408181689751773,0.03162050347076596,3284.9037428958536,1148.3407088127785,1119.992508330545,843.3241617014601,960.0426318475415
0.0,none,"{""d_conv"": 4, ""d_model"": 128, ""d_state"": 16, ""mamba_expand"": 1, ""max_seq_len"": 128, ""mlp_expand"": 2.0, ""mlp_gated"": false, ""mlp_spectral_norm"": true, ""n_layers"": 6, ""ska_backend"": ""auto"", ""ska_chunk_size"": 64, ""ska_chunk_strategy"": ""standard"", ""ska_decay_alpha"": 0.95, ""ska_layer_indices"": [], ""ska_n_heads"": 4, ""ska_overlap_fraction"": 0.5, ""ska_power_K"": 2, ""ska_rank"": 32, ""ska_ridge"": 0.001, ""ska_scale"": 1.5, ""tie_embeddings"": true, ""vocab_size"": 50257}",4,128,16,0.0,52742.08250138536,845.7518294304989,32,6.457784175872803,0.002998413148644891,1,2.0,2.0,mamba_only,0.0,0.0,0.0,0.0,0.0,254864.249662496,47864.19680784547,47951.91905738269,49868.19340893164,64000.76981475399,6,919780,7352676,0,108,-0.33701129853725437,COMPLETE,,0.012312270224279307,0.03832828779731971,3573.379347906983,1175.98911106559,1082.7479433471315,841.4628567815635,931.087985111563
0.0,none,"{""d_conv"": 4, ""d_model"": 128, ""d_state"": 16, ""mamba_expand"": 1, ""max_seq_len"": 128, ""mlp_expand"": 2.0, ""mlp_gated"": false, ""mlp_spectral_norm"": true, ""n_layers"": 6, ""ska_backend"": ""auto"", ""ska_chunk_size"": 64, ""ska_chunk_strategy"": ""standard"", ""ska_decay_alpha"": 0.95, ""ska_layer_indices"": [], ""ska_n_heads"": 4, ""ska_overlap_fraction"": 0.5, ""ska_power_K"": 2, ""ska_rank"": 32, ""ska_ridge"": 0.001, ""ska_scale"": 1.5, ""tie_embeddings"": true, ""vocab_size"": 50257}",4,128,16,0.0,46751.143492046795,854.8176733172693,32,6.295705795288086,0.0029779616039786964,1,2.0,2.0,mamba_only,0.0,0.0,0.0,0.0,0.0,636052.9600504262,60861.58228465531,48736.789404347066,39952.99768802577,51539.18423358539,6,919780,7352676,0,109,-0.33754440993070606,COMPLETE,,0.014725681703576937,0.04256289626224315,3278.2139656965414,1155.5786365741005,1119.9993175403163,833.3408708299773,932.4078654474459
0.0,none,"{""d_conv"": 4, ""d_model"": 128, ""d_state"": 16, ""mamba_expand"": 1, ""max_seq_len"": 128, ""mlp_expand"": 2.0, ""mlp_gated"": false, ""mlp_spectral_norm"": true, ""n_layers"": 6, ""ska_backend"": ""auto"", ""ska_chunk_size"": 64, ""ska_chunk_strategy"": ""standard"", ""ska_decay_alpha"": 0.95, ""ska_layer_indices"": [], ""ska_n_heads"": 4, ""ska_overlap_fraction"": 0.5, ""ska_power_K"": 2, ""ska_rank"": 32, ""ska_ridge"": 0.001, ""ska_scale"": 1.5, ""tie_embeddings"": true, ""vocab_size"": 50257}",4,128,16,0.0,34226.83898270525,853.4366140853547,32,6.417690753936768,0.0029877027922632204,1,2.0,2.0,mamba_only,0.0,0.0,0.0,0.0,0.0,1668020.976231311,71668.71291328665,33882.843116594835,31028.1882032858,34868.89973871706,6,919780,7352676,0,110,-0.33746356368064884,COMPLETE,,0.015004601792523485,0.04279555737260831,3354.0076377834753,1169.309789312345,1106.0873328196133,852.1284586052262,952.6901935713884
0.0,none,"{""d_conv"": 4, ""d_model"": 128, ""d_state"": 16, ""mamba_expand"": 1, ""max_seq_len"": 128, ""mlp_expand"": 2.0, ""mlp_gated"": false, ""mlp_spectral_norm"": true, ""n_layers"": 6, ""ska_backend"": ""auto"", ""ska_chunk_size"": 64, ""ska_chunk_strategy"": ""standard"", ""ska_decay_alpha"": 0.95, ""ska_layer_indices"": [], ""ska_n_heads"": 4, ""ska_overlap_fraction"": 0.5, ""ska_power_K"": 2, ""ska_rank"": 32, ""ska_ridge"": 0.001, ""ska_scale"": 1.5, ""tie_embeddings"": true, ""vocab_size"": 50257}",4,128,16,0.0,52417.95134344837,835.7184049445343,32,6.379627227783203,0.0029940332045041832,1,2.0,2.0,mamba_only,0.0,0.0,0.0,0.0,0.0,5169952.317066323,69607.99884305516,50216.386649128224,65534.50201429511,65799.02842076328,6,919780,7352676,0,111,-0.3364145860075951,COMPLETE,,0.015035444760811058,0.04628190417357941,3749.2835571528026,1127.286501654096,1055.8161959006536,858.7945855490954,932.3261725421961
0.0,none,"{""d_conv"": 4, ""d_model"": 128, ""d_state"": 16, ""mamba_expand"": 1, ""max_seq_len"": 128, ""mlp_expand"": 2.0, ""mlp_gated"": false, ""mlp_spectral_norm"": true, ""n_layers"": 6, ""ska_backend"": ""auto"", ""ska_chunk_size"": 64, ""ska_chunk_strategy"": ""standard"", ""ska_decay_alpha"": 0.95, ""ska_layer_indices"": [], ""ska_n_heads"": 4, ""ska_overlap_fraction"": 0.5, ""ska_power_K"": 2, ""ska_rank"": 32, ""ska_ridge"": 0.001, ""ska_scale"": 1.5, ""tie_embeddings"": true, ""vocab_size"": 50257}",4,128,16,0.0,32641.54245188695,845.365645351291,32,6.290495872497559,0.002894984522082953,1,2.0,2.0,mamba_only,0.0,0.0,0.0,0.0,0.0,234763.28974785,25685.618516017614,24883.202145965683,34847.623944796396,38179.302490043556,6,919780,7352676,0,112,-0.3369884625077248,COMPLETE,,0.01348051769075653,0.0478116003935262,3677.1287828423783,1137.6479966659247,1079.4526847620973,858.6060291211688,922.5939440303962
0.0,none,"{""d_conv"": 4, ""d_model"": 128, ""d_state"": 16, ""mamba_expand"": 1, ""max_seq_len"": 128, ""mlp_expand"": 2.0, ""mlp_gated"": false, ""mlp_spectral_norm"": true, ""n_layers"": 6, ""ska_backend"": ""auto"", ""ska_chunk_size"": 64, ""ska_chunk_strategy"": ""standard"", ""ska_decay_alpha"": 0.95, ""ska_layer_indices"": [], ""ska_n_heads"": 4, ""ska_overlap_fraction"": 0.5, ""ska_power_K"": 2, ""ska_rank"": 32, ""ska_ridge"": 0.001, ""ska_scale"": 1.5, ""tie_embeddings"": true, ""vocab_size"": 50257}",4,128,16,0.0,39146.771854185805,840.8800057592438,32,6.340731620788574,0.0029900840792149107,1,2.0,2.0,mamba_only,0.0,0.0,0.0,0.0,0.0,2087065.4184381834,54303.48856549258,42534.93659216638,34894.447838494365,44821.76914284261,6,919780,7352676,0,113,-0.3367224484682083,COMPLETE,,0.012836331310071652,0.048510437188053444,3441.8388535247855,1133.6582050210686,1074.831255654852,845.7149799842772,933.0658931706165
0.0,none,"{""d_conv"": 4, ""d_model"": 128, ""d_state"": 16, ""mamba_expand"": 1, ""max_seq_len"": 128, ""mlp_expand"": 2.0, ""mlp_gated"": false, ""mlp_spectral_norm"": true, ""n_layers"": 6, ""ska_backend"": ""auto"", ""ska_chunk_size"": 64, ""ska_chunk_strategy"": ""standard"", ""ska_decay_alpha"": 0.95, ""ska_layer_indices"": [], ""ska_n_heads"": 4, ""ska_overlap_fraction"": 0.5, ""ska_power_K"": 2, ""ska_rank"": 32, ""ska_ridge"": 0.001, ""ska_scale"": 1.5, ""tie_embeddings"": true, ""vocab_size"": 50257}",4,128,16,0.0,50962.05778982646,849.1650021049937,32,6.325217247009277,0.002988660484723145,1,2.0,2.0,mamba_only,0.0,0.0,0.0,0.0,0.0,964905.2184263585,56840.1400916723,45311.37920760931,45783.97660603303,51570.65085708688,6,919780,7352676,0,114,-0.33721267580986025,COMPLETE,,0.011461995721397401,0.04876332476461953,3644.5712649498923,1147.7962780346024,1092.5608215095465,831.1835761209222,912.6965944155381
0.0,none,"{""d_conv"": 4, ""d_model"": 128, ""d_state"": 16, ""mamba_expand"": 1, ""max_seq_len"": 128, ""mlp_expand"": 2.0, ""mlp_gated"": false, ""mlp_spectral_norm"": true, ""n_layers"": 6, ""ska_backend"": ""auto"", ""ska_chunk_size"": 64, ""ska_chunk_strategy"": ""standard"", ""ska_decay_alpha"": 0.95, ""ska_layer_indices"": [], ""ska_n_heads"": 4, ""ska_overlap_fraction"": 0.5, ""ska_power_K"": 2, ""ska_rank"": 32, ""ska_ridge"": 0.001, ""ska_scale"": 1.5, ""tie_embeddings"": true, ""vocab_size"": 50257}",4,128,16,0.0,44187.512687412716,852.9316110751643,32,6.418315887451172,0.002975691853322954,1,2.0,2.0,mamba_only,0.0,0.0,0.0,0.0,0.0,3125416.539781399,66957.70338414756,50063.37199943751,42926.14363850852,51288.1414567512,6,919780,7352676,0,115,-0.3374339684844017,COMPLETE,,0.011909383890548408,0.0540709341059151,3307.984945876959,1115.9003365996607,1094.699163582863,843.3886052231428,946.0301294685434
0.0,none,"{""d_conv"": 4, ""d_model"": 128, ""d_state"": 16, ""mamba_expand"": 1, ""max_seq_len"": 128, ""mlp_expand"": 2.0, ""mlp_gated"": false, ""mlp_spectral_norm"": true, ""n_layers"": 6, ""ska_backend"": ""auto"", ""ska_chunk_size"": 64, ""ska_chunk_strategy"": ""standard"", ""ska_decay_alpha"": 0.95, ""ska_layer_indices"": [], ""ska_n_heads"": 4, ""ska_overlap_fraction"": 0.5, ""ska_power_K"": 2, ""ska_rank"": 32, ""ska_ridge"": 0.001, ""ska_scale"": 1.5, ""tie_embeddings"": true, ""vocab_size"": 50257}",4,128,16,0.0,36655.10034944727,866.5324130259816,32,6.210667133331299,0.0028842903641224625,1,2.0,2.0,mamba_only,0.0,0.0,0.0,0.0,0.0,136086.3543774564,34958.40001287307,27345.536458627874,31111.62784754164,37135.878887568484,6,919780,7352676,0,116,-0.33822497576475147,COMPLETE,,0.010892872359429727,0.05595320277940601,3612.537139413835,1177.2388571036192,1085.83331816644,852.9664108654232,963.0782945697534
0.0,none,"{""d_conv"": 4, ""d_model"": 128, ""d_state"": 16, ""mamba_expand"": 1, ""max_seq_len"": 128, ""mlp_expand"": 2.0, ""mlp_gated"": false, ""mlp_spectral_norm"": true, ""n_layers"": 6, ""ska_backend"": ""auto"", ""ska_chunk_size"": 64, ""ska_chunk_strategy"": ""standard"", ""ska_decay_alpha"": 0.95, ""ska_layer_indices"": [], ""ska_n_heads"": 2, ""ska_overlap_fraction"": 0.5, ""ska_power_K"": 2, ""ska_rank"": 32, ""ska_ridge"": 0.001, ""ska_scale"": 1.5, ""tie_embeddings"": true, ""vocab_size"": 50257}",4,128,16,0.0,47097.69065141184,890.8834836074963,64,6.4048752784729,0.002741969773524069,1,2.0,2.0,mamba_only,0.0,0.0,0.0,0.0,0.0,188430.47312636508,42348.4255984473,52159.444513274015,44761.624051468396,47076.13597345307,6,919780,7352676,0,117,-0.33961068242788317,COMPLETE,,0.011207587989746826,0.05394829500673719,4198.21359438122,1189.6796829466964,1153.6886601815945,878.1003345018869,964.3591385893506
0.0,none,"{""d_conv"": 4, ""d_model"": 128, ""d_state"": 32, ""mamba_expand"": 2, ""max_seq_len"": 128, ""mlp_expand"": 2.0, ""mlp_gated"": false, ""mlp_spectral_norm"": true, ""n_layers"": 6, ""ska_backend"": ""auto"", ""ska_chunk_size"": 64, ""ska_chunk_strategy"": ""standard"", ""ska_decay_alpha"": 0.95, ""ska_layer_indices"": [], ""ska_n_heads"": 4, ""ska_overlap_fraction"": 0.5, ""ska_power_K"": 2, ""ska_rank"": 32, ""ska_ridge"": 0.001, ""ska_scale"": 1.5, ""tie_embeddings"": true, ""vocab_size"": 50257}",,128,,0.0,16480.9580767703,2147.7572362222813,32,7.548049449920654,0.00011545381310434408,,2.0,2.0,transformer,0.0,0.0,0.0,0.0,0.0,22356.951440978297,16162.187491707698,15444.674513913751,15223.799431195808,16221.48369837009,6,811520,7244416,0,118,-0.3836089715361595,COMPLETE,0.0,0.010543066499766034,0.04917478006184644,9429.862919778245,3797.8136477548087,2684.757504230077,2145.217167673907,2174.2243546173786
,,,4,192,16,,,,32,,,1,,2.0,mamba_only,,,,,,,,,,,6,,,,119,,PRUNED,,,,,,,,
0.0,none,"{""d_conv"": 4, ""d_model"": 128, ""d_state"": 16, ""mamba_expand"": 1, ""max_seq_len"": 128, ""mlp_expand"": 3.0, ""mlp_gated"": false, ""mlp_spectral_norm"": true, ""n_layers"": 6, ""ska_backend"": ""auto"", ""ska_chunk_size"": 64, ""ska_chunk_strategy"": ""standard"", ""ska_decay_alpha"": 0.95, ""ska_layer_indices"": [], ""ska_n_heads"": 4, ""ska_overlap_fraction"": 0.5, ""ska_power_K"": 2, ""ska_rank"": 32, ""ska_ridge"": 0.001, ""ska_scale"": 1.5, ""tie_embeddings"": true, ""vocab_size"": 50257}",4,128,16,0.0,39157.52531289664,836.3396008014823,32,6.228842258453369,0.0028720839902662966,1,2.0,3.0,mamba_only,0.0,0.0,0.0,0.0,0.0,4674655.441449367,65702.71368546649,42680.56841695595,31647.889972439923,42234.849491660316,6,1214692,7647588,0,120,-0.3364517375826836,COMPLETE,,0.011493049724671653,0.053581682392271686,3825.527469469233,1101.3940189126677,1042.852367606386,829.4109592434821,925.6102749156257
0.0,none,"{""d_conv"": 4, ""d_model"": 128, ""d_state"": 16, ""mamba_expand"": 1, ""max_seq_len"": 128, ""mlp_expand"": 3.0, ""mlp_gated"": false, ""mlp_spectral_norm"": true, ""n_layers"": 6, ""ska_backend"": ""auto"", ""ska_chunk_size"": 64, ""ska_chunk_strategy"": ""standard"", ""ska_decay_alpha"": 0.95, ""ska_layer_indices"": [], ""ska_n_heads"": 4, ""ska_overlap_fraction"": 0.5, ""ska_power_K"": 2, ""ska_rank"": 32, ""ska_ridge"": 0.001, ""ska_scale"": 1.5, ""tie_embeddings"": true, ""vocab_size"": 50257}",4,128,16,0.0,46621.49102195558,850.3310415652338,32,6.265135765075684,0.002886278018866703,1,2.0,3.0,mamba_only,0.0,0.0,0.0,0.0,0.0,777597.9095197923,66145.31710673742,49588.956539032406,42498.606345319175,46869.712322583444,6,1214692,7647588,0,121,-0.3372812867164612,COMPLETE,,0.00968049801339721,0.056729225010688965,3255.3831750027293,1154.9092000561718,1104.6779010201124,833.541963242437,955.0083511899778
0.0,none,"{""d_conv"": 4, ""d_model"": 128, ""d_state"": 16, ""mamba_expand"": 1, ""max_seq_len"": 128, ""mlp_expand"": 3.0, ""mlp_gated"": false, ""mlp_spectral_norm"": true, ""n_layers"": 6, ""ska_backend"": ""auto"", ""ska_chunk_size"": 64, ""ska_chunk_strategy"": ""standard"", ""ska_decay_alpha"": 0.95, ""ska_layer_indices"": [], ""ska_n_heads"": 4, ""ska_overlap_fraction"": 0.5, ""ska_power_K"": 2, ""ska_rank"": 32, ""ska_ridge"": 0.001, ""ska_scale"": 1.5, ""tie_embeddings"": true, ""vocab_size"": 50257}",4,128,16,0.0,41423.00976629748,840.7332912234582,32,6.357558250427246,0.0029943110641777893,1,2.0,3.0,mamba_only,0.0,0.0,0.0,0.0,0.0,175893.98221642396,79903.44272511896,47671.772325540056,47753.312294994175,43639.40564319758,6,1214692,7647588,0,122,-0.3367137238383293,COMPLETE,,0.009008523293576827,0.054615690943088636,3715.9941493993424,1113.0292184134353,1069.2826125423014,835.9350435388051,920.3947343505264
0.0,none,"{""d_conv"": 4, ""d_model"": 128, ""d_state"": 16, ""mamba_expand"": 1, ""max_seq_len"": 128, ""mlp_expand"": 3.0, ""mlp_gated"": false, ""mlp_spectral_norm"": true, ""n_layers"": 6, ""ska_backend"": ""auto"", ""ska_chunk_size"": 64, ""ska_chunk_strategy"": ""standard"", ""ska_decay_alpha"": 0.95, ""ska_layer_indices"": [], ""ska_n_heads"": 4, ""ska_overlap_fraction"": 0.5, ""ska_power_K"": 2, ""ska_rank"": 32, ""ska_ridge"": 0.001, ""ska_scale"": 1.5, ""tie_embeddings"": true, ""vocab_size"": 50257}",4,128,16,0.0,25665.246164765573,849.3163013611585,32,6.401390075683594,0.002981130616865088,1,2.0,3.0,mamba_only,0.0,0.0,0.0,0.0,0.0,1164039.9483378679,45594.34900526663,22403.39465451286,26281.899313428163,26780.641417264556,6,1214692,7647588,0,123,-0.33722158372402194,COMPLETE,,0.0011074513538965117,0.05426455761459301,3112.3975881248534,1147.949809294267,1102.1471298254019,850.820178336117,926.3945822597999
0.0,none,"{""d_conv"": 4, ""d_model"": 128, ""d_state"": 16, ""mamba_expand"": 1, ""max_seq_len"": 128, ""mlp_expand"": 3.0, ""mlp_gated"": false, ""mlp_spectral_norm"": true, ""n_layers"": 6, ""ska_backend"": ""auto"", ""ska_chunk_size"": 64, ""ska_chunk_strategy"": ""standard"", ""ska_decay_alpha"": 0.95, ""ska_layer_indices"": [], ""ska_n_heads"": 4, ""ska_overlap_fraction"": 0.5, ""ska_power_K"": 2, ""ska_rank"": 32, ""ska_ridge"": 0.001, ""ska_scale"": 1.5, ""tie_embeddings"": true, ""vocab_size"": 50257}",4,128,16,0.0,37268.71164886258,847.7268553025976,32,6.537075996398926,0.0029779865020432396,1,2.0,3.0,mamba_only,0.0,0.0,0.0,0.0,0.0,174482.56090528436,54356.545218397056,31524.506542387007,39146.771854185805,48469.80419240812,6,1214692,7647588,0,124,-0.3371279239654541,COMPLETE,,0.002854065089056776,0.057555756906202786,3117.013240199416,1176.24764767653,1087.328748164816,836.2685430375599,926.6767862506134
0.125,middle,"{""d_conv"": 4, ""d_model"": 128, ""d_state"": 16, ""mamba_expand"": 1, ""max_seq_len"": 128, ""mlp_expand"": 3.0, ""mlp_gated"": false, ""mlp_spectral_norm"": true, ""n_layers"": 6, ""ska_backend"": ""auto"", ""ska_chunk_size"": 64, ""ska_chunk_strategy"": ""standard"", ""ska_decay_alpha"": 0.95, ""ska_layer_indices"": [2], ""ska_n_heads"": 4, ""ska_overlap_fraction"": 0.5, ""ska_power_K"": 2, ""ska_rank"": 32, ""ska_ridge"": 0.001, ""ska_scale"": 1.5, ""tie_embeddings"": true, ""vocab_size"": 50257}",4,128,16,0.0,52599.025969244496,867.0156241371595,32,6.311192989349365,0.0028559309924284545,1,2.0,3.0,mamba_attn,0.0,0.0,0.0,0.0,0.0,523330.6441100701,56047.78788675837,39343.18796962413,54429.58276893786,55890.64785192163,6,1225790,7658686,1,125,-0.33825284987688065,COMPLETE,,0.0014670594195988617,0.06074525934203118,3683.341909095332,1142.1044372093452,1106.13532940313,878.7704227591141,966.91717904331
0.0,none,"{""d_conv"": 4, ""d_model"": 128, ""d_state"": 16, ""mamba_expand"": 1, ""max_seq_len"": 128, ""mlp_expand"": 3.0, ""mlp_gated"": false, ""mlp_spectral_norm"": true, ""n_layers"": 6, ""ska_backend"": ""auto"", ""ska_chunk_size"": 64, ""ska_chunk_strategy"": ""standard"", ""ska_decay_alpha"": 0.95, ""ska_layer_indices"": [], ""ska_n_heads"": 4, ""ska_overlap_fraction"": 0.5, ""ska_power_K"": 2, ""ska_rank"": 32, ""ska_ridge"": 0.001, ""ska_scale"": 1.5, ""tie_embeddings"": true, ""vocab_size"": 50257}",4,128,16,0.0,38771.07227032166,854.7308315723673,32,6.1663498878479,0.002872195881213256,1,2.0,3.0,mamba_only,0.0,0.0,0.0,0.0,0.0,473829.824240865,71887.76254103314,31386.275066974227,33944.94129053551,39027.487493412424,6,1214692,7647588,0,126,-0.33753933012485504,COMPLETE,,0.0029240320529953633,0.059883044684653546,3807.3420635184857,1169.7800550548109,1099.403266067414,865.1380995128857,928.790245339358
,,,4,128,16,,,,32,,,1,,3.0,mamba_only,,,,,,,,,,,12,,,,127,,PRUNED,,,,,,,,
0.0,none,"{""d_conv"": 4, ""d_model"": 64, ""d_state"": 16, ""mamba_expand"": 1, ""max_seq_len"": 128, ""mlp_expand"": 3.0, ""mlp_gated"": false, ""mlp_spectral_norm"": true, ""n_layers"": 6, ""ska_backend"": ""auto"", ""ska_chunk_size"": 64, ""ska_chunk_strategy"": ""standard"", ""ska_decay_alpha"": 0.95, ""ska_layer_indices"": [], ""ska_n_heads"": 2, ""ska_overlap_fraction"": 0.5, ""ska_power_K"": 2, ""ska_rank"": 32, ""ska_ridge"": 0.001, ""ska_scale"": 1.5, ""tie_embeddings"": true, ""vocab_size"": 50257}",4,64,16,0.0,33149.50153947524,935.2916165931063,32,6.579793453216553,0.0029685869717057927,1,2.0,3.0,mamba_only,0.0,0.0,0.0,0.0,0.0,110488.96143537365,33783.722242141885,34707.52891668862,33882.843116594835,34257.143477360296,6,312530,3528978,0,128,-0.3420429185032845,COMPLETE,,0.0005727550175287064,0.06529490339400472,3053.049170188331,1138.7092970307272,1158.2563991419295,953.8982028109134,1016.3364572780002
0.0,none,"{""d_conv"": 4, ""d_model"": 128, ""d_state"": 16, ""mamba_expand"": 1, ""max_seq_len"": 128, ""mlp_expand"": 3.0, ""mlp_gated"": false, ""mlp_spectral_norm"": true, ""n_layers"": 6, ""ska_backend"": ""auto"", ""ska_chunk_size"": 64, ""ska_chunk_strategy"": ""standard"", ""ska_decay_alpha"": 0.95, ""ska_layer_indices"": [], ""ska_n_heads"": 2, ""ska_overlap_fraction"": 0.5, ""ska_power_K"": 2, ""ska_rank"": 32, ""ska_ridge"": 0.001, ""ska_scale"": 1.5, ""tie_embeddings"": true, ""vocab_size"": 50257}",4,128,16,0.0,28552.248449931598,841.5852190308697,64,6.187037944793701,0.0029387389323199736,1,2.0,3.0,mamba_only,0.0,0.0,0.0,0.0,0.0,181854.44876868965,31970.17109418255,26859.215370029855,25023.320187667978,31393.938667245515,6,1214692,7647588,0,129,-0.3367643639445305,COMPLETE,,0.010664383290733043,0.0584080748810451,3390.5517324388093,1101.5729904432926,1069.4244943066199,838.3737708916397,914.4266592447105
0.0,none,"{""d_conv"": 4, ""d_model"": 128, ""d_state"": 16, ""mamba_expand"": 1, ""max_seq_len"": 128, ""mlp_expand"": 3.0, ""mlp_gated"": false, ""mlp_spectral_norm"": true, ""n_layers"": 6, ""ska_backend"": ""auto"", ""ska_chunk_size"": 64, ""ska_chunk_strategy"": ""standard"", ""ska_decay_alpha"": 0.95, ""ska_layer_indices"": [], ""ska_n_heads"": 2, ""ska_overlap_fraction"": 0.5, ""ska_power_K"": 2, ""ska_rank"": 32, ""ska_ridge"": 0.001, ""ska_scale"": 1.5, ""tie_embeddings"": true, ""vocab_size"": 50257}",4,128,16,0.0,35654.420593356605,826.7687289756311,64,6.233214855194092,0.0029700114853520817,1,2.0,3.0,mamba_only,0.0,0.0,0.0,0.0,0.0,565303.0214442146,34290.61405943506,33496.272840301186,37656.274879693454,38104.80631372158,6,1214692,7647588,0,130,-0.33587625026702883,COMPLETE,,0.011897692784219035,0.05918135120492744,3605.939615025326,1092.6049749140736,1054.4117434758875,820.9233863634684,938.951768769379
0.0,none,"{""d_conv"": 4, ""d_model"": 128, ""d_state"": 16, ""mamba_expand"": 1, ""max_seq_len"": 128, ""mlp_expand"": 3.0, ""mlp_gated"": false, ""mlp_spectral_norm"": true, ""n_layers"": 6, ""ska_backend"": ""auto"", ""ska_chunk_size"": 64, ""ska_chunk_strategy"": ""standard"", ""ska_decay_alpha"": 0.95, ""ska_layer_indices"": [], ""ska_n_heads"": 2, ""ska_overlap_fraction"": 0.5, ""ska_power_K"": 2, ""ska_rank"": 32, ""ska_ridge"": 0.001, ""ska_scale"": 1.5, ""tie_embeddings"": true, ""vocab_size"": 50257}",4,128,16,0.0,39974.9505541174,846.4279563033967,64,6.25714635848999,0.0028906943423834346,1,1.0,3.0,mamba_only,0.0,0.0,0.0,0.0,0.0,227846.12306451777,40750.94770650794,32980.98701791188,42503.79448012874,37326.76170338222,6,1214692,7647588,0,131,-0.3370512545108795,COMPLETE,,0.012718879261168372,0.05924887825635459,3201.9573917543025,1159.2093698516771,1092.6376678175495,857.9478394372986,928.215562755082
0.0,none,"{""d_conv"": 4, ""d_model"": 128, ""d_state"": 16, ""mamba_expand"": 1, ""max_seq_len"": 128, ""mlp_expand"": 3.0, ""mlp_gated"": false, ""mlp_spectral_norm"": true, ""n_layers"": 6, ""ska_backend"": ""auto"", ""ska_chunk_size"": 64, ""ska_chunk_strategy"": ""standard"", ""ska_decay_alpha"": 0.95, ""ska_layer_indices"": [], ""ska_n_heads"": 2, ""ska_overlap_fraction"": 0.5, ""ska_power_K"": 2, ""ska_rank"": 32, ""ska_ridge"": 0.001, ""ska_scale"": 1.5, ""tie_embeddings"": true, ""vocab_size"": 50257}",4,128,16,0.0,35428.81537733732,834.0103319572713,64,6.394931793212891,0.0029823011197002295,1,1.0,3.0,mamba_only,0.0,0.0,0.0,0.0,0.0,722063.3555269638,40582.16585278133,43719.38498238626,39319.182120122256,41407.84298434711,6,1214692,7647588,0,132,-0.33631228953599934,COMPLETE,,0.013740244481273431,0.06114874430529772,3342.714335296854,1127.5460251405916,1062.3227691295604,811.5564817270811,911.6777983346567
0.0,none,"{""d_conv"": 4, ""d_model"": 128, ""d_state"": 16, ""mamba_expand"": 1, ""max_seq_len"": 128, ""mlp_expand"": 3.0, ""mlp_gated"": false, ""mlp_spectral_norm"": true, ""n_layers"": 6, ""ska_backend"": ""auto"", ""ska_chunk_size"": 64, ""ska_chunk_strategy"": ""standard"", ""ska_decay_alpha"": 0.95, ""ska_layer_indices"": [], ""ska_n_heads"": 2, ""ska_overlap_fraction"": 0.5, ""ska_power_K"": 2, ""ska_rank"": 32, ""ska_ridge"": 0.001, ""ska_scale"": 1.5, ""tie_embeddings"": true, ""vocab_size"": 50257}",4,128,16,0.0,63452.34518396894,819.3639265042714,64,6.135953903198242,0.0029790328124099366,1,1.0,3.0,mamba_only,0.0,0.0,0.0,0.0,0.0,964081.0666213213,143123.04029537318,79330.03363723222,64439.77386974548,62502.932210999934,6,1214692,7647588,0,133,-0.3354264169931412,COMPLETE,,0.013894093192551915,0.061302432921634155,3211.5287501253924,1065.8015201123083,1051.524702627349,837.7880160109396,898.7341233773409
0.0,none,"{""d_conv"": 4, ""d_model"": 128, ""d_state"": 16, ""mamba_expand"": 1, ""max_seq_len"": 128, ""mlp_expand"": 3.0, ""mlp_gated"": false, ""mlp_spectral_norm"": true, ""n_layers"": 6, ""ska_backend"": ""auto"", ""ska_chunk_size"": 64, ""ska_chunk_strategy"": ""standard"", ""ska_decay_alpha"": 0.95, ""ska_layer_indices"": [], ""ska_n_heads"": 2, ""ska_overlap_fraction"": 0.5, ""ska_power_K"": 2, ""ska_rank"": 32, ""ska_ridge"": 0.001, ""ska_scale"": 1.5, ""tie_embeddings"": true, ""vocab_size"": 50257}",4,128,16,0.0,52341.22344594569,844.1600978027501,64,6.432249069213867,0.002815738415149231,1,1.0,3.0,mamba_only,0.0,0.0,0.0,0.0,0.0,575679.0986690039,45019.17323956977,42157.585931012385,42826.69885841433,50320.70366096396,6,1214692,7647588,0,134,-0.33691710829734806,COMPLETE,,0.014520539747995215,0.06870261107187936,3652.0770103321665,1116.5908204227458,1069.3636855311051,829.1529395731751,937.8737016413702
0.0,none,"{""d_conv"": 4, ""d_model"": 128, ""d_state"": 16, ""mamba_expand"": 1, ""max_seq_len"": 128, ""mlp_expand"": 3.0, ""mlp_gated"": false, ""mlp_spectral_norm"": true, ""n_layers"": 8, ""ska_backend"": ""auto"", ""ska_chunk_size"": 64, ""ska_chunk_strategy"": ""standard"", ""ska_decay_alpha"": 0.95, ""ska_layer_indices"": [], ""ska_n_heads"": 2, ""ska_overlap_fraction"": 0.5, ""ska_power_K"": 2, ""ska_rank"": 32, ""ska_ridge"": 0.001, ""ska_scale"": 1.5, ""tie_embeddings"": true, ""vocab_size"": 50257}",4,128,16,0.0,50138.29083128242,818.4111407562131,64,6.079555511474609,0.0029332010381676907,1,1.0,3.0,mamba_only,0.0,0.0,0.0,0.0,0.0,1041656.9684857411,70868.34235294997,58344.54196494674,47468.531019889924,50839.3419285847,8,1619504,8052400,0,135,-0.3353682413697243,COMPLETE,,0.01803020375826968,0.062402472476758265,3063.9021686500128,1094.6446166485,1026.4132590962467,807.2978507866923,920.9627084687818
0.0,none,"{""d_conv"": 4, ""d_model"": 128, ""d_state"": 16, ""mamba_expand"": 1, ""max_seq_len"": 128, ""mlp_expand"": 3.0, ""mlp_gated"": false, ""mlp_spectral_norm"": true, ""n_layers"": 8, ""ska_backend"": ""auto"", ""ska_chunk_size"": 64, ""ska_chunk_strategy"": ""standard"", ""ska_decay_alpha"": 0.95, ""ska_layer_indices"": [], ""ska_n_heads"": 2, ""ska_overlap_fraction"": 0.5, ""ska_power_K"": 2, ""ska_rank"": 32, ""ska_ridge"": 0.001, ""ska_scale"": 1.5, ""tie_embeddings"": true, ""vocab_size"": 50257}",4,128,16,0.0,60896.88213144319,1127.9230857285806,64,6.68270206451416,0.0015811012996355316,1,1.0,3.0,mamba_only,0.0,0.0,0.0,0.0,0.0,209790735.3995411,352679.65454536094,57622.587958802374,47058.89933387996,75007.3806898815,8,1619504,8052400,0,136,-0.35140666216611866,COMPLETE,,0.019226365185124158,0.06687964431459176,62859.27904186951,2249.6599498917085,1572.5176628732513,1124.3948002740838,1255.3578412263582
,,,4,256,16,,,,64,,,1,,3.0,mamba_only,,,,,,,,,,,6,,,,137,,PRUNED,,,,,,,,
,,,4,384,16,,,,64,,,1,,3.0,mamba_only,,,,,,,,,,,6,,,,138,,PRUNED,,,,,,,,
0.0,none,"{""d_conv"": 4, ""d_model"": 128, ""d_state"": 16, ""mamba_expand"": 3, ""max_seq_len"": 128, ""mlp_expand"": 3.0, ""mlp_gated"": false, ""mlp_spectral_norm"": true, ""n_layers"": 4, ""ska_backend"": ""auto"", ""ska_chunk_size"": 64, ""ska_chunk_strategy"": ""standard"", ""ska_decay_alpha"": 0.95, ""ska_layer_indices"": [], ""ska_n_heads"": 2, ""ska_overlap_fraction"": 0.5, ""ska_power_K"": 2, ""ska_rank"": 32, ""ska_ridge"": 0.001, ""ska_scale"": 1.5, ""tie_embeddings"": true, ""vocab_size"": 50257}",4,128,16,0.0,54589.278251913274,1103.5261342603944,64,6.420922756195068,0.0016541486217121729,3,1.0,3.0,mamba_only,0.0,0.0,0.0,0.0,0.0,113991648.1904232,262761.9862743533,51671.47321182237,51394.68487845854,55767.976073233556,4,1211336,7644232,0,139,-0.35031329542398454,COMPLETE,,0.018759835759128544,0.05939030077072109,43824.465420806504,2013.5131929389827,1486.4435114347941,1144.9832636223784,1226.9091842499572
,,,4,192,32,,,,64,,,1,,2.667,mamba_only,,,,,,,,,,,6,,,,140,,PRUNED,,,,,,,,
0.0,none,"{""d_conv"": 4, ""d_model"": 128, ""d_state"": 16, ""mamba_expand"": 1, ""max_seq_len"": 128, ""mlp_expand"": 2.667, ""mlp_gated"": false, ""mlp_spectral_norm"": true, ""n_layers"": 6, ""ska_backend"": ""auto"", ""ska_chunk_size"": 64, ""ska_chunk_strategy"": ""standard"", ""ska_decay_alpha"": 0.95, ""ska_layer_indices"": [], ""ska_n_heads"": 2, ""ska_overlap_fraction"": 0.5, ""ska_power_K"": 2, ""ska_rank"": 32, ""ska_ridge"": 0.001, ""ska_scale"": 1.5, ""tie_embeddings"": true, ""vocab_size"": 50257}",4,128,16,0.0,28261.834752069106,840.0288669361911,64,6.342281341552734,0.0029835189018085928,1,1.0,2.667,mamba_only,0.0,0.0,0.0,0.0,0.0,86259.22663820034,54303.48856549258,29344.64144686189,30662.955596261563,27378.937622742793,6,1214692,7647588,0,141,-0.33667181283235553,COMPLETE,,0.02009461451992431,0.0615119621408401,3572.5176942425014,1135.99750091913,1056.718138303759,824.2470206251742,920.4798807002104
,,,4,128,16,,,,64,,,1,,4.0,mamba_only,,,,,,,,,,,8,,,,142,,PRUNED,,,,,,,,
0.0,none,"{""d_conv"": 4, ""d_model"": 128, ""d_state"": 32, ""mamba_expand"": 2, ""max_seq_len"": 128, ""mlp_expand"": 3.0, ""mlp_gated"": false, ""mlp_spectral_norm"": true, ""n_layers"": 6, ""ska_backend"": ""auto"", ""ska_chunk_size"": 64, ""ska_chunk_strategy"": ""standard"", ""ska_decay_alpha"": 0.95, ""ska_layer_indices"": [], ""ska_n_heads"": 2, ""ska_overlap_fraction"": 0.5, ""ska_power_K"": 2, ""ska_rank"": 32, ""ska_ridge"": 0.001, ""ska_scale"": 1.5, ""tie_embeddings"": true, ""vocab_size"": 50257}",,128,,0.0,66523.87349271636,1327.7222965181604,64,6.883944511413574,0.0027003720992562585,,1.0,3.0,transformer,0.0,0.0,0.0,0.0,0.0,90520.36012345004,341036.9450833946,137086.7396540402,185418.57089736467,60676.130596186,6,1008896,7441792,0,143,-0.3595610097050667,COMPLETE,0.0,0.019751170320760982,0.06462222253896474,1573.1020802537341,1511.0389003581927,1602.2453026681499,1343.253885999199,1401.475461701287
,,,4,128,16,,,,64,,,1,,3.0,mamba_only,,,,,,,,,,,12,,,,144,,PRUNED,,,,,,,,
0.0,none,"{""d_conv"": 4, ""d_model"": 64, ""d_state"": 16, ""mamba_expand"": 1, ""max_seq_len"": 128, ""mlp_expand"": 3.0, ""mlp_gated"": false, ""mlp_spectral_norm"": true, ""n_layers"": 6, ""ska_backend"": ""auto"", ""ska_chunk_size"": 64, ""ska_chunk_strategy"": ""standard"", ""ska_decay_alpha"": 0.95, ""ska_layer_indices"": [], ""ska_n_heads"": 1, ""ska_overlap_fraction"": 0.5, ""ska_power_K"": 2, ""ska_rank"": 32, ""ska_ridge"": 0.001, ""ska_scale"": 1.5, ""tie_embeddings"": true, ""vocab_size"": 50257}",4,64,16,0.0,34142.337327718036,916.2473521901292,64,6.6590423583984375,0.002980722590337387,1,1.0,3.0,mamba_only,0.0,0.0,0.0,0.0,0.0,740903.0062784211,69607.99884305516,30018.535279256783,34610.2201288006,38235.27018463147,6,312530,3528978,0,145,-0.3410143181681633,COMPLETE,,0.01834756172750928,0.06715728067331621,3187.7438739740446,1117.8829813157033,1158.6726317292623,915.5118247359952,983.4522195583577
,,,4,128,128,,,,64,,,1,,2.667,mamba_only,,,,,,,,,,,8,,,,146,,PRUNED,,,,,,,,
,,,4,128,16,,,,64,,,4,,2.667,mamba_only,,,,,,,,,,,6,,,,147,,PRUNED,,,,,,,,
0.0,none,"{""d_conv"": 4, ""d_model"": 128, ""d_state"": 16, ""mamba_expand"": 1, ""max_seq_len"": 128, ""mlp_expand"": 3.0, ""mlp_gated"": false, ""mlp_spectral_norm"": true, ""n_layers"": 2, ""ska_backend"": ""auto"", ""ska_chunk_size"": 64, ""ska_chunk_strategy"": ""standard"", ""ska_decay_alpha"": 0.95, ""ska_layer_indices"": [], ""ska_n_heads"": 2, ""ska_overlap_fraction"": 0.5, ""ska_power_K"": 2, ""ska_rank"": 32, ""ska_ridge"": 0.001, ""ska_scale"": 1.5, ""tie_embeddings"": true, ""vocab_size"": 50257}",4,128,16,0.0,36448.73782900063,886.7139732648465,64,6.277324199676514,0.0029887640027464095,1,1.0,3.0,mamba_only,0.0,0.0,0.0,0.0,0.0,133747.76274792026,41493.86156782012,32740.309517643178,32636.56212775571,37775.97928410837,2,405068,6837964,0,148,-0.3393761232495308,COMPLETE,,0.018533559604792305,0.06116200849024482,3459.6998167817756,1194.8101635731416,1121.7370179552065,889.0454663158084,981.4627357881963
,,,3,192,16,,,,64,,,1,,3.0,mamba_only,,,,,,,,,,,6,,,,149,,PRUNED,,,,,,,,
0.5,uniform,"{""d_conv"": 4, ""d_model"": 128, ""d_state"": 16, ""mamba_expand"": 1, ""max_seq_len"": 128, ""mlp_expand"": 3.0, ""mlp_gated"": false, ""mlp_spectral_norm"": true, ""n_layers"": 6, ""ska_backend"": ""auto"", ""ska_chunk_size"": 64, ""ska_chunk_strategy"": ""standard"", ""ska_decay_alpha"": 0.95, ""ska_layer_indices"": [1, 3, 5], ""ska_n_heads"": 2, ""ska_overlap_fraction"": 0.5, ""ska_power_K"": 2, ""ska_rank"": 32, ""ska_ridge"": 0.001, ""ska_scale"": 1.5, ""tie_embeddings"": true, ""vocab_size"": 50257}",4,128,16,0.0,53659.36965826087,1204.9238072826786,64,6.751794338226318,0.001663560889717608,1,1.0,3.0,mamba_attn,0.0,0.0,0.0,0.0,0.0,110930458.45080487,228961.37352593784,55849.727306207664,47497.51235546952,49959.5884473515,6,1247986,7680882,3,150,-0.35470858067274097,COMPLETE,,0.017931788108948188,0.06588736403755313,49820.076036938575,2357.815631537794,1624.581252998932,1202.1457858236547,1314.595834068958
0.0,none,"{""d_conv"": 2, ""d_model"": 128, ""d_state"": 64, ""mamba_expand"": 1, ""max_seq_len"": 128, ""mlp_expand"": 2.0, ""mlp_gated"": false, ""mlp_spectral_norm"": true, ""n_layers"": 8, ""ska_backend"": ""auto"", ""ska_chunk_size"": 64, ""ska_chunk_strategy"": ""standard"", ""ska_decay_alpha"": 0.95, ""ska_layer_indices"": [], ""ska_n_heads"": 4, ""ska_overlap_fraction"": 0.5, ""ska_power_K"": 2, ""ska_rank"": 32, ""ska_ridge"": 0.001, ""ska_scale"": 1.5, ""tie_embeddings"": true, ""vocab_size"": 50257}",2,128,64,0.0,90387.8590100824,1085.6297906128486,32,6.666649341583252,0.0016221061154346943,1,1.0,2.0,mamba_only,0.0,0.0,0.0,0.0,0.0,186842461.3696408,252726.58118907895,110962.0310732911,93988.50197682172,69497.62453126533,8,1324336,7757232,0,151,-0.34949577748775484,COMPLETE,,0.017828085781806623,0.06369483264308556,51925.3579315449,2085.9180792516977,1457.0770311889603,1100.9255217363775,1213.8230392117387
0.0,none,"{""d_conv"": 4, ""d_model"": 128, ""d_state"": 16, ""mamba_expand"": 1, ""max_seq_len"": 128, ""mlp_expand"": 3.0, ""mlp_gated"": false, ""mlp_spectral_norm"": true, ""n_layers"": 6, ""ska_backend"": ""auto"", ""ska_chunk_size"": 64, ""ska_chunk_strategy"": ""standard"", ""ska_decay_alpha"": 0.95, ""ska_layer_indices"": [], ""ska_n_heads"": 2, ""ska_overlap_fraction"": 0.5, ""ska_power_K"": 2, ""ska_rank"": 32, ""ska_ridge"": 0.001, ""ska_scale"": 1.5, ""tie_embeddings"": true, ""vocab_size"": 50257}",4,128,16,0.0,47506.210206021526,851.0956443238039,64,6.2437825202941895,0.0027563576523500014,1,1.0,3.0,mamba_only,0.0,0.0,0.0,0.0,0.0,425672.59833188995,42576.49490502435,37993.33450748385,43057.34392664518,45661.1865437661,6,1214692,7647588,0,152,-0.3373262256383896,COMPLETE,,0.014419939638824078,0.06400634011621686,4496.077703746242,1127.2600285094202,1072.3018777402842,855.1628093237864,939.1429677024327
0.0,none,"{""d_conv"": 4, ""d_model"": 128, ""d_state"": 16, ""mamba_expand"": 1, ""max_seq_len"": 128, ""mlp_expand"": 3.0, ""mlp_gated"": false, ""mlp_spectral_norm"": true, ""n_layers"": 6, ""ska_backend"": ""auto"", ""ska_chunk_size"": 64, ""ska_chunk_strategy"": ""standard"", ""ska_decay_alpha"": 0.95, ""ska_layer_indices"": [], ""ska_n_heads"": 2, ""ska_overlap_fraction"": 0.5, ""ska_power_K"": 2, ""ska_rank"": 32, ""ska_ridge"": 0.001, ""ska_scale"": 1.5, ""tie_embeddings"": true, ""vocab_size"": 50257}",4,128,16,0.0,45258.86350879464,843.1676980443096,64,6.427772045135498,0.0029047937780535505,1,1.0,3.0,mamba_only,0.0,0.0,0.0,0.0,0.0,1270513.4151312236,77275.09165783924,41824.407164416676,42690.989749688204,47480.121431508545,6,1214692,7647588,0,153,-0.33685829341411594,COMPLETE,,0.016244081842794893,0.06409379632451673,3859.193566553932,1124.0811943818203,1078.8535846468883,853.9314055381811,915.0740697193966
,,,4,192,16,,,,64,,,2,,3.0,mamba_only,,,,,,,,,,,8,,,,154,,PRUNED,,,,,,,,
,,,4,384,16,,,,32,,,1,,2.0,mamba_only,,,,,,,,,,,6,,,,155,,PRUNED,,,,,,,,
0.0,none,"{""d_conv"": 4, ""d_model"": 128, ""d_state"": 16, ""mamba_expand"": 1, ""max_seq_len"": 128, ""mlp_expand"": 4.0, ""mlp_gated"": false, ""mlp_spectral_norm"": true, ""n_layers"": 6, ""ska_backend"": ""auto"", ""ska_chunk_size"": 64, ""ska_chunk_strategy"": ""standard"", ""ska_decay_alpha"": 0.95, ""ska_layer_indices"": [], ""ska_n_heads"": 2, ""ska_overlap_fraction"": 0.5, ""ska_power_K"": 2, ""ska_rank"": 32, ""ska_ridge"": 0.001, ""ska_scale"": 1.5, ""tie_embeddings"": true, ""vocab_size"": 50257}",4,128,16,0.0,51382.13887952696,835.6431911543439,64,6.372213363647461,0.002937346516583146,1,1.0,4.0,mamba_only,0.0,0.0,0.0,0.0,0.0,440043.5183083973,90919.03001683687,52274.17867227277,63301.4846788885,66460.96868009605,6,1509604,7942500,0,156,-0.33641008585691456,COMPLETE,,0.020268640344824274,0.06338543642433497,3156.224729454773,1119.2777716339444,1074.1809371175177,845.4791009133014,945.3272349820893
,,,4,192,16,,,,64,,,1,,4.0,mamba_only,,,,,,,,,,,6,,,,157,,PRUNED,,,,,,,,
0.0,none,"{""d_conv"": 4, ""d_model"": 128, ""d_state"": 16, ""mamba_expand"": 1, ""max_seq_len"": 128, ""mlp_expand"": 4.0, ""mlp_gated"": false, ""mlp_spectral_norm"": true, ""n_layers"": 6, ""ska_backend"": ""auto"", ""ska_chunk_size"": 64, ""ska_chunk_strategy"": ""standard"", ""ska_decay_alpha"": 0.95, ""ska_layer_indices"": [], ""ska_n_heads"": 2, ""ska_overlap_fraction"": 0.5, ""ska_power_K"": 2, ""ska_rank"": 32, ""ska_ridge"": 0.001, ""ska_scale"": 1.5, ""tie_embeddings"": true, ""vocab_size"": 50257}",4,128,16,0.0,66418.38954149823,1082.1715250047434,64,6.667919635772705,0.0016733723757206814,1,1.0,4.0,mamba_only,0.0,0.0,0.0,0.0,0.0,237724047.2857419,190256.40277430753,69218.22896393613,51344.51925542684,71459.05324953185,6,1509604,7942500,0,158,-0.34933624863624574,COMPLETE,,0.024332124131808575,0.06370126772927666,56482.78385681615,2059.624952649553,1458.4375406993881,1121.8446689061473,1191.6078803590287
0.0,none,"{""d_conv"": 4, ""d_model"": 64, ""d_state"": 16, ""mamba_expand"": 1, ""max_seq_len"": 128, ""mlp_expand"": 2.667, ""mlp_gated"": false, ""mlp_spectral_norm"": true, ""n_layers"": 4, ""ska_backend"": ""auto"", ""ska_chunk_size"": 64, ""ska_chunk_strategy"": ""standard"", ""ska_decay_alpha"": 0.95, ""ska_layer_indices"": [], ""ska_n_heads"": 1, ""ska_overlap_fraction"": 0.5, ""ska_power_K"": 2, ""ska_rank"": 32, ""ska_ridge"": 0.001, ""ska_scale"": 1.5, ""tie_embeddings"": true, ""vocab_size"": 50257}",4,64,16,0.0,22497.94384204688,945.7482607129725,64,6.614620685577393,0.0028771727102019375,1,1.0,2.667,mamba_only,0.0,0.0,0.0,0.0,0.0,277125.72484393994,29237.374691488476,21737.98361231203,20631.41746244175,21897.781843720746,4,208396,3424844,0,159,-0.3425988212227822,COMPLETE,,0.020740361364456252,0.07146746501009006,3613.2202116902317,1145.3379264224625,1164.4430169544864,968.3916258381688,1032.7378951053638
,,,4,128,16,,,,64,,,3,,3.0,mamba_only,,,,,,,,,,,6,,,,160,,PRUNED,,,,,,,,
0.0,none,"{""d_conv"": 4, ""d_model"": 128, ""d_state"": 16, ""mamba_expand"": 1, ""max_seq_len"": 128, ""mlp_expand"": 3.0, ""mlp_gated"": false, ""mlp_spectral_norm"": true, ""n_layers"": 8, ""ska_backend"": ""auto"", ""ska_chunk_size"": 64, ""ska_chunk_strategy"": ""standard"", ""ska_decay_alpha"": 0.95, ""ska_layer_indices"": [], ""ska_n_heads"": 4, ""ska_overlap_fraction"": 0.5, ""ska_power_K"": 2, ""ska_rank"": 32, ""ska_ridge"": 0.001, ""ska_scale"": 1.5, ""tie_embeddings"": true, ""vocab_size"": 50257}",4,128,16,0.0,76442.43194184896,1071.1078592970455,32,6.637795448303223,0.001638221836436378,1,1.0,3.0,mamba_only,0.0,0.0,0.0,0.0,0.0,13470539.842800679,240888.5948949099,98007.35947948211,66040.43341556513,78674.25787244449,8,1619504,8052400,0,161,-0.34882243871688845,COMPLETE,,0.0220310689016563,0.07171060105646089,51732.256089083465,2081.5422665737974,1520.2317591930407,1081.1434575913065,1215.5984906379176
0.0,none,"{""d_conv"": 4, ""d_model"": 128, ""d_state"": 16, ""mamba_expand"": 1, ""max_seq_len"": 128, ""mlp_expand"": 4.0, ""mlp_gated"": false, ""mlp_spectral_norm"": true, ""n_layers"": 6, ""ska_backend"": ""auto"", ""ska_chunk_size"": 64, ""ska_chunk_strategy"": ""standard"", ""ska_decay_alpha"": 0.95, ""ska_layer_indices"": [], ""ska_n_heads"": 4, ""ska_overlap_fraction"": 0.5, ""ska_power_K"": 2, ""ska_rank"": 32, ""ska_ridge"": 0.001, ""ska_scale"": 1.5, ""tie_embeddings"": true, ""vocab_size"": 50257}",4,128,16,0.0,54250.48370043455,829.4684561714396,32,6.276008129119873,0.002951426721705211,1,1.0,4.0,mamba_only,0.0,0.0,0.0,0.0,0.0,73359.33191863187,65992.0816665979,41478.6688439155,68629.28443113575,58816.501623784534,6,1509604,7942500,0,162,-0.33603925406932833,COMPLETE,,0.01298167878959529,0.058120796793316463,3613.7750337690477,1123.2115969424653,1073.0646449818105,806.5435097191751,914.5901860933067
0.0,none,"{""d_conv"": 4, ""d_model"": 128, ""d_state"": 16, ""mamba_expand"": 1, ""max_seq_len"": 128, ""mlp_expand"": 4.0, ""mlp_gated"": false, ""mlp_spectral_norm"": true, ""n_layers"": 6, ""ska_backend"": ""auto"", ""ska_chunk_size"": 64, ""ska_chunk_strategy"": ""standard"", ""ska_decay_alpha"": 0.95, ""ska_layer_indices"": [], ""ska_n_heads"": 4, ""ska_overlap_fraction"": 0.5, ""ska_power_K"": 2, ""ska_rank"": 32, ""ska_ridge"": 0.001, ""ska_scale"": 1.5, ""tie_embeddings"": true, ""vocab_size"": 50257}",4,128,16,0.0,48466.84592061603,825.1731299502052,32,6.093510150909424,0.0029556901260406614,1,1.0,4.0,mamba_only,0.0,0.0,0.0,0.0,0.0,437259.11987045576,60906.17496720234,58330.29943066743,57876.369439199494,49107.046292578634,6,1509604,7942500,0,163,-0.3357796609401703,COMPLETE,,0.01460836409454793,0.06636449790564955,3062.503232218438,1070.1515352218028,1072.2249278377255,814.4355825129783,906.4834888875781
0.0,none,"{""d_conv"": 4, ""d_model"": 128, ""d_state"": 16, ""mamba_expand"": 1, ""max_seq_len"": 128, ""mlp_expand"": 4.0, ""mlp_gated"": false, ""mlp_spectral_norm"": true, ""n_layers"": 6, ""ska_backend"": ""auto"", ""ska_chunk_size"": 64, ""ska_chunk_strategy"": ""standard"", ""ska_decay_alpha"": 0.95, ""ska_layer_indices"": [], ""ska_n_heads"": 4, ""ska_overlap_fraction"": 0.5, ""ska_power_K"": 2, ""ska_rank"": 32, ""ska_ridge"": 0.001, ""ska_scale"": 1.5, ""tie_embeddings"": true, ""vocab_size"": 50257}",4,128,16,0.0,44172.68172230378,830.0154694928104,32,6.294397354125977,0.002974702230104041,1,1.0,4.0,mamba_only,0.0,0.0,0.0,0.0,0.0,2675269.141444112,49843.849648903146,39870.17338253164,42618.09382199524,50308.41983247353,6,1509604,7942500,0,164,-0.33607221692800526,COMPLETE,,0.01952353030248739,0.07285224616349123,3305.82150180553,1063.1088532221395,1056.1258645269274,818.4699484914249,910.1155525773788
0.0,none,"{""d_conv"": 4, ""d_model"": 128, ""d_state"": 16, ""mamba_expand"": 1, ""max_seq_len"": 128, ""mlp_expand"": 4.0, ""mlp_gated"": false, ""mlp_spectral_norm"": true, ""n_layers"": 6, ""ska_backend"": ""auto"", ""ska_chunk_size"": 64, ""ska_chunk_strategy"": ""standard"", ""ska_decay_alpha"": 0.95, ""ska_layer_indices"": [], ""ska_n_heads"": 4, ""ska_overlap_fraction"": 0.5, ""ska_power_K"": 2, ""ska_rank"": 32, ""ska_ridge"": 0.001, ""ska_scale"": 1.5, ""tie_embeddings"": true, ""vocab_size"": 50257}",4,128,16,0.0,43079.687821708634,816.2698222576131,32,6.249602317810059,0.0029971596151982536,1,1.0,4.0,mamba_only,0.0,0.0,0.0,0.0,0.0,135126.25515607675,42706.626520070655,35804.893169101684,54071.973952567336,48369.32417583915,6,1509604,7942500,0,165,-0.33523724824190143,COMPLETE,,0.022609902908082482,0.07564075370907662,3176.6839516083774,1070.1621237505367,1040.7818013437786,817.1412572342293,890.9908864361017
0.0,none,"{""d_conv"": 4, ""d_model"": 128, ""d_state"": 16, ""mamba_expand"": 1, ""max_seq_len"": 128, ""mlp_expand"": 4.0, ""mlp_gated"": false, ""mlp_spectral_norm"": true, ""n_layers"": 6, ""ska_backend"": ""auto"", ""ska_chunk_size"": 64, ""ska_chunk_strategy"": ""standard"", ""ska_decay_alpha"": 0.95, ""ska_layer_indices"": [], ""ska_n_heads"": 4, ""ska_overlap_fraction"": 0.5, ""ska_power_K"": 2, ""ska_rank"": 32, ""ska_ridge"": 0.001, ""ska_scale"": 1.5, ""tie_embeddings"": true, ""vocab_size"": 50257}",4,128,16,0.0,66723.1257539622,1104.6909052735962,32,6.775369167327881,0.0016511230977723501,1,1.0,4.0,mamba_only,0.0,0.0,0.0,0.0,0.0,80163989.3127001,126722.61708986982,105197.90165194185,84302.18693454529,84508.25426529582,6,1509604,7942500,0,166,-0.35036604255437853,COMPLETE,,0.02537739953075928,0.07717695432800947,73114.4585708579,2219.216674030735,1492.82370754559,1122.0579954043453,1219.221718500737
0.0,none,"{""d_conv"": 4, ""d_model"": 128, ""d_state"": 32, ""mamba_expand"": 1, ""max_seq_len"": 128, ""mlp_expand"": 4.0, ""mlp_gated"": false, ""mlp_spectral_norm"": true, ""n_layers"": 2, ""ska_backend"": ""auto"", ""ska_chunk_size"": 64, ""ska_chunk_strategy"": ""standard"", ""ska_decay_alpha"": 0.95, ""ska_layer_indices"": [], ""ska_n_heads"": 4, ""ska_overlap_fraction"": 0.5, ""ska_power_K"": 2, ""ska_rank"": 32, ""ska_ridge"": 0.001, ""ska_scale"": 1.5, ""tie_embeddings"": true, ""vocab_size"": 50257}",4,128,32,0.0,58708.903931475834,917.3538702991859,32,6.5275702476501465,0.0029232732311286675,1,1.0,4.0,mamba_only,0.0,0.0,0.0,0.0,0.0,199046.53992084108,55482.787971739956,52108.532419208575,87756.7638044356,79107.61764688946,2,511884,6944780,0,167,-0.34107466489076615,COMPLETE,,0.023302755151097327,0.080268270863438,3621.1396543573424,1179.3833452733345,1158.0062344021023,925.504573944542,1001.832231055186
,,,4,256,128,,,,32,,,1,,4.0,mamba_only,,,,,,,,,,,6,,,,168,,PRUNED,,,,,,,,
0.0,none,"{""d_conv"": 3, ""d_model"": 64, ""d_state"": 16, ""mamba_expand"": 4, ""max_seq_len"": 128, ""mlp_expand"": 4.0, ""mlp_gated"": false, ""mlp_spectral_norm"": true, ""n_layers"": 6, ""ska_backend"": ""auto"", ""ska_chunk_size"": 64, ""ska_chunk_strategy"": ""standard"", ""ska_decay_alpha"": 0.95, ""ska_layer_indices"": [], ""ska_n_heads"": 2, ""ska_overlap_fraction"": 0.5, ""ska_power_K"": 2, ""ska_rank"": 32, ""ska_ridge"": 0.001, ""ska_scale"": 1.5, ""tie_embeddings"": true, ""vocab_size"": 50257}",3,64,16,0.0,48413.62789225817,1122.7214056591386,32,6.719472885131836,0.0016542414997310411,4,1.0,4.0,mamba_only,0.0,0.0,0.0,0.0,0.0,679558.9194013446,56833.20202148358,43421.541179771484,50136.76075542215,46664.19381659789,6,613832,3830280,0,169,-0.35117554217576985,COMPLETE,,0.021276517656709664,0.07327545773456456,34199.56992056121,1929.2191141012756,1436.5057300412784,1149.7045604827993,1231.5869579130003
0.25,late,"{""d_conv"": 4, ""d_model"": 128, ""d_state"": 16, ""mamba_expand"": 1, ""max_seq_len"": 128, ""mlp_expand"": 4.0, ""mlp_gated"": false, ""mlp_spectral_norm"": true, ""n_layers"": 6, ""ska_backend"": ""auto"", ""ska_chunk_size"": 64, ""ska_chunk_strategy"": ""standard"", ""ska_decay_alpha"": 0.95, ""ska_layer_indices"": [4, 5], ""ska_n_heads"": 4, ""ska_overlap_fraction"": 0.5, ""ska_power_K"": 2, ""ska_rank"": 32, ""ska_ridge"": 0.001, ""ska_scale"": 1.5, ""tie_embeddings"": true, ""vocab_size"": 50257}",4,128,16,0.0,30079.05834808109,821.3447401205718,32,6.040810585021973,0.002988182118642547,1,1.0,4.0,mamba_attn,0.0,0.0,0.0,0.0,0.0,712606.4406209434,38629.34802631219,26934.731725648355,30261.360695175215,33203.16197648211,6,1531800,7964696,2,170,-0.33554714620113374,COMPLETE,,0.012149950670986063,0.07512231525858687,3002.223470420216,1078.29993481304,1042.54596952079,813.7554719245547,902.9553649002736
0.25,late,"{""d_conv"": 4, ""d_model"": 128, ""d_state"": 16, ""mamba_expand"": 1, ""max_seq_len"": 128, ""mlp_expand"": 4.0, ""mlp_gated"": false, ""mlp_spectral_norm"": true, ""n_layers"": 6, ""ska_backend"": ""auto"", ""ska_chunk_size"": 64, ""ska_chunk_strategy"": ""standard"", ""ska_decay_alpha"": 0.95, ""ska_layer_indices"": [4, 5], ""ska_n_heads"": 4, ""ska_overlap_fraction"": 0.5, ""ska_power_K"": 2, ""ska_rank"": 32, ""ska_ridge"": 0.001, ""ska_scale"": 1.5, ""tie_embeddings"": true, ""vocab_size"": 50257}",4,128,16,0.0,44198.30197137509,804.69846198183,32,6.38812780380249,0.0029864442578072343,1,1.0,4.0,mamba_attn,0.0,0.0,0.0,0.0,0.0,1265096.7756244324,56687.69801786175,41301.83088717038,37729.8941619953,43869.07214131424,6,1531800,7964696,2,171,-0.33452338129282,COMPLETE,,0.007968457604892424,0.0779803297885672,2792.6044492593574,1067.1024513057168,1008.6071202471276,805.0373253715013,915.5118247359952
0.0,none,"{""d_conv"": 4, ""d_model"": 128, ""d_state"": 32, ""mamba_expand"": 2, ""max_seq_len"": 128, ""mlp_expand"": 4.0, ""mlp_gated"": false, ""mlp_spectral_norm"": true, ""n_layers"": 6, ""ska_backend"": ""auto"", ""ska_chunk_size"": 64, ""ska_chunk_strategy"": ""standard"", ""ska_decay_alpha"": 0.95, ""ska_layer_indices"": [], ""ska_n_heads"": 2, ""ska_overlap_fraction"": 0.5, ""ska_power_K"": 2, ""ska_rank"": 32, ""ska_ridge"": 0.001, ""ska_scale"": 1.5, ""tie_embeddings"": true, ""vocab_size"": 50257}",,128,,0.0,29282.91506891936,1333.6842792494622,64,6.895133972167969,0.0029259668928219786,,1.0,4.0,transformer,0.0,0.0,0.0,0.0,0.0,222296.5495245728,72823.99497986866,30603.125458001497,27066.570580666965,28296.355127347568,6,1206272,7639168,0,172,-0.3597850263118744,COMPLETE,0.0,0.0073756635980396675,0.08099059190173928,1637.2332194562334,1533.1294514336873,1616.716821748266,1332.979196898223,1403.1250676211152
0.25,late,"{""d_conv"": 4, ""d_model"": 128, ""d_state"": 16, ""mamba_expand"": 1, ""max_seq_len"": 128, ""mlp_expand"": 4.0, ""mlp_gated"": false, ""mlp_spectral_norm"": true, ""n_layers"": 6, ""ska_backend"": ""auto"", ""ska_chunk_size"": 64, ""ska_chunk_strategy"": ""standard"", ""ska_decay_alpha"": 0.95, ""ska_layer_indices"": [4, 5], ""ska_n_heads"": 4, ""ska_overlap_fraction"": 0.5, ""ska_power_K"": 2, ""ska_rank"": 32, ""ska_ridge"": 0.001, ""ska_scale"": 1.5, ""tie_embeddings"": true, ""vocab_size"": 50257}",4,128,16,0.0,47156.65713937659,814.5721243613056,32,6.2648606300354,0.0029753800760378224,1,1.0,4.0,mamba_attn,0.0,0.0,0.0,0.0,0.0,505683.8710161109,83748.31156469193,39439.35802194331,49595.01024793523,46069.897776889404,6,1531800,7964696,2,173,-0.3351331487298012,COMPLETE,,0.008968872040284938,0.0749419152359319,2793.1624527622416,1063.7101152013913,1031.7761002390264,829.3993911256854,912.5123025842229
0.25,late,"{""d_conv"": 4, ""d_model"": 128, ""d_state"": 16, ""mamba_expand"": 1, ""max_seq_len"": 128, ""mlp_expand"": 4.0, ""mlp_gated"": false, ""mlp_spectral_norm"": true, ""n_layers"": 6, ""ska_backend"": ""auto"", ""ska_chunk_size"": 64, ""ska_chunk_strategy"": ""standard"", ""ska_decay_alpha"": 0.95, ""ska_layer_indices"": [4, 5], ""ska_n_heads"": 4, ""ska_overlap_fraction"": 0.5, ""ska_power_K"": 2, ""ska_rank"": 32, ""ska_ridge"": 0.001, ""ska_scale"": 1.5, ""tie_embeddings"": true, ""vocab_size"": 50257}",4,128,16,0.0,485165195.4097903,6257287.621556251,32,15.119220733642578,0.0003014953979149701,1,1.0,4.0,mamba_attn,0.0,0.0,0.0,0.0,0.0,485165195.4097903,485165195.4097903,485165195.4097903,485165195.4097903,485165195.4097903,6,1531800,7964696,2,174,-0.7824628680944443,COMPLETE,,0.008000596865026492,0.08293794551970447,485165195.4097903,85192352.6180415,25694146.904178523,7016752.846075805,8583551.017047193
0.25,late,,4,128,16,,,,32,,,1,,4.0,mamba_attn,,,,,,,,,,,12,,,,175,,PRUNED,,,,,,,,
0.25,late,,4,192,16,,,,32,,,1,,4.0,mamba_attn,,,,,,,,,,,6,,,,176,,PRUNED,,,,,,,,
0.0,none,"{""d_conv"": 4, ""d_model"": 128, ""d_state"": 16, ""mamba_expand"": 1, ""max_seq_len"": 128, ""mlp_expand"": 4.0, ""mlp_gated"": false, ""mlp_spectral_norm"": true, ""n_layers"": 6, ""ska_backend"": ""auto"", ""ska_chunk_size"": 64, ""ska_chunk_strategy"": ""standard"", ""ska_decay_alpha"": 0.95, ""ska_layer_indices"": [], ""ska_n_heads"": 4, ""ska_overlap_fraction"": 0.5, ""ska_power_K"": 2, ""ska_rank"": 32, ""ska_ridge"": 0.001, ""ska_scale"": 1.5, ""tie_embeddings"": true, ""vocab_size"": 50257}",4,128,16,0.0,39386.435439070454,811.351843332757,32,6.341444969177246,0.002993752670085105,1,1.0,4.0,mamba_only,0.0,0.0,0.0,0.0,0.0,1326943.4160164096,40001.79821657564,33203.16197648211,44369.93515060999,41574.98346100563,6,1509604,7942500,0,177,-0.3349350899457932,COMPLETE,,0.009462070474968677,0.0831616740996993,3054.546835203943,1031.596416837452,1007.7056380827162,807.1220441965837,910.777173764785
,,,4,384,16,,,,32,,,1,,4.0,mamba_only,,,,,,,,,,,6,,,,178,,PRUNED,,,,,,,,
,,,2,192,64,,,,32,,,1,,4.0,mamba_only,,,,,,,,,,,6,,,,179,,PRUNED,,,,,,,,
0.25,late,"{""d_conv"": 4, ""d_model"": 128, ""d_state"": 16, ""mamba_expand"": 2, ""max_seq_len"": 128, ""mlp_expand"": 4.0, ""mlp_gated"": false, ""mlp_spectral_norm"": true, ""n_layers"": 6, ""ska_backend"": ""auto"", ""ska_chunk_size"": 64, ""ska_chunk_strategy"": ""standard"", ""ska_decay_alpha"": 0.95, ""ska_layer_indices"": [4, 5], ""ska_n_heads"": 2, ""ska_overlap_fraction"": 0.5, ""ska_power_K"": 2, ""ska_rank"": 32, ""ska_ridge"": 0.001, ""ska_scale"": 1.5, ""tie_embeddings"": true, ""vocab_size"": 50257}",4,128,16,0.0,30831.855715313926,819.6044151697424,64,6.316774368286133,0.0029981889092673695,2,1.0,4.0,mamba_attn,0.0,0.0,0.0,0.0,0.0,166431.46252781377,39584.05404932828,28748.97581816624,28410.571805706575,34294.80018090449,6,1732528,8165424,2,180,-0.33544109016656876,COMPLETE,,0.005888480113688993,0.08824942110279799,2665.9250293473146,1023.7217370057714,1047.84094711436,806.9720566959132,918.608807812236
0.25,late,"{""d_conv"": 4, ""d_model"": 128, ""d_state"": 16, ""mamba_expand"": 2, ""max_seq_len"": 128, ""mlp_expand"": 2.667, ""mlp_gated"": false, ""mlp_spectral_norm"": true, ""n_layers"": 6, ""ska_backend"": ""auto"", ""ska_chunk_size"": 64, ""ska_chunk_strategy"": ""standard"", ""ska_decay_alpha"": 0.95, ""ska_layer_indices"": [4, 5], ""ska_n_heads"": 4, ""ska_overlap_fraction"": 0.5, ""ska_power_K"": 2, ""ska_rank"": 32, ""ska_ridge"": 0.001, ""ska_scale"": 1.5, ""tie_embeddings"": true, ""vocab_size"": 50257}",4,128,16,0.0,80201.48928184438,1065.7637541457912,32,6.516441345214844,0.0016501469153735288,2,1.0,2.667,mamba_attn,0.0,0.0,0.0,0.0,0.0,255476906.5308041,569875.8608591008,119773.69604645822,87982.01480112305,108590.25115284068,6,1437616,7870512,2,181,-0.34857234805822374,COMPLETE,,0.0007222481032509737,0.09369161855593712,25832.065624642764,1848.9870482374847,1463.6211312885985,1115.3385775465367,1164.6388977593776
0.25,late,"{""d_conv"": 4, ""d_model"": 128, ""d_state"": 16, ""mamba_expand"": 2, ""max_seq_len"": 128, ""mlp_expand"": 4.0, ""mlp_gated"": false, ""mlp_spectral_norm"": true, ""n_layers"": 6, ""ska_backend"": ""auto"", ""ska_chunk_size"": 64, ""ska_chunk_strategy"": ""standard"", ""ska_decay_alpha"": 0.95, ""ska_layer_indices"": [4, 5], ""ska_n_heads"": 2, ""ska_overlap_fraction"": 0.5, ""ska_power_K"": 2, ""ska_rank"": 32, ""ska_ridge"": 0.001, ""ska_scale"": 1.5, ""tie_embeddings"": true, ""vocab_size"": 50257}",4,128,16,0.0,26077.371950333003,831.3256510991978,64,6.281250476837158,0.0029112794344535865,2,1.0,4.0,mamba_attn,0.0,0.0,0.0,0.0,0.0,215378.31536983914,29938.02724807768,29219.535058939746,30011.207429841386,30036.862731694095,6,1732528,8165424,2,182,-0.33615107983350756,COMPLETE,,0.009636724004127122,0.08854788972443702,2846.362385251625,1077.9434144585084,1046.0605862859616,836.5352589296568,917.9420445810512
0.25,late,"{""d_conv"": 4, ""d_model"": 128, ""d_state"": 16, ""mamba_expand"": 2, ""max_seq_len"": 128, ""mlp_expand"": 4.0, ""mlp_gated"": false, ""mlp_spectral_norm"": true, ""n_layers"": 6, ""ska_backend"": ""auto"", ""ska_chunk_size"": 64, ""ska_chunk_strategy"": ""standard"", ""ska_decay_alpha"": 0.95, ""ska_layer_indices"": [4, 5], ""ska_n_heads"": 2, ""ska_overlap_fraction"": 0.5, ""ska_power_K"": 2, ""ska_rank"": 32, ""ska_ridge"": 0.001, ""ska_scale"": 1.5, ""tie_embeddings"": true, ""vocab_size"": 50257}",4,128,16,0.0,46016.50295822832,810.6284777009113,64,6.302760124206543,0.002978853008148144,2,1.0,4.0,mamba_attn,0.0,0.0,0.0,0.0,0.0,117586.17615238078,32948.79474421925,37063.41865909256,36667.407288785136,45167.7966516027,6,1732528,8165424,2,183,-0.3348904922604561,COMPLETE,,0.011515809466017692,0.09388793623541924,2696.9562409873847,1070.3707263696404,1029.7331723809882,807.7521228557071,899.9564279491507
0.25,late,"{""d_conv"": 4, ""d_model"": 128, ""d_state"": 16, ""mamba_expand"": 2, ""max_seq_len"": 128, ""mlp_expand"": 4.0, ""mlp_gated"": false, ""mlp_spectral_norm"": true, ""n_layers"": 6, ""ska_backend"": ""auto"", ""ska_chunk_size"": 64, ""ska_chunk_strategy"": ""standard"", ""ska_decay_alpha"": 0.95, ""ska_layer_indices"": [4, 5], ""ska_n_heads"": 2, ""ska_overlap_fraction"": 0.5, ""ska_power_K"": 2, ""ska_rank"": 32, ""ska_ridge"": 0.001, ""ska_scale"": 1.5, ""tie_embeddings"": true, ""vocab_size"": 50257}",4,128,16,0.0,69970.06270478464,1041.679717046268,64,6.602846145629883,0.0016866154229377497,2,1.0,4.0,mamba_attn,0.0,0.0,0.0,0.0,0.0,230325684.03246096,287848.74485685973,110111.95827750226,60705.7648474145,85233.46471646977,6,1732528,8165424,2,184,-0.34742949008941654,COMPLETE,,0.006960540630918593,0.10547648130053837,29155.305146460723,1787.4489282112343,1422.9837235444452,1034.4768364544539,1192.8042635815661
0.0,none,"{""d_conv"": 4, ""d_model"": 128, ""d_state"": 32, ""mamba_expand"": 2, ""max_seq_len"": 128, ""mlp_expand"": 4.0, ""mlp_gated"": false, ""mlp_spectral_norm"": true, ""n_layers"": 6, ""ska_backend"": ""auto"", ""ska_chunk_size"": 64, ""ska_chunk_strategy"": ""standard"", ""ska_decay_alpha"": 0.95, ""ska_layer_indices"": [], ""ska_n_heads"": 4, ""ska_overlap_fraction"": 0.5, ""ska_power_K"": 2, ""ska_rank"": 32, ""ska_ridge"": 0.001, ""ska_scale"": 1.5, ""tie_embeddings"": true, ""vocab_size"": 50257}",,128,,0.0,18591.21313415841,1401.3030989698107,32,6.973735332489014,0.0028585224190464517,,1.0,4.0,transformer,0.0,0.0,0.0,0.0,0.0,21935.23680659598,29799.47615804808,23188.032906180848,22996.350773755315,17846.287479780083,6,1206272,7639168,0,185,-0.362257893383503,COMPLETE,0.0,0.008082257490470113,0.11666164605174169,1841.7444998441956,1612.6922892668988,1675.191571687561,1400.2557215924437,1458.5625508956314
,,,4,128,16,,,,32,,,2,,4.0,mamba_only,,,,,,,,,,,6,,,,186,,PRUNED,,,,,,,,
,,,4,128,16,,,,64,,,2,,4.0,mamba_only,,,,,,,,,,,12,,,,187,,PRUNED,,,,,,,,
0.25,late,"{""d_conv"": 4, ""d_model"": 128, ""d_state"": 16, ""mamba_expand"": 2, ""max_seq_len"": 128, ""mlp_expand"": 4.0, ""mlp_gated"": false, ""mlp_spectral_norm"": true, ""n_layers"": 6, ""ska_backend"": ""auto"", ""ska_chunk_size"": 64, ""ska_chunk_strategy"": ""standard"", ""ska_decay_alpha"": 0.95, ""ska_layer_indices"": [4, 5], ""ska_n_heads"": 4, ""ska_overlap_fraction"": 0.5, ""ska_power_K"": 2, ""ska_rank"": 32, ""ska_ridge"": 0.001, ""ska_scale"": 1.5, ""tie_embeddings"": true, ""vocab_size"": 50257}",4,128,16,0.0,60314.28290418024,820.7895224819803,32,6.268822193145752,0.00297351464977956,2,1.0,4.0,mamba_attn,0.0,0.0,0.0,0.0,0.0,213051.05469533158,68278.32574997297,56854.01877310541,59597.04838735471,58687.40802498576,6,1732528,8165424,2,188,-0.3355133354663849,COMPLETE,,0.010366084840872297,0.0897988508981253,2758.040935884353,1079.6486833934953,1023.8655068522884,823.0045043402968,917.2413214055738
0.25,late,,4,384,16,,,,32,,,2,,4.0,mamba_attn,,,,,,,,,,,2,,,,189,,PRUNED,,,,,,,,
0.25,late,"{""d_conv"": 4, ""d_model"": 64, ""d_state"": 16, ""mamba_expand"": 2, ""max_seq_len"": 128, ""mlp_expand"": 4.0, ""mlp_gated"": false, ""mlp_spectral_norm"": true, ""n_layers"": 6, ""ska_backend"": ""auto"", ""ska_chunk_size"": 64, ""ska_chunk_strategy"": ""standard"", ""ska_decay_alpha"": 0.95, ""ska_layer_indices"": [4, 5], ""ska_n_heads"": 1, ""ska_overlap_fraction"": 0.5, ""ska_power_K"": 2, ""ska_rank"": 32, ""ska_ridge"": 0.001, ""ska_scale"": 1.5, ""tie_embeddings"": true, ""vocab_size"": 50257}",4,64,16,0.0,48179.27971452929,1113.1150347249736,64,6.771368026733398,0.0017092620195524998,2,1.0,4.0,mamba_attn,0.0,0.0,0.0,0.0,0.0,18784359.80420446,197304.77290292375,58223.59118660081,44696.103266808735,43858.36322591733,6,440088,3656536,2,190,-0.3507458850741387,COMPLETE,,0.007654166804367582,0.09712920210835899,40091.997420962536,1888.3267937238588,1473.5798216200524,1142.1221367761036,1218.853330789515
0.25,late,,4,128,16,,,,32,,,2,,4.0,mamba_attn,,,,,,,,,,,8,,,,191,,PRUNED,,,,,,,,
0.25,late,,4,192,16,,,,64,,,2,,4.0,mamba_attn,,,,,,,,,,,12,,,,192,,PRUNED,,,,,,,,
0.25,late,"{""d_conv"": 4, ""d_model"": 128, ""d_state"": 16, ""mamba_expand"": 2, ""max_seq_len"": 128, ""mlp_expand"": 4.0, ""mlp_gated"": false, ""mlp_spectral_norm"": true, ""n_layers"": 4, ""ska_backend"": ""auto"", ""ska_chunk_size"": 64, ""ska_chunk_strategy"": ""standard"", ""ska_decay_alpha"": 0.95, ""ska_layer_indices"": [3], ""ska_n_heads"": 2, ""ska_overlap_fraction"": 0.5, ""ska_power_K"": 2, ""ska_rank"": 32, ""ska_ridge"": 0.001, ""ska_scale"": 1.5, ""tie_embeddings"": true, ""vocab_size"": 50257}",4,128,16,0.0,35450.44601063431,832.0168260481292,64,6.255783557891846,0.0029563144691987153,2,1.0,4.0,mamba_attn,0.0,0.0,0.0,0.0,0.0,1221691.6691587945,85389.67482254961,34534.25576933863,33754.86664561796,35430.97784661228,4,1168132,7601028,1,193,-0.33619263321161275,COMPLETE,,0.01226221207754014,0.09363189117235965,2940.2662202344413,1077.3329512555558,1059.4495560773191,833.8764961267326,926.8601820748896
0.25,late,"{""d_conv"": 4, ""d_model"": 128, ""d_state"": 16, ""mamba_expand"": 2, ""max_seq_len"": 128, ""mlp_expand"": 4.0, ""mlp_gated"": false, ""mlp_spectral_norm"": true, ""n_layers"": 4, ""ska_backend"": ""auto"", ""ska_chunk_size"": 64, ""ska_chunk_strategy"": ""standard"", ""ska_decay_alpha"": 0.95, ""ska_layer_indices"": [3], ""ska_n_heads"": 2, ""ska_overlap_fraction"": 0.5, ""ska_power_K"": 2, ""ska_rank"": 32, ""ska_ridge"": 0.001, ""ska_scale"": 1.5, ""tie_embeddings"": true, ""vocab_size"": 50257}",4,128,16,0.0,39278.40578728079,845.9182516461877,64,6.188708782196045,0.002848894718046799,2,1.0,4.0,mamba_attn,0.0,0.0,0.0,0.0,0.0,103213.57499854935,33369.75645635345,39108.5612453575,42743.13459449734,36819.90760126231,4,1168132,7601028,1,194,-0.33702113628387453,COMPLETE,,0.01395879393940584,0.09923290458436933,3108.555012360198,1077.6620342875706,1086.6461260145861,858.1814681462755,948.8763470589621
0.25,late,"{""d_conv"": 4, ""d_model"": 128, ""d_state"": 16, ""mamba_expand"": 2, ""max_seq_len"": 128, ""mlp_expand"": 4.0, ""mlp_gated"": false, ""mlp_spectral_norm"": true, ""n_layers"": 6, ""ska_backend"": ""auto"", ""ska_chunk_size"": 64, ""ska_chunk_strategy"": ""standard"", ""ska_decay_alpha"": 0.95, ""ska_layer_indices"": [4, 5], ""ska_n_heads"": 4, ""ska_overlap_fraction"": 0.5, ""ska_power_K"": 2, ""ska_rank"": 32, ""ska_ridge"": 0.001, ""ska_scale"": 1.5, ""tie_embeddings"": true, ""vocab_size"": 50257}",4,128,16,0.0,55116.577422110364,831.015371917412,32,6.246603012084961,0.002772568351147212,2,1.0,4.0,mamba_attn,0.0,0.0,0.0,0.0,0.0,300340.1361150884,61099.78778267419,42173.027327310454,53168.72284211688,60980.5687224234,6,1732528,8165424,2,195,-0.3361324146389961,COMPLETE,,0.0001555888708677563,0.09395213105977858,2965.1189172939153,1076.4465201331202,1076.3371949790721,810.0572554245476,916.955760157609
0.25,late,"{""d_conv"": 4, ""d_model"": 128, ""d_state"": 16, ""mamba_expand"": 2, ""max_seq_len"": 128, ""mlp_expand"": 4.0, ""mlp_gated"": false, ""mlp_spectral_norm"": true, ""n_layers"": 6, ""ska_backend"": ""auto"", ""ska_chunk_size"": 64, ""ska_chunk_strategy"": ""standard"", ""ska_decay_alpha"": 0.95, ""ska_layer_indices"": [4, 5], ""ska_n_heads"": 4, ""ska_overlap_fraction"": 0.5, ""ska_power_K"": 2, ""ska_rank"": 32, ""ska_ridge"": 0.001, ""ska_scale"": 1.5, ""tie_embeddings"": true, ""vocab_size"": 50257}",4,128,16,0.0,34893.38296070515,812.6307722010451,32,6.170939922332764,0.0029162325435314385,2,1.0,4.0,mamba_attn,0.0,0.0,0.0,0.0,0.0,1251121.3426275156,55421.86623178416,31779.514034976695,33680.779661660155,34282.24334934373,6,1732528,8165424,2,196,-0.33501384258270267,COMPLETE,,0.001665427191170124,0.09633126250119099,2748.1973224893745,1039.3014490721687,1043.160223637948,796.7519674980973,902.2016567640761
0.25,late,,4,128,16,,,,64,,,2,,4.0,mamba_attn,,,,,,,,,,,8,,,,197,,PRUNED,,,,,,,,
0.25,late,"{""d_conv"": 4, ""d_model"": 64, ""d_state"": 16, ""mamba_expand"": 2, ""max_seq_len"": 128, ""mlp_expand"": 4.0, ""mlp_gated"": false, ""mlp_spectral_norm"": true, ""n_layers"": 6, ""ska_backend"": ""auto"", ""ska_chunk_size"": 64, ""ska_chunk_strategy"": ""standard"", ""ska_decay_alpha"": 0.95, ""ska_layer_indices"": [4, 5], ""ska_n_heads"": 2, ""ska_overlap_fraction"": 0.5, ""ska_power_K"": 2, ""ska_rank"": 32, ""ska_ridge"": 0.001, ""ska_scale"": 1.5, ""tie_embeddings"": true, ""vocab_size"": 50257}",4,64,16,0.0,28557.477001441468,1100.8728955339636,32,6.742345809936523,0.0016992116976337077,2,1.0,4.0,mamba_attn,0.0,0.0,0.0,0.0,0.0,3185892.9350276263,59321.2374279955,26832.99847082391,28914.39151828027,28272.186440404188,6,440088,3656536,2,198,-0.35019293427467346,COMPLETE,,0.0007199147249905719,0.11974851300599139,25562.243032915405,1827.5480883084792,1423.1562506401326,1111.3614443975082,1183.764481320316
0.25,late,,4,384,16,,,,64,,,2,,4.0,mamba_attn,,,,,,,,,,,6,,,,199,,PRUNED,,,,,,,,
0.25,late,"{""d_conv"": 4, ""d_model"": 128, ""d_state"": 16, ""mamba_expand"": 2, ""max_seq_len"": 128, ""mlp_expand"": 2.0, ""mlp_gated"": false, ""mlp_spectral_norm"": true, ""n_layers"": 6, ""ska_backend"": ""auto"", ""ska_chunk_size"": 64, ""ska_chunk_strategy"": ""standard"", ""ska_decay_alpha"": 0.95, ""ska_layer_indices"": [4, 5], ""ska_n_heads"": 2, ""ska_overlap_fraction"": 0.5, ""ska_power_K"": 2, ""ska_rank"": 32, ""ska_ridge"": 0.001, ""ska_scale"": 1.5, ""tie_embeddings"": true, ""vocab_size"": 50257}",4,128,16,0.0,31290.637762003927,813.975295700104,64,6.232378959655762,0.002996859612744948,2,1.0,2.0,mamba_attn,0.0,0.0,0.0,0.0,0.0,61413.84792846712,32700.367703010324,31115.425885484496,28734.941658904772,29850.44653857186,6,1142704,7575600,2,200,-0.33509650081396103,COMPLETE,,0.0018648177916873508,0.0972005358583114,2862.1361351616497,1098.849418879498,1058.322330847324,800.3352471111771,902.9681742305673
0.25,late,"{""d_conv"": 4, ""d_model"": 128, ""d_state"": 32, ""mamba_expand"": 2, ""max_seq_len"": 128, ""mlp_expand"": 2.0, ""mlp_gated"": false, ""mlp_spectral_norm"": true, ""n_layers"": 6, ""ska_backend"": ""auto"", ""ska_chunk_size"": 64, ""ska_chunk_strategy"": ""standard"", ""ska_decay_alpha"": 0.95, ""ska_layer_indices"": [4, 5], ""ska_n_heads"": 2, ""ska_overlap_fraction"": 0.5, ""ska_power_K"": 2, ""ska_rank"": 32, ""ska_ridge"": 0.001, ""ska_scale"": 1.5, ""tie_embeddings"": true, ""vocab_size"": 50257}",4,128,32,0.0,31463.955518713254,832.621920418268,64,6.275763988494873,0.0029761531816271504,2,1.0,2.0,mamba_attn,0.0,0.0,0.0,0.0,0.0,107876.80031951358,27312.17604254268,26803.53504595228,29013.38909384649,32856.41688330535,6,1159728,7592624,2,201,-0.336228983104229,COMPLETE,,0.0011764772516859485,0.09559812083354577,2783.9215146158162,1059.8820826317958,1052.585711354514,825.9957019404137,918.332454470238
0.25,late,"{""d_conv"": 4, ""d_model"": 128, ""d_state"": 32, ""mamba_expand"": 2, ""max_seq_len"": 128, ""mlp_expand"": 2.0, ""mlp_gated"": false, ""mlp_spectral_norm"": true, ""n_layers"": 6, ""ska_backend"": ""auto"", ""ska_chunk_size"": 64, ""ska_chunk_strategy"": ""standard"", ""ska_decay_alpha"": 0.95, ""ska_layer_indices"": [4, 5], ""ska_n_heads"": 2, ""ska_overlap_fraction"": 0.5, ""ska_power_K"": 2, ""ska_rank"": 32, ""ska_ridge"": 0.001, ""ska_scale"": 1.5, ""tie_embeddings"": true, ""vocab_size"": 50257}",4,128,32,0.0,29834.964178351074,820.8517058025071,64,6.005641460418701,0.0029424709652694147,2,1.0,2.0,mamba_attn,0.0,0.0,0.0,0.0,0.0,94206.74587979839,19638.631617739928,27106.247930880363,28127.60720795322,30700.408816960626,6,1159728,7592624,2,202,-0.33551712334156036,COMPLETE,,0.0005027107825222692,0.1002934122875678,2853.5547097026815,1037.1585538666811,1032.2527018061164,829.7718270949708,910.4426129342237
0.25,late,"{""d_conv"": 4, ""d_model"": 64, ""d_state"": 32, ""mamba_expand"": 2, ""max_seq_len"": 128, ""mlp_expand"": 2.0, ""mlp_gated"": false, ""mlp_spectral_norm"": true, ""n_layers"": 6, ""ska_backend"": ""auto"", ""ska_chunk_size"": 64, ""ska_chunk_strategy"": ""standard"", ""ska_decay_alpha"": 0.95, ""ska_layer_indices"": [4, 5], ""ska_n_heads"": 1, ""ska_overlap_fraction"": 0.5, ""ska_power_K"": 2, ""ska_rank"": 32, ""ska_ridge"": 0.001, ""ska_scale"": 1.5, ""tie_embeddings"": true, ""vocab_size"": 50257}",4,64,32,0.0,37408.86868615683,930.4896682182523,64,6.586940765380859,0.0028947042290134377,2,1.0,2.0,mamba_attn,0.0,0.0,0.0,0.0,0.0,210209.3830276838,57482.079401444986,34240.42043962688,35060.96737220417,34907.22890709156,6,301464,3517912,2,203,-0.3417855486273766,COMPLETE,,0.00017502855931853314,0.10169202959388486,2734.656897364044,1117.8178180794075,1162.2043227388529,936.0788547239637,994.4292845018985
0.25,late,"{""d_conv"": 4, ""d_model"": 128, ""d_state"": 32, ""mamba_expand"": 2, ""max_seq_len"": 128, ""mlp_expand"": 2.0, ""mlp_gated"": false, ""mlp_spectral_norm"": true, ""n_layers"": 6, ""ska_backend"": ""auto"", ""ska_chunk_size"": 64, ""ska_chunk_strategy"": ""standard"", ""ska_decay_alpha"": 0.95, ""ska_layer_indices"": [4, 5], ""ska_n_heads"": 2, ""ska_overlap_fraction"": 0.5, ""ska_power_K"": 2, ""ska_rank"": 32, ""ska_ridge"": 0.001, ""ska_scale"": 1.5, ""tie_embeddings"": true, ""vocab_size"": 50257}",4,128,32,0.0,44043.458952414614,820.641544147461,64,6.0877766609191895,0.0029809434777381023,2,1.0,2.0,mamba_attn,0.0,0.0,0.0,0.0,0.0,107037.29639913974,63046.99894151365,33439.07712061262,35630.490722902985,48748.68948716045,6,1159728,7592624,2,204,-0.3355043202638626,COMPLETE,,0.00010038737149453691,0.10056331937113372,2607.7902703610976,1040.0675224797988,1049.1387152932434,828.6170886578625,911.6581273831388
0.25,late,"{""d_conv"": 4, ""d_model"": 128, ""d_state"": 32, ""mamba_expand"": 2, ""max_seq_len"": 128, ""mlp_expand"": 4.0, ""mlp_gated"": false, ""mlp_spectral_norm"": true, ""n_layers"": 2, ""ska_backend"": ""auto"", ""ska_chunk_size"": 64, ""ska_chunk_strategy"": ""standard"", ""ska_decay_alpha"": 0.95, ""ska_layer_indices"": [1], ""ska_n_heads"": 4, ""ska_overlap_fraction"": 0.5, ""ska_power_K"": 2, ""ska_rank"": 32, ""ska_ridge"": 0.001, ""ska_scale"": 1.5, ""tie_embeddings"": true, ""vocab_size"": 50257}",4,128,32,0.0,44047.491436102675,1229.4618612710856,32,6.805558204650879,0.0016498129819774794,2,1.0,4.0,mamba_attn,0.0,0.0,0.0,0.0,0.0,13161708.03884213,209876.06334648223,50616.417035712744,37190.31700959481,53815.163015385704,2,568908,7001804,1,205,-0.3557165920734406,COMPLETE,,0.0008232443414364164,0.10401410146069257,39557.835718036884,2113.9419871901005,1619.3523984761628,1188.324931023531,1355.3711618612435
0.25,late,"{""d_conv"": 4, ""d_model"": 128, ""d_state"": 32, ""mamba_expand"": 2, ""max_seq_len"": 128, ""mlp_expand"": 4.0, ""mlp_gated"": false, ""mlp_spectral_norm"": true, ""n_layers"": 2, ""ska_backend"": ""auto"", ""ska_chunk_size"": 64, ""ska_chunk_strategy"": ""standard"", ""ska_decay_alpha"": 0.95, ""ska_layer_indices"": [1], ""ska_n_heads"": 2, ""ska_overlap_fraction"": 0.5, ""ska_power_K"": 2, ""ska_rank"": 32, ""ska_ridge"": 0.001, ""ska_scale"": 1.5, ""tie_embeddings"": true, ""vocab_size"": 50257}",4,128,32,0.0,42885.552781718005,1135.5985178280494,64,6.822591781616211,0.0017675507576073105,2,1.0,4.0,mamba_attn,0.0,0.0,0.0,0.0,0.0,17631200.814700413,74025.00371273936,41211.179423057336,36422.051750025494,43336.816248278985,2,568908,7001804,1,206,-0.3517457559704781,COMPLETE,,0.0007430675050873085,0.09684824914597985,29970.321703572383,1874.4236763727808,1472.4993548513048,1196.1484958939532,1272.726187252232
0.25,late,"{""d_conv"": 3, ""d_model"": 128, ""d_state"": 32, ""mamba_expand"": 2, ""max_seq_len"": 128, ""mlp_expand"": 4.0, ""mlp_gated"": false, ""mlp_spectral_norm"": true, ""n_layers"": 6, ""ska_backend"": ""auto"", ""ska_chunk_size"": 64, ""ska_chunk_strategy"": ""standard"", ""ska_decay_alpha"": 0.95, ""ska_layer_indices"": [4, 5], ""ska_n_heads"": 4, ""ska_overlap_fraction"": 0.5, ""ska_power_K"": 2, ""ska_rank"": 32, ""ska_ridge"": 0.001, ""ska_scale"": 1.5, ""tie_embeddings"": true, ""vocab_size"": 50257}",3,128,32,0.0,46076.92802176397,1012.7437098446234,32,6.4844536781311035,0.0017550580859800162,2,1.0,4.0,mamba_attn,0.0,0.0,0.0,0.0,0.0,17500401.38646261,94137.7720603939,38596.35364894192,58723.23890977881,56404.69153027346,6,1748272,8181168,2,207,-0.34602092355489733,COMPLETE,,0.0002639071387076711,0.09618198637863415,21003.72419902138,1804.7182532431034,1356.5484077752867,1008.7306094986137,1122.6595403686138
0.25,late,,4,128,32,,,,64,,,2,,2.0,mamba_attn,,,,,,,,,,,12,,,,208,,PRUNED,,,,,,,,
0.25,late,"{""d_conv"": 4, ""d_model"": 128, ""d_state"": 32, ""mamba_expand"": 2, ""max_seq_len"": 128, ""mlp_expand"": 2.0, ""mlp_gated"": false, ""mlp_spectral_norm"": true, ""n_layers"": 6, ""ska_backend"": ""auto"", ""ska_chunk_size"": 64, ""ska_chunk_strategy"": ""standard"", ""ska_decay_alpha"": 0.95, ""ska_layer_indices"": [4, 5], ""ska_n_heads"": 4, ""ska_overlap_fraction"": 0.5, ""ska_power_K"": 2, ""ska_rank"": 32, ""ska_ridge"": 0.001, ""ska_scale"": 1.5, ""tie_embeddings"": true, ""vocab_size"": 50257}",4,128,32,0.0,41001.68359775003,813.9585576078194,32,6.3626556396484375,0.0029846289700916186,2,1.0,2.0,mamba_attn,0.0,0.0,0.0,0.0,0.0,2323463.076231261,88520.65653513762,49179.033154301265,41574.98346100563,46120.5394914866,6,1159728,7592624,2,209,-0.33509547263383865,COMPLETE,,0.0026611128477680938,0.0920855312356336,2549.98466808314,1050.7071020293847,1046.4345041168017,804.3234487607713,895.6680558480068
0.25,late,,2,384,32,,,,64,,,2,,2.0,mamba_attn,,,,,,,,,,,6,,,,210,,PRUNED,,,,,,,,
0.25,late,"{""d_conv"": 4, ""d_model"": 128, ""d_state"": 32, ""mamba_expand"": 2, ""max_seq_len"": 128, ""mlp_expand"": 2.0, ""mlp_gated"": false, ""mlp_spectral_norm"": true, ""n_layers"": 6, ""ska_backend"": ""auto"", ""ska_chunk_size"": 64, ""ska_chunk_strategy"": ""standard"", ""ska_decay_alpha"": 0.95, ""ska_layer_indices"": [4, 5], ""ska_n_heads"": 4, ""ska_overlap_fraction"": 0.5, ""ska_power_K"": 2, ""ska_rank"": 32, ""ska_ridge"": 0.001, ""ska_scale"": 1.5, ""tie_embeddings"": true, ""vocab_size"": 50257}",4,128,32,0.0,32300.662427058905,1040.1350348902065,32,6.737155437469482,0.0017658021924773478,2,1.0,2.0,mamba_attn,0.0,0.0,0.0,0.0,0.0,75786642.68341482,74833.61496471036,33652.0119911956,31993.59532400144,35547.94740514247,6,1159728,7592624,2,211,-0.34735529124736786,COMPLETE,,0.0017152839889483414,0.0931199446109994,23686.39037058518,1796.611354841867,1388.6764742549346,1066.2344791055934,1152.6320855978283
0.25,late,,4,384,128,,,,32,,,2,,4.0,mamba_attn,,,,,,,,,,,6,,,,212,,PRUNED,,,,,,,,
0.25,late,,4,192,32,,,,64,,,2,,2.0,mamba_attn,,,,,,,,,,,6,,,,213,,PRUNED,,,,,,,,
0.25,late,,4,384,32,,,,64,,,2,,4.0,mamba_attn,,,,,,,,,,,4,,,,214,,PRUNED,,,,,,,,
0.25,late,,4,256,16,,,,32,,,2,,2.0,mamba_attn,,,,,,,,,,,6,,,,215,,PRUNED,,,,,,,,
0.25,late,"{""d_conv"": 4, ""d_model"": 128, ""d_state"": 16, ""mamba_expand"": 2, ""max_seq_len"": 128, ""mlp_expand"": 4.0, ""mlp_gated"": false, ""mlp_spectral_norm"": true, ""n_layers"": 6, ""ska_backend"": ""auto"", ""ska_chunk_size"": 64, ""ska_chunk_strategy"": ""standard"", ""ska_decay_alpha"": 0.95, ""ska_layer_indices"": [4, 5], ""ska_n_heads"": 2, ""ska_overlap_fraction"": 0.5, ""ska_power_K"": 2, ""ska_rank"": 32, ""ska_ridge"": 0.001, ""ska_scale"": 1.5, ""tie_embeddings"": true, ""vocab_size"": 50257}",4,128,16,0.0,43664.71659101215,816.5317415874356,64,6.163768768310547,0.002904688593303278,2,1.0,4.0,mamba_attn,0.0,0.0,0.0,0.0,0.0,140029.63741381376,50789.718367930516,44094.564367924046,41696.96376520317,53802.02615153898,6,1732528,8165424,2,216,-0.3352532893419266,COMPLETE,,0.0009081800772129953,0.1276904426346132,2600.376873789871,1089.6780469236198,1050.6206802911784,809.9640742566222,895.9618336584529
0.25,late,"{""d_conv"": 4, ""d_model"": 128, ""d_state"": 64, ""mamba_expand"": 2, ""max_seq_len"": 128, ""mlp_expand"": 4.0, ""mlp_gated"": false, ""mlp_spectral_norm"": true, ""n_layers"": 6, ""ska_backend"": ""auto"", ""ska_chunk_size"": 64, ""ska_chunk_strategy"": ""standard"", ""ska_decay_alpha"": 0.95, ""ska_layer_indices"": [4, 5], ""ska_n_heads"": 2, ""ska_overlap_fraction"": 0.5, ""ska_power_K"": 2, ""ska_rank"": 32, ""ska_ridge"": 0.001, ""ska_scale"": 1.5, ""tie_embeddings"": true, ""vocab_size"": 50257}",4,128,64,0.0,29274.873380492667,805.9968082296626,64,6.258574485778809,0.002868877038323017,2,1.0,4.0,mamba_attn,0.0,0.0,0.0,0.0,0.0,912662.1924092306,35717.58549924967,26055.098557306334,27620.633400474293,30084.56649242976,6,1783600,8216496,2,217,-0.3346039891242981,COMPLETE,,0.0018321623930219917,0.1336187542433746,2701.0523934559847,1045.4368974927088,1012.7024517344802,809.0423034902888,894.213509403074
,,,4,128,64,,,,32,,,2,,4.0,mamba_only,,,,,,,,,,,12,,,,218,,PRUNED,,,,,,,,
0.25,late,"{""d_conv"": 4, ""d_model"": 128, ""d_state"": 64, ""mamba_expand"": 2, ""max_seq_len"": 128, ""mlp_expand"": 4.0, ""mlp_gated"": false, ""mlp_spectral_norm"": true, ""n_layers"": 6, ""ska_backend"": ""auto"", ""ska_chunk_size"": 64, ""ska_chunk_strategy"": ""standard"", ""ska_decay_alpha"": 0.95, ""ska_layer_indices"": [4, 5], ""ska_n_heads"": 4, ""ska_overlap_fraction"": 0.5, ""ska_power_K"": 2, ""ska_rank"": 32, ""ska_ridge"": 0.001, ""ska_scale"": 1.5, ""tie_embeddings"": true, ""vocab_size"": 50257}",4,128,64,0.0,35291.23001339577,793.5826472801406,32,6.3837456703186035,0.002986905134330332,2,1.0,4.0,mamba_attn,0.0,0.0,0.0,0.0,0.0,343502.0100108872,61789.834561820215,28400.169448415458,33126.24192587173,37344.99211166626,6,1783600,8216496,2,219,-0.33382788449525835,COMPLETE,,0.0010920405592305211,0.13167106066415887,2456.201210487702,1031.31606994075,1019.0239898090061,761.6050170907043,872.6390797826465
0.25,late,,4,128,64,,,,64,,,2,,4.0,mamba_attn,,,,,,,,,,,12,,,,220,,PRUNED,,,,,,,,
0.125,late,"{""d_conv"": 4, ""d_model"": 128, ""d_state"": 64, ""mamba_expand"": 2, ""max_seq_len"": 128, ""mlp_expand"": 2.0, ""mlp_gated"": false, ""mlp_spectral_norm"": true, ""n_layers"": 6, ""ska_backend"": ""auto"", ""ska_chunk_size"": 64, ""ska_chunk_strategy"": ""standard"", ""ska_decay_alpha"": 0.95, ""ska_layer_indices"": [5], ""ska_n_heads"": 2, ""ska_overlap_fraction"": 0.5, ""ska_power_K"": 2, ""ska_rank"": 32, ""ska_ridge"": 0.001, ""ska_scale"": 1.5, ""tie_embeddings"": true, ""vocab_size"": 50257}",4,128,64,0.0,34868.89973871706,821.4574444757822,64,6.209773540496826,0.002813307718911257,2,1.0,2.0,mamba_attn,0.0,0.0,0.0,0.0,0.0,561383.2911755893,54856.479277501036,30517.32410201757,35189.59985887419,37808.272358406735,6,1245628,7678524,1,221,-0.3355540066957474,COMPLETE,,7.59057125664913e-05,0.14051317212996006,2841.9235662865776,1081.7593038802459,1057.458096729829,814.129520666372,901.209508640255
0.125,late,"{""d_conv"": 4, ""d_model"": 128, ""d_state"": 64, ""mamba_expand"": 2, ""max_seq_len"": 128, ""mlp_expand"": 2.667, ""mlp_gated"": false, ""mlp_spectral_norm"": true, ""n_layers"": 6, ""ska_backend"": ""auto"", ""ska_chunk_size"": 64, ""ska_chunk_strategy"": ""standard"", ""ska_decay_alpha"": 0.95, ""ska_layer_indices"": [5], ""ska_n_heads"": 2, ""ska_overlap_fraction"": 0.5, ""ska_power_K"": 2, ""ska_rank"": 32, ""ska_ridge"": 0.001, ""ska_scale"": 1.5, ""tie_embeddings"": true, ""vocab_size"": 50257}",4,128,64,0.0,36944.84473015709,804.1665518192525,64,6.192881107330322,0.002987755276784727,2,1.0,2.667,mamba_attn,0.0,0.0,0.0,0.0,0.0,155017.6011580047,33561.75917887737,36783.96821163175,37536.94979421899,35791.78342621927,6,1540540,7973436,1,222,-0.3344903200864792,COMPLETE,,0.0006384880999140422,0.1491651013921616,2276.566009656966,1024.8491262502653,1046.9842736925752,809.1290125135077,877.9721136608858
0.125,late,"{""d_conv"": 4, ""d_model"": 128, ""d_state"": 64, ""mamba_expand"": 2, ""max_seq_len"": 128, ""mlp_expand"": 2.0, ""mlp_gated"": false, ""mlp_spectral_norm"": true, ""n_layers"": 6, ""ska_backend"": ""auto"", ""ska_chunk_size"": 64, ""ska_chunk_strategy"": ""standard"", ""ska_decay_alpha"": 0.95, ""ska_layer_indices"": [5], ""ska_n_heads"": 2, ""ska_overlap_fraction"": 0.5, ""ska_power_K"": 2, ""ska_rank"": 32, ""ska_ridge"": 0.001, ""ska_scale"": 1.5, ""tie_embeddings"": true, ""vocab_size"": 50257}",4,128,64,0.0,42923.52371457888,811.4476024533085,64,6.2002458572387695,0.002911846157358642,2,1.0,2.0,mamba_attn,0.0,0.0,0.0,0.0,0.0,418153.3522447666,57552.29080032024,48063.26474063323,40935.4197804235,44429.553939258796,6,1245628,7678524,1,223,-0.33494099080562595,COMPLETE,,0.000725162958437533,0.1551450217644796,2858.2195309247827,1014.2555425403224,1016.8107754321242,792.344771352974,901.0754427967179
0.125,late,"{""d_conv"": 4, ""d_model"": 128, ""d_state"": 64, ""mamba_expand"": 2, ""max_seq_len"": 128, ""mlp_expand"": 2.667, ""mlp_gated"": false, ""mlp_spectral_norm"": true, ""n_layers"": 6, ""ska_backend"": ""auto"", ""ska_chunk_size"": 64, ""ska_chunk_strategy"": ""standard"", ""ska_decay_alpha"": 0.95, ""ska_layer_indices"": [5], ""ska_n_heads"": 2, ""ska_overlap_fraction"": 0.5, ""ska_power_K"": 2, ""ska_rank"": 32, ""ska_ridge"": 0.001, ""ska_scale"": 1.5, ""tie_embeddings"": true, ""vocab_size"": 50257}",4,128,64,0.0,72781.78139232041,800.7570350556374,64,6.297537803649902,0.0029572413027070857,2,1.0,2.667,mamba_attn,0.0,0.0,0.0,0.0,0.0,2454964.961665754,105622.52718561738,58266.25103902444,74187.83513521933,72610.95565377898,6,1540540,7973436,1,224,-0.3342778787016869,COMPLETE,,0.0035239533637921082,0.16580174657170244,2500.6286222069584,1023.4846462998415,985.4499652146959,779.8647909270819,878.3041656706865
0.25,late,"{""d_conv"": 4, ""d_model"": 128, ""d_state"": 64, ""mamba_expand"": 2, ""max_seq_len"": 128, ""mlp_expand"": 2.667, ""mlp_gated"": false, ""mlp_spectral_norm"": true, ""n_layers"": 6, ""ska_backend"": ""auto"", ""ska_chunk_size"": 64, ""ska_chunk_strategy"": ""standard"", ""ska_decay_alpha"": 0.95, ""ska_layer_indices"": [4, 5], ""ska_n_heads"": 2, ""ska_overlap_fraction"": 0.5, ""ska_power_K"": 2, ""ska_rank"": 32, ""ska_ridge"": 0.001, ""ska_scale"": 1.5, ""tie_embeddings"": true, ""vocab_size"": 50257}",4,128,64,0.0,42623.2965435687,805.8264002546209,64,6.198147773742676,0.0028907466363401906,2,1.0,2.667,mamba_attn,0.0,0.0,0.0,0.0,0.0,231490.68679570124,58845.227631332724,37601.154701867905,43052.0882240058,44750.69725448825,6,1488688,7921584,2,225,-0.3345934167504311,COMPLETE,,6.531524247723472e-05,0.15556685660520408,2748.577704776666,1058.4295738557862,1028.3810689149532,820.171663635623,901.6303127004852
0.125,late,"{""d_conv"": 4, ""d_model"": 128, ""d_state"": 64, ""mamba_expand"": 2, ""max_seq_len"": 128, ""mlp_expand"": 2.667, ""mlp_gated"": false, ""mlp_spectral_norm"": true, ""n_layers"": 6, ""ska_backend"": ""auto"", ""ska_chunk_size"": 64, ""ska_chunk_strategy"": ""standard"", ""ska_decay_alpha"": 0.95, ""ska_layer_indices"": [5], ""ska_n_heads"": 2, ""ska_overlap_fraction"": 0.5, ""ska_power_K"": 2, ""ska_rank"": 32, ""ska_ridge"": 0.001, ""ska_scale"": 1.5, ""tie_embeddings"": true, ""vocab_size"": 50257}",4,128,64,0.0,40693.78131064103,801.4590281021973,64,6.366517543792725,0.0029377196978317035,2,1.0,2.667,mamba_attn,0.0,0.0,0.0,0.0,0.0,106880.61826700011,53756.072376887656,32122.735708698478,32640.5463262648,45494.27609315047,6,1540540,7973436,1,226,-0.33432169258594513,COMPLETE,,0.0015606868255326877,0.16420731186290605,2402.003480530782,1025.8093553999888,1040.884661168437,813.5265671058542,885.5873242506628
0.125,late,"{""d_conv"": 4, ""d_model"": 128, ""d_state"": 64, ""mamba_expand"": 2, ""max_seq_len"": 128, ""mlp_expand"": 2.667, ""mlp_gated"": false, ""mlp_spectral_norm"": true, ""n_layers"": 6, ""ska_backend"": ""auto"", ""ska_chunk_size"": 64, ""ska_chunk_strategy"": ""standard"", ""ska_decay_alpha"": 0.95, ""ska_layer_indices"": [5], ""ska_n_heads"": 2, ""ska_overlap_fraction"": 0.5, ""ska_power_K"": 2, ""ska_rank"": 32, ""ska_ridge"": 0.001, ""ska_scale"": 1.5, ""tie_embeddings"": true, ""vocab_size"": 50257}",4,128,64,0.0,32072.778882172035,792.472980579649,64,6.123504638671875,0.0029486609735706274,2,1.0,2.667,mamba_attn,0.0,0.0,0.0,0.0,0.0,374921.7648986546,51918.05426291553,28914.39151828027,28148.21602901813,34728.71917728994,6,1540540,7973436,1,227,-0.333757920563221,COMPLETE,,0.00012925911581806798,0.16063615073339027,2282.4875093483925,1005.0353760315779,1028.8561022374902,798.2007819626763,897.3442336212432
0.125,late,"{""d_conv"": 4, ""d_model"": 128, ""d_state"": 64, ""mamba_expand"": 2, ""max_seq_len"": 128, ""mlp_expand"": 2.667, ""mlp_gated"": false, ""mlp_spectral_norm"": true, ""n_layers"": 6, ""ska_backend"": ""auto"", ""ska_chunk_size"": 64, ""ska_chunk_strategy"": ""standard"", ""ska_decay_alpha"": 0.95, ""ska_layer_indices"": [5], ""ska_n_heads"": 2, ""ska_overlap_fraction"": 0.5, ""ska_power_K"": 2, ""ska_rank"": 32, ""ska_ridge"": 0.001, ""ska_scale"": 1.5, ""tie_embeddings"": true, ""vocab_size"": 50257}",4,128,64,0.0,33649.95809806607,1005.8787696289587,64,6.396278381347656,0.00173332333057819,2,1.0,2.667,mamba_attn,0.0,0.0,0.0,0.0,0.0,16558937.155615712,124971.35671544765,40217.22965829196,34949.86628900165,34027.91592854408,6,1540540,7973436,1,228,-0.34568084180355074,COMPLETE,,0.00021092379972193626,0.17566092719667226,22059.94338399557,1622.3641389897014,1341.6948211719086,976.026606874312,1080.9312092084533
0.125,late,,4,256,64,,,,64,,,2,,2.667,mamba_attn,,,,,,,,,,,6,,,,229,,PRUNED,,,,,,,,
0.125,late,,4,128,64,,,,64,,,2,,2.667,mamba_attn,,,,,,,,,,,8,,,,230,,PRUNED,,,,,,,,
0.125,late,"{""d_conv"": 4, ""d_model"": 128, ""d_state"": 64, ""mamba_expand"": 2, ""max_seq_len"": 128, ""mlp_expand"": 2.667, ""mlp_gated"": false, ""mlp_spectral_norm"": true, ""n_layers"": 4, ""ska_backend"": ""auto"", ""ska_chunk_size"": 64, ""ska_chunk_strategy"": ""standard"", ""ska_decay_alpha"": 0.95, ""ska_layer_indices"": [3], ""ska_n_heads"": 2, ""ska_overlap_fraction"": 0.5, ""ska_power_K"": 2, ""ska_rank"": 32, ""ska_ridge"": 0.001, ""ska_scale"": 1.5, ""tie_embeddings"": true, ""vocab_size"": 50257}",4,128,64,0.0,49087.56799105056,807.2412892344562,64,6.22794771194458,0.002929303046419184,2,1.0,2.667,mamba_attn,0.0,0.0,0.0,0.0,0.0,3027409.2339682537,95224.18739766302,53246.66378518236,41656.263950217275,62495.302924196956,4,1009828,7442724,1,231,-0.3346811309456825,COMPLETE,,0.0006989084398010344,0.1585406702184181,2510.0722733300877,1030.6458825788447,1014.4168475484164,811.2973430619022,884.0435454235799
0.125,late,"{""d_conv"": 4, ""d_model"": 128, ""d_state"": 64, ""mamba_expand"": 2, ""max_seq_len"": 128, ""mlp_expand"": 2.0, ""mlp_gated"": false, ""mlp_spectral_norm"": true, ""n_layers"": 8, ""ska_backend"": ""auto"", ""ska_chunk_size"": 64, ""ska_chunk_strategy"": ""standard"", ""ska_decay_alpha"": 0.95, ""ska_layer_indices"": [7], ""ska_n_heads"": 2, ""ska_overlap_fraction"": 0.5, ""ska_power_K"": 2, ""ska_rank"": 32, ""ska_ridge"": 0.001, ""ska_scale"": 1.5, ""tie_embeddings"": true, ""vocab_size"": 50257}",4,128,64,0.0,42462.30712912446,788.3404978835316,64,6.111067771911621,0.002957215361732634,2,1.0,2.0,mamba_attn,0.0,0.0,0.0,0.0,0.0,668288.7275036116,63844.70851735335,42291.599418314705,41926.642281416505,50302.27904275489,8,1678036,8110932,1,232,-0.333496505022049,COMPLETE,,5.23300528798825e-05,0.16067194288739267,2467.2423349164183,1021.5868517543365,1029.3903781996628,789.9025399461724,858.5162695177559
0.125,late,"{""d_conv"": 4, ""d_model"": 128, ""d_state"": 64, ""mamba_expand"": 2, ""max_seq_len"": 128, ""mlp_expand"": 2.0, ""mlp_gated"": false, ""mlp_spectral_norm"": true, ""n_layers"": 8, ""ska_backend"": ""auto"", ""ska_chunk_size"": 64, ""ska_chunk_strategy"": ""standard"", ""ska_decay_alpha"": 0.95, ""ska_layer_indices"": [7], ""ska_n_heads"": 2, ""ska_overlap_fraction"": 0.5, ""ska_power_K"": 2, ""ska_rank"": 32, ""ska_ridge"": 0.001, ""ska_scale"": 1.5, ""tie_embeddings"": true, ""vocab_size"": 50257}",4,128,64,0.0,28672.747683857593,789.813936854747,64,6.111255168914795,0.002956271344292862,2,1.0,2.0,mamba_attn,0.0,0.0,0.0,0.0,0.0,56791.59138122847,48683.2749700709,27392.309508983886,28182.5976248793,31853.306946150078,8,1678036,8110932,1,233,-0.33358986973762517,COMPLETE,,0.0014563231672609198,0.16251326511934588,2425.719457509298,976.2234933636083,1008.3455220817885,780.1881976363057,886.7568639203669
0.125,late,"{""d_conv"": 4, ""d_model"": 128, ""d_state"": 64, ""mamba_expand"": 2, ""max_seq_len"": 128, ""mlp_expand"": 2.0, ""mlp_gated"": false, ""mlp_spectral_norm"": true, ""n_layers"": 8, ""ska_backend"": ""auto"", ""ska_chunk_size"": 64, ""ska_chunk_strategy"": ""standard"", ""ska_decay_alpha"": 0.95, ""ska_layer_indices"": [7], ""ska_n_heads"": 2, ""ska_overlap_fraction"": 0.5, ""ska_power_K"": 2, ""ska_rank"": 32, ""ska_ridge"": 0.001, ""ska_scale"": 1.5, ""tie_embeddings"": true, ""vocab_size"": 50257}",4,128,64,0.0,43944.1077992704,997.0821837360139,64,6.636007785797119,0.0017230060558040142,2,1.0,2.0,mamba_attn,0.0,0.0,0.0,0.0,0.0,15462914.129056944,123349.65441757301,47248.84998812348,37596.56499730212,49017.21087715431,8,1678036,8110932,1,234,-0.34524165987968447,COMPLETE,,0.0001334661312101578,0.1618599017785694,18658.633593581933,1707.4953682943512,1290.8012970794998,975.7354226680827,1083.9988724241498
0.125,late,"{""d_conv"": 4, ""d_model"": 128, ""d_state"": 64, ""mamba_expand"": 2, ""max_seq_len"": 128, ""mlp_expand"": 2.667, ""mlp_gated"": false, ""mlp_spectral_norm"": true, ""n_layers"": 2, ""ska_backend"": ""auto"", ""ska_chunk_size"": 64, ""ska_chunk_strategy"": ""standard"", ""ska_decay_alpha"": 0.95, ""ska_layer_indices"": [1], ""ska_n_heads"": 2, ""ska_overlap_fraction"": 0.5, ""ska_power_K"": 2, ""ska_rank"": 32, ""ska_ridge"": 0.001, ""ska_scale"": 1.5, ""tie_embeddings"": true, ""vocab_size"": 50257}",4,128,64,0.0,30463.355619040114,900.6691507088148,64,6.4783101081848145,0.002960583744395221,2,1.0,2.667,mamba_attn,0.0,0.0,0.0,0.0,0.0,99989.19236829376,29006.306611495766,23253.227503823135,28914.39151828027,34504.75912170485,2,479116,6912012,1,235,-0.34015689939260485,COMPLETE,,0.0007392262448073554,0.15828054953725088,2741.6238263651126,1111.3993356413848,1119.382784638277,906.9807069654695,982.9285457228672
0.125,late,"{""d_conv"": 4, ""d_model"": 128, ""d_state"": 64, ""mamba_expand"": 2, ""max_seq_len"": 128, ""mlp_expand"": 2.667, ""mlp_gated"": false, ""mlp_spectral_norm"": true, ""n_layers"": 4, ""ska_backend"": ""auto"", ""ska_chunk_size"": 64, ""ska_chunk_strategy"": ""standard"", ""ska_decay_alpha"": 0.95, ""ska_layer_indices"": [3], ""ska_n_heads"": 2, ""ska_overlap_fraction"": 0.5, ""ska_power_K"": 2, ""ska_rank"": 32, ""ska_ridge"": 0.001, ""ska_scale"": 1.5, ""tie_embeddings"": true, ""vocab_size"": 50257}",4,128,64,0.0,71084.94571277598,1013.9337346902786,64,6.5235981941223145,0.0018266915399734929,2,1.0,2.667,mamba_attn,0.0,0.0,0.0,0.0,0.0,37558348.812144406,202156.38802699852,90686.25969240816,59538.876553627706,81908.20862150197,4,1009828,7442724,1,236,-0.3460796415805817,COMPLETE,,0.002234873349531888,0.1543122833137613,19539.30232332954,1663.2068138492907,1285.7721585263612,1032.4326225949192,1098.471045092234
0.125,late,"{""d_conv"": 4, ""d_model"": 64, ""d_state"": 64, ""mamba_expand"": 2, ""max_seq_len"": 128, ""mlp_expand"": 2.667, ""mlp_gated"": false, ""mlp_spectral_norm"": true, ""n_layers"": 6, ""ska_backend"": ""auto"", ""ska_chunk_size"": 64, ""ska_chunk_strategy"": ""standard"", ""ska_decay_alpha"": 0.95, ""ska_layer_indices"": [5], ""ska_n_heads"": 1, ""ska_overlap_fraction"": 0.5, ""ska_power_K"": 2, ""ska_rank"": 32, ""ska_ridge"": 0.001, ""ska_scale"": 1.5, ""tie_embeddings"": true, ""vocab_size"": 50257}",4,64,64,0.0,30113.041310891687,880.2322462712806,64,6.716429233551025,0.0029961458646496344,2,1.0,2.667,mamba_attn,0.0,0.0,0.0,0.0,0.0,87649.70420590715,29795.838748695496,25858.64854773096,22948.67833634253,28703.389844236044,6,410782,3627230,1,237,-0.3390092894434929,COMPLETE,,1.2908889103578148e-05,0.171531654740401,2232.828936758723,1054.1150177467568,1081.0053045467337,894.3223531536353,951.8979214990501
0.125,late,"{""d_conv"": 4, ""d_model"": 128, ""d_state"": 64, ""mamba_expand"": 2, ""max_seq_len"": 128, ""mlp_expand"": 2.0, ""mlp_gated"": false, ""mlp_spectral_norm"": true, ""n_layers"": 4, ""ska_backend"": ""auto"", ""ska_chunk_size"": 64, ""ska_chunk_strategy"": ""standard"", ""ska_decay_alpha"": 0.95, ""ska_layer_indices"": [3], ""ska_n_heads"": 2, ""ska_overlap_fraction"": 0.5, ""ska_power_K"": 2, ""ska_rank"": 32, ""ska_ridge"": 0.001, ""ska_scale"": 1.5, ""tie_embeddings"": true, ""vocab_size"": 50257}",4,128,64,0.0,48480.15956569495,821.7545792580171,64,6.35184907913208,0.0029844695210033897,2,1.0,2.0,mamba_attn,0.0,0.0,0.0,0.0,0.0,56687.69801786175,32972.93600195824,35487.24840006266,42065.0562100284,49959.5884473515,4,813220,7246116,1,238,-0.33557208925485615,COMPLETE,,0.00034638670890236494,0.14622329979090357,2556.165714895422,1058.1211218209378,1022.0962737379241,826.1627177713052,915.3232545342531
0.125,late,,4,128,64,,,,64,,,2,,2.667,mamba_attn,,,,,,,,,,,12,,,,239,,PRUNED,,,,,,,,
0.125,middle,,4,384,64,,,,64,,,2,,2.667,mamba_attn,,,,,,,,,,,6,,,,240,,PRUNED,,,,,,,,
0.125,late,"{""d_conv"": 3, ""d_model"": 128, ""d_state"": 64, ""mamba_expand"": 2, ""max_seq_len"": 128, ""mlp_expand"": 2.667, ""mlp_gated"": false, ""mlp_spectral_norm"": true, ""n_layers"": 6, ""ska_backend"": ""auto"", ""ska_chunk_size"": 64, ""ska_chunk_strategy"": ""standard"", ""ska_decay_alpha"": 0.95, ""ska_layer_indices"": [5], ""ska_n_heads"": 2, ""ska_overlap_fraction"": 0.5, ""ska_power_K"": 2, ""ska_rank"": 32, ""ska_ridge"": 0.001, ""ska_scale"": 1.5, ""tie_embeddings"": true, ""vocab_size"": 50257}",3,128,64,0.0,51285.01117255328,1012.9091817132401,64,6.477931022644043,0.0017006586918483044,2,1.0,2.667,mamba_attn,0.0,0.0,0.0,0.0,0.0,1488102.9745576675,55693.14256976362,52858.09827831909,54469.462788721605,64016.396910223855,6,1538620,7971516,1,241,-0.3460290923714638,COMPLETE,,0.00035951919564436246,0.1493700929962571,23512.18881358429,1688.6807001455265,1363.2002398635111,984.2912882215644,1151.7944977235188
0.0,none,"{""d_conv"": 4, ""d_model"": 128, ""d_state"": 32, ""mamba_expand"": 2, ""max_seq_len"": 128, ""mlp_expand"": 2.0, ""mlp_gated"": false, ""mlp_spectral_norm"": true, ""n_layers"": 6, ""ska_backend"": ""auto"", ""ska_chunk_size"": 64, ""ska_chunk_strategy"": ""standard"", ""ska_decay_alpha"": 0.95, ""ska_layer_indices"": [], ""ska_n_heads"": 2, ""ska_overlap_fraction"": 0.5, ""ska_power_K"": 2, ""ska_rank"": 32, ""ska_ridge"": 0.001, ""ska_scale"": 1.5, ""tie_embeddings"": true, ""vocab_size"": 50257}",,128,,0.0,23951.86018951437,1360.7265841210985,64,6.900174617767334,0.002965536483185695,,1.0,2.0,transformer,0.0,0.0,0.0,0.0,0.0,32696.376202532763,22231.763726844063,20331.40217546909,22985.124827786574,24892.316315503987,6,811520,7244416,0,242,-0.36078870445489886,COMPLETE,0.0,0.0010903724863965082,0.19426199364384583,1737.8411655368936,1517.5689880665482,1629.1745001781915,1356.5649026191068,1400.549871672957
